qid,sample_origin,image_id,city,lon,lat,year_month_x,image_filename_original,source_image_path,streetclip_cluster_k25,distance_to_cluster_center_x,distance_layer,cluster_name_cn,questionnaire_image_filename,questionnaire_image_path,original_08B_image_id,replacement_detected,reported_replaced_by_user,reported_vs_detected,final_checked_image_filename,final_checked_image_path,sha256,year_month_y,image_filename,image_path,streetclip_source_path,distance_to_cluster_center_y,resolved_source_image_path,source_sha256,08D_flat_filename,08D_flat_path,final_image_filename,final_image_path,final_freeze_status,final_freeze_source_08D_run
Q001,existing_300,CD_221864,chengdu,103.9997959,30.62838486,202003,cd_221864_103.999795907_30.6283848631.jpg,D:\StreetView_Project\01_Data\Street_Images\chengdu\cd_streetview\cd_221864_103.999795907_30.6283848631.jpg,0,0.2339299619197845,center,开敞混合主干路/绿化背景道路,Q001__cd_221864_103.9997959_30.62838486.jpg,D:\StreetView_Project\03_Output\clip_knn\questionnaire_sample_k25_500_added_200\08F_final500_freeze_run_20260728_145702\01_final_flat_500\Q001__cd_221864_103.9997959_30.62838486.jpg,CD_221864,False,False,not_applicable_existing_300,Q001__Q001_cd_221864_103.999795907_30.6283848631.jpg,D:\StreetView_Project\03_Output\clip_knn\questionnaire_sample_k25_300\02_images_main\_final_flat_300_for_check\Q001__Q001_cd_221864_103.999795907_30.6283848631.jpg,,202003,cd_221864_103.999795907_30.6283848631.jpg,D:\StreetView_Project\01_Data\Street_Images\chengdu\cd_streetview\cd_221864_103.999795907_30.6283848631.jpg,D:\StreetView_Project\01_Data\Street_Images\chengdu\cd_streetview\cd_221864_103.999795907_30.6283848631.jpg,0.2339299619197845,D:\StreetView_Project\03_Output\clip_knn\questionnaire_sample_k25_300\02_images_main\_final_flat_300_for_check\Q001__Q001_cd_221864_103.999795907_30.6283848631.jpg,667ba67cb3cab4c89b09757ec1b213279043fcba18ace6a5de096b6e878dfac5,Q001__cd_221864_103.9997959_30.62838486.jpg,D:\StreetView_Project\03_Output\clip_knn\questionnaire_sample_k25_500_added_200\08D_spatial_visual_proximity_check_run_20260728_143220\01_preliminary_flat_500\Q001__cd_221864_103.9997959_30.62838486.jpg,Q001__cd_221864_103.9997959_30.62838486.jpg,D:\StreetView_Project\03_Output\clip_knn\questionnaire_sample_k25_500_added_200\08F_final500_freeze_run_20260728_145702\01_final_flat_500\Q001__cd_221864_103.9997959_30.62838486.jpg,frozen_08F,D:\StreetView_Project\03_Output\clip_knn\questionnaire_sample_k25_500_added_200\08D_spatial_visual_proximity_check_run_20260728_143220
Q002,existing_300,CD_32881,chengdu,104.1004167,30.71557227,202304,cd_32881_104.100416704_30.7155722739.jpg,D:\StreetView_Project\01_Data\Street_Images\chengdu\cd_streetview\cd_32881_104.100416704_30.7155722739.jpg,0,0.2322474867105484,center,开敞混合主干路/绿化背景道路,Q002__cd_32881_104.1004167_30.71557227.jpg,D:\StreetView_Project\03_Output\clip_knn\questionnaire_sample_k25_500_added_200\08F_final500_freeze_run_20260728_145702\01_final_flat_500\Q002__cd_32881_104.1004167_30.71557227.jpg,CD_32881,False,False,not_applicable_existing_300,Q002__Q002_cd_32881_104.100416704_30.7155722739.jpg,D:\StreetView_Project\03_Output\clip_knn\questionnaire_sample_k25_300\02_images_main\_final_flat_300_for_check\Q002__Q002_cd_32881_104.100416704_30.7155722739.jpg,,202304,cd_32881_104.100416704_30.7155722739.jpg,D:\StreetView_Project\01_Data\Street_Images\chengdu\cd_streetview\cd_32881_104.100416704_30.7155722739.jpg,D:\StreetView_Project\01_Data\Street_Images\chengdu\cd_streetview\cd_32881_104.100416704_30.7155722739.jpg,0.2322474867105484,D:\StreetView_Project\03_Output\clip_knn\questionnaire_sample_k25_300\02_images_main\_final_flat_300_for_check\Q002__Q002_cd_32881_104.100416704_30.7155722739.jpg,26e87fb8b1cad17319c20ffb26dc08674cd639d604dc91547534f8aafb64fd26,Q002__cd_32881_104.1004167_30.71557227.jpg,D:\StreetView_Project\03_Output\clip_knn\questionnaire_sample_k25_500_added_200\08D_spatial_visual_proximity_check_run_20260728_143220\01_preliminary_flat_500\Q002__cd_32881_104.1004167_30.71557227.jpg,Q002__cd_32881_104.1004167_30.71557227.jpg,D:\StreetView_Project\03_Output\clip_knn\questionnaire_sample_k25_500_added_200\08F_final500_freeze_run_20260728_145702\01_final_flat_500\Q002__cd_32881_104.1004167_30.71557227.jpg,frozen_08F,D:\StreetView_Project\03_Output\clip_knn\questionnaire_sample_k25_500_added_200\08D_spatial_visual_proximity_check_run_20260728_143220
Q003,existing_300,CD_417210,chengdu,104.0918842,30.68716627,202304,cd_417210_104.091884218_30.6871662698.jpg,D:\StreetView_Project\01_Data\Street_Images\chengdu\cd_streetview\cd_417210_104.091884218_30.6871662698.jpg,0,0.2432238310575485,center,开敞混合主干路/绿化背景道路,Q003__cd_417210_104.0918842_30.68716627.jpg,D:\StreetView_Project\03_Output\clip_knn\questionnaire_sample_k25_500_added_200\08F_final500_freeze_run_20260728_145702\01_final_flat_500\Q003__cd_417210_104.0918842_30.68716627.jpg,CD_417210,False,False,not_applicable_existing_300,Q003__Q003_cd_417210_104.091884218_30.6871662698.jpg,D:\StreetView_Project\03_Output\clip_knn\questionnaire_sample_k25_300\02_images_main\_final_flat_300_for_check\Q003__Q003_cd_417210_104.091884218_30.6871662698.jpg,,202304,cd_417210_104.091884218_30.6871662698.jpg,D:\StreetView_Project\01_Data\Street_Images\chengdu\cd_streetview\cd_417210_104.091884218_30.6871662698.jpg,D:\StreetView_Project\01_Data\Street_Images\chengdu\cd_streetview\cd_417210_104.091884218_30.6871662698.jpg,0.2432238310575485,D:\StreetView_Project\03_Output\clip_knn\questionnaire_sample_k25_300\02_images_main\_final_flat_300_for_check\Q003__Q003_cd_417210_104.091884218_30.6871662698.jpg,3dc1d1da99ee83e3b575577731e43f1c81c7522bbad92b64ecf2a4cf5f60085a,Q003__cd_417210_104.0918842_30.68716627.jpg,D:\StreetView_Project\03_Output\clip_knn\questionnaire_sample_k25_500_added_200\08D_spatial_visual_proximity_check_run_20260728_143220\01_preliminary_flat_500\Q003__cd_417210_104.0918842_30.68716627.jpg,Q003__cd_417210_104.0918842_30.68716627.jpg,D:\StreetView_Project\03_Output\clip_knn\questionnaire_sample_k25_500_added_200\08F_final500_freeze_run_20260728_145702\01_final_flat_500\Q003__cd_417210_104.0918842_30.68716627.jpg,frozen_08F,D:\StreetView_Project\03_Output\clip_knn\questionnaire_sample_k25_500_added_200\08D_spatial_visual_proximity_check_run_20260728_143220
Q004,existing_300,CD_478379,chengdu,104.1359653,30.61482598,202304,cd_478379_104.135965253_30.6148259809.jpg,D:\StreetView_Project\01_Data\Street_Images\chengdu\cd_streetview\cd_478379_104.135965253_30.6148259809.jpg,0,0.3471705317497253,edge,开敞混合主干路/绿化背景道路,Q004__cd_478379_104.1359653_30.61482598.jpg,D:\StreetView_Project\03_Output\clip_knn\questionnaire_sample_k25_500_added_200\08F_final500_freeze_run_20260728_145702\01_final_flat_500\Q004__cd_478379_104.1359653_30.61482598.jpg,CD_478379,False,False,not_applicable_existing_300,Q004__Q004_cd_478379_104.135965253_30.6148259809.jpg,D:\StreetView_Project\03_Output\clip_knn\questionnaire_sample_k25_300\02_images_main\_final_flat_300_for_check\Q004__Q004_cd_478379_104.135965253_30.6148259809.jpg,,202304,cd_478379_104.135965253_30.6148259809.jpg,D:\StreetView_Project\01_Data\Street_Images\chengdu\cd_streetview\cd_478379_104.135965253_30.6148259809.jpg,D:\StreetView_Project\01_Data\Street_Images\chengdu\cd_streetview\cd_478379_104.135965253_30.6148259809.jpg,0.3471705317497253,D:\StreetView_Project\03_Output\clip_knn\questionnaire_sample_k25_300\02_images_main\_final_flat_300_for_check\Q004__Q004_cd_478379_104.135965253_30.6148259809.jpg,38d591d8c91bbf2ffd46c206f0ac7642191f54d879fb365d264c7f76c0300091,Q004__cd_478379_104.1359653_30.61482598.jpg,D:\StreetView_Project\03_Output\clip_knn\questionnaire_sample_k25_500_added_200\08D_spatial_visual_proximity_check_run_20260728_143220\01_preliminary_flat_500\Q004__cd_478379_104.1359653_30.61482598.jpg,Q004__cd_478379_104.1359653_30.61482598.jpg,D:\StreetView_Project\03_Output\clip_knn\questionnaire_sample_k25_500_added_200\08F_final500_freeze_run_20260728_145702\01_final_flat_500\Q004__cd_478379_104.1359653_30.61482598.jpg,frozen_08F,D:\StreetView_Project\03_Output\clip_knn\questionnaire_sample_k25_500_added_200\08D_spatial_visual_proximity_check_run_20260728_143220
Q005,existing_300,CD_34346,chengdu,104.0491117,30.68947963,202203,cd_34346_104.049111706_30.6894796327.jpg,D:\StreetView_Project\01_Data\Street_Images\chengdu\cd_streetview\cd_34346_104.049111706_30.6894796327.jpg,0,0.2826271057128906,middle,开敞混合主干路/绿化背景道路,Q005__cd_34346_104.0491117_30.68947963.jpg,D:\StreetView_Project\03_Output\clip_knn\questionnaire_sample_k25_500_added_200\08F_final500_freeze_run_20260728_145702\01_final_flat_500\Q005__cd_34346_104.0491117_30.68947963.jpg,CD_34346,False,False,not_applicable_existing_300,Q005__Q005_cd_34346_104.049111706_30.6894796327.jpg,D:\StreetView_Project\03_Output\clip_knn\questionnaire_sample_k25_300\02_images_main\_final_flat_300_for_check\Q005__Q005_cd_34346_104.049111706_30.6894796327.jpg,,202203,cd_34346_104.049111706_30.6894796327.jpg,D:\StreetView_Project\01_Data\Street_Images\chengdu\cd_streetview\cd_34346_104.049111706_30.6894796327.jpg,D:\StreetView_Project\01_Data\Street_Images\chengdu\cd_streetview\cd_34346_104.049111706_30.6894796327.jpg,0.2826271057128906,D:\StreetView_Project\03_Output\clip_knn\questionnaire_sample_k25_300\02_images_main\_final_flat_300_for_check\Q005__Q005_cd_34346_104.049111706_30.6894796327.jpg,01d8b9ae6006b0c82fb9f9dd64262964302d2edd263c6edb3ac9caccc62a3e2a,Q005__cd_34346_104.0491117_30.68947963.jpg,D:\StreetView_Project\03_Output\clip_knn\questionnaire_sample_k25_500_added_200\08D_spatial_visual_proximity_check_run_20260728_143220\01_preliminary_flat_500\Q005__cd_34346_104.0491117_30.68947963.jpg,Q005__cd_34346_104.0491117_30.68947963.jpg,D:\StreetView_Project\03_Output\clip_knn\questionnaire_sample_k25_500_added_200\08F_final500_freeze_run_20260728_145702\01_final_flat_500\Q005__cd_34346_104.0491117_30.68947963.jpg,frozen_08F,D:\StreetView_Project\03_Output\clip_knn\questionnaire_sample_k25_500_added_200\08D_spatial_visual_proximity_check_run_20260728_143220
Q006,existing_300,CD_50290,chengdu,104.0392094,30.62038829,202303,cd_50290_104.03920936_30.6203882927.jpg,D:\StreetView_Project\01_Data\Street_Images\chengdu\cd_streetview\cd_50290_104.03920936_30.6203882927.jpg,0,0.2883488833904266,edge,开敞混合主干路/绿化背景道路,Q006__cd_50290_104.0392094_30.62038829.jpg,D:\StreetView_Project\03_Output\clip_knn\questionnaire_sample_k25_500_added_200\08F_final500_freeze_run_20260728_145702\01_final_flat_500\Q006__cd_50290_104.0392094_30.62038829.jpg,CD_50290,False,False,not_applicable_existing_300,Q006__Q006_cd_50290_104.03920936_30.6203882927.jpg,D:\StreetView_Project\03_Output\clip_knn\questionnaire_sample_k25_300\02_images_main\_final_flat_300_for_check\Q006__Q006_cd_50290_104.03920936_30.6203882927.jpg,,202303,cd_50290_104.03920936_30.6203882927.jpg,D:\StreetView_Project\01_Data\Street_Images\chengdu\cd_streetview\cd_50290_104.03920936_30.6203882927.jpg,D:\StreetView_Project\01_Data\Street_Images\chengdu\cd_streetview\cd_50290_104.03920936_30.6203882927.jpg,0.2883488833904266,D:\StreetView_Project\03_Output\clip_knn\questionnaire_sample_k25_300\02_images_main\_final_flat_300_for_check\Q006__Q006_cd_50290_104.03920936_30.6203882927.jpg,15f4de6eea4e767147fdf7c866ad6eed7538df9d65a1dcb136814b0328ba6489,Q006__cd_50290_104.0392094_30.62038829.jpg,D:\StreetView_Project\03_Output\clip_knn\questionnaire_sample_k25_500_added_200\08D_spatial_visual_proximity_check_run_20260728_143220\01_preliminary_flat_500\Q006__cd_50290_104.0392094_30.62038829.jpg,Q006__cd_50290_104.0392094_30.62038829.jpg,D:\StreetView_Project\03_Output\clip_knn\questionnaire_sample_k25_500_added_200\08F_final500_freeze_run_20260728_145702\01_final_flat_500\Q006__cd_50290_104.0392094_30.62038829.jpg,frozen_08F,D:\StreetView_Project\03_Output\clip_knn\questionnaire_sample_k25_500_added_200\08D_spatial_visual_proximity_check_run_20260728_143220
Q007,existing_300,CD_222881,chengdu,104.0791077,30.62285627,202303,cd_222881_104.079107657_30.6228562662.jpg,D:\StreetView_Project\01_Data\Street_Images\chengdu\cd_streetview\cd_222881_104.079107657_30.6228562662.jpg,1,0.208321675658226,center,高架桥下/立交桥下遮蔽空间,Q007__cd_222881_104.0791077_30.62285627.jpg,D:\StreetView_Project\03_Output\clip_knn\questionnaire_sample_k25_500_added_200\08F_final500_freeze_run_20260728_145702\01_final_flat_500\Q007__cd_222881_104.0791077_30.62285627.jpg,CD_222881,False,False,not_applicable_existing_300,Q007__Q007_cd_222881_104.079107657_30.6228562662.jpg,D:\StreetView_Project\03_Output\clip_knn\questionnaire_sample_k25_300\02_images_main\_final_flat_300_for_check\Q007__Q007_cd_222881_104.079107657_30.6228562662.jpg,,202303,cd_222881_104.079107657_30.6228562662.jpg,D:\StreetView_Project\01_Data\Street_Images\chengdu\cd_streetview\cd_222881_104.079107657_30.6228562662.jpg,D:\StreetView_Project\01_Data\Street_Images\chengdu\cd_streetview\cd_222881_104.079107657_30.6228562662.jpg,0.208321675658226,D:\StreetView_Project\03_Output\clip_knn\questionnaire_sample_k25_300\02_images_main\_final_flat_300_for_check\Q007__Q007_cd_222881_104.079107657_30.6228562662.jpg,25f7bea69c9d69b3843391a8c3d2f3cfeec63649d6205ae2542b214ae09a6a53,Q007__cd_222881_104.0791077_30.62285627.jpg,D:\StreetView_Project\03_Output\clip_knn\questionnaire_sample_k25_500_added_200\08D_spatial_visual_proximity_check_run_20260728_143220\01_preliminary_flat_500\Q007__cd_222881_104.0791077_30.62285627.jpg,Q007__cd_222881_104.0791077_30.62285627.jpg,D:\StreetView_Project\03_Output\clip_knn\questionnaire_sample_k25_500_added_200\08F_final500_freeze_run_20260728_145702\01_final_flat_500\Q007__cd_222881_104.0791077_30.62285627.jpg,frozen_08F,D:\StreetView_Project\03_Output\clip_knn\questionnaire_sample_k25_500_added_200\08D_spatial_visual_proximity_check_run_20260728_143220
Q008,existing_300,CD_222734,chengdu,104.0965224,30.62826857,202303,cd_222734_104.096522449_30.6282685716.jpg,D:\StreetView_Project\01_Data\Street_Images\chengdu\cd_streetview\cd_222734_104.096522449_30.6282685716.jpg,1,0.2443741858005524,center,高架桥下/立交桥下遮蔽空间,Q008__cd_222734_104.0965224_30.62826857.jpg,D:\StreetView_Project\03_Output\clip_knn\questionnaire_sample_k25_500_added_200\08F_final500_freeze_run_20260728_145702\01_final_flat_500\Q008__cd_222734_104.0965224_30.62826857.jpg,CD_222734,False,False,not_applicable_existing_300,Q008__Q008_cd_222734_104.096522449_30.6282685716.jpg,D:\StreetView_Project\03_Output\clip_knn\questionnaire_sample_k25_300\02_images_main\_final_flat_300_for_check\Q008__Q008_cd_222734_104.096522449_30.6282685716.jpg,,202303,cd_222734_104.096522449_30.6282685716.jpg,D:\StreetView_Project\01_Data\Street_Images\chengdu\cd_streetview\cd_222734_104.096522449_30.6282685716.jpg,D:\StreetView_Project\01_Data\Street_Images\chengdu\cd_streetview\cd_222734_104.096522449_30.6282685716.jpg,0.2443741858005524,D:\StreetView_Project\03_Output\clip_knn\questionnaire_sample_k25_300\02_images_main\_final_flat_300_for_check\Q008__Q008_cd_222734_104.096522449_30.6282685716.jpg,e568b27e75dbcd52e82932b1f179f79184a003474c638a54f873df79c740605c,Q008__cd_222734_104.0965224_30.62826857.jpg,D:\StreetView_Project\03_Output\clip_knn\questionnaire_sample_k25_500_added_200\08D_spatial_visual_proximity_check_run_20260728_143220\01_preliminary_flat_500\Q008__cd_222734_104.0965224_30.62826857.jpg,Q008__cd_222734_104.0965224_30.62826857.jpg,D:\StreetView_Project\03_Output\clip_knn\questionnaire_sample_k25_500_added_200\08F_final500_freeze_run_20260728_145702\01_final_flat_500\Q008__cd_222734_104.0965224_30.62826857.jpg,frozen_08F,D:\StreetView_Project\03_Output\clip_knn\questionnaire_sample_k25_500_added_200\08D_spatial_visual_proximity_check_run_20260728_143220
Q009,existing_300,CD_53457,chengdu,104.0234211,30.64420412,202303,cd_53457_104.023421144_30.644204119.jpg,D:\StreetView_Project\01_Data\Street_Images\chengdu\cd_streetview\cd_53457_104.023421144_30.644204119.jpg,1,0.2559649348258972,middle,高架桥下/立交桥下遮蔽空间,Q009__cd_53457_104.0234211_30.64420412.jpg,D:\StreetView_Project\03_Output\clip_knn\questionnaire_sample_k25_500_added_200\08F_final500_freeze_run_20260728_145702\01_final_flat_500\Q009__cd_53457_104.0234211_30.64420412.jpg,CD_53457,False,False,not_applicable_existing_300,Q009__Q009_cd_53457_104.023421144_30.644204119.jpg,D:\StreetView_Project\03_Output\clip_knn\questionnaire_sample_k25_300\02_images_main\_final_flat_300_for_check\Q009__Q009_cd_53457_104.023421144_30.644204119.jpg,,202303,cd_53457_104.023421144_30.644204119.jpg,D:\StreetView_Project\01_Data\Street_Images\chengdu\cd_streetview\cd_53457_104.023421144_30.644204119.jpg,D:\StreetView_Project\01_Data\Street_Images\chengdu\cd_streetview\cd_53457_104.023421144_30.644204119.jpg,0.2559649348258972,D:\StreetView_Project\03_Output\clip_knn\questionnaire_sample_k25_300\02_images_main\_final_flat_300_for_check\Q009__Q009_cd_53457_104.023421144_30.644204119.jpg,fee4313cf7a5607abffcfb1841a604df9cf51e3aae715508da1a1c6c72c95438,Q009__cd_53457_104.0234211_30.64420412.jpg,D:\StreetView_Project\03_Output\clip_knn\questionnaire_sample_k25_500_added_200\08D_spatial_visual_proximity_check_run_20260728_143220\01_preliminary_flat_500\Q009__cd_53457_104.0234211_30.64420412.jpg,Q009__cd_53457_104.0234211_30.64420412.jpg,D:\StreetView_Project\03_Output\clip_knn\questionnaire_sample_k25_500_added_200\08F_final500_freeze_run_20260728_145702\01_final_flat_500\Q009__cd_53457_104.0234211_30.64420412.jpg,frozen_08F,D:\StreetView_Project\03_Output\clip_knn\questionnaire_sample_k25_500_added_200\08D_spatial_visual_proximity_check_run_20260728_143220
Q010,existing_300,CD_222605,chengdu,104.0193801,30.66211743,202303,cd_222605_104.019380143_30.6621174291.jpg,D:\StreetView_Project\01_Data\Street_Images\chengdu\cd_streetview\cd_222605_104.019380143_30.6621174291.jpg,1,0.2449343800544739,center,高架桥下/立交桥下遮蔽空间,Q010__cd_222605_104.0193801_30.66211743.jpg,D:\StreetView_Project\03_Output\clip_knn\questionnaire_sample_k25_500_added_200\08F_final500_freeze_run_20260728_145702\01_final_flat_500\Q010__cd_222605_104.0193801_30.66211743.jpg,CD_222605,False,False,not_applicable_existing_300,Q010__Q010_cd_222605_104.019380143_30.6621174291.jpg,D:\StreetView_Project\03_Output\clip_knn\questionnaire_sample_k25_300\02_images_main\_final_flat_300_for_check\Q010__Q010_cd_222605_104.019380143_30.6621174291.jpg,,202303,cd_222605_104.019380143_30.6621174291.jpg,D:\StreetView_Project\01_Data\Street_Images\chengdu\cd_streetview\cd_222605_104.019380143_30.6621174291.jpg,D:\StreetView_Project\01_Data\Street_Images\chengdu\cd_streetview\cd_222605_104.019380143_30.6621174291.jpg,0.2449343800544739,D:\StreetView_Project\03_Output\clip_knn\questionnaire_sample_k25_300\02_images_main\_final_flat_300_for_check\Q010__Q010_cd_222605_104.019380143_30.6621174291.jpg,a5a07df60ff9e877fcd7fb87f04c256a2fe6fd630101722ce4e626abf22a56b3,Q010__cd_222605_104.0193801_30.66211743.jpg,D:\StreetView_Project\03_Output\clip_knn\questionnaire_sample_k25_500_added_200\08D_spatial_visual_proximity_check_run_20260728_143220\01_preliminary_flat_500\Q010__cd_222605_104.0193801_30.66211743.jpg,Q010__cd_222605_104.0193801_30.66211743.jpg,D:\StreetView_Project\03_Output\clip_knn\questionnaire_sample_k25_500_added_200\08F_final500_freeze_run_20260728_145702\01_final_flat_500\Q010__cd_222605_104.0193801_30.66211743.jpg,frozen_08F,D:\StreetView_Project\03_Output\clip_knn\questionnaire_sample_k25_500_added_200\08D_spatial_visual_proximity_check_run_20260728_143220
Q011,existing_300,CD_464027,chengdu,104.0527891,30.611365,202303,cd_464027_104.052789081_30.6113649999.jpg,D:\StreetView_Project\01_Data\Street_Images\chengdu\cd_streetview\cd_464027_104.052789081_30.6113649999.jpg,1,0.2484288364648819,center,高架桥下/立交桥下遮蔽空间,Q011__cd_464027_104.0527891_30.611365.jpg,D:\StreetView_Project\03_Output\clip_knn\questionnaire_sample_k25_500_added_200\08F_final500_freeze_run_20260728_145702\01_final_flat_500\Q011__cd_464027_104.0527891_30.611365.jpg,CD_464027,False,False,not_applicable_existing_300,Q011__Q011_cd_464027_104.052789081_30.6113649999.jpg,D:\StreetView_Project\03_Output\clip_knn\questionnaire_sample_k25_300\02_images_main\_final_flat_300_for_check\Q011__Q011_cd_464027_104.052789081_30.6113649999.jpg,,202303,cd_464027_104.052789081_30.6113649999.jpg,D:\StreetView_Project\01_Data\Street_Images\chengdu\cd_streetview\cd_464027_104.052789081_30.6113649999.jpg,D:\StreetView_Project\01_Data\Street_Images\chengdu\cd_streetview\cd_464027_104.052789081_30.6113649999.jpg,0.2484288364648819,D:\StreetView_Project\03_Output\clip_knn\questionnaire_sample_k25_300\02_images_main\_final_flat_300_for_check\Q011__Q011_cd_464027_104.052789081_30.6113649999.jpg,0f8c4bcc348fc7de8cae5834d1c63a926ec59dede3dde48c54826c0bc403cb8e,Q011__cd_464027_104.0527891_30.611365.jpg,D:\StreetView_Project\03_Output\clip_knn\questionnaire_sample_k25_500_added_200\08D_spatial_visual_proximity_check_run_20260728_143220\01_preliminary_flat_500\Q011__cd_464027_104.0527891_30.611365.jpg,Q011__cd_464027_104.0527891_30.611365.jpg,D:\StreetView_Project\03_Output\clip_knn\questionnaire_sample_k25_500_added_200\08F_final500_freeze_run_20260728_145702\01_final_flat_500\Q011__cd_464027_104.0527891_30.611365.jpg,frozen_08F,D:\StreetView_Project\03_Output\clip_knn\questionnaire_sample_k25_500_added_200\08D_spatial_visual_proximity_check_run_20260728_143220
Q012,existing_300,CD_53958,chengdu,104.0991534,30.63533044,202304,cd_53958_104.099153423_30.6353304424.jpg,D:\StreetView_Project\01_Data\Street_Images\chengdu\cd_streetview\cd_53958_104.099153423_30.6353304424.jpg,1,0.2721133530139923,middle,高架桥下/立交桥下遮蔽空间,Q012__cd_53958_104.0991534_30.63533044.jpg,D:\StreetView_Project\03_Output\clip_knn\questionnaire_sample_k25_500_added_200\08F_final500_freeze_run_20260728_145702\01_final_flat_500\Q012__cd_53958_104.0991534_30.63533044.jpg,CD_53958,False,False,not_applicable_existing_300,Q012__Q012_cd_53958_104.099153423_30.6353304424.jpg,D:\StreetView_Project\03_Output\clip_knn\questionnaire_sample_k25_300\02_images_main\_final_flat_300_for_check\Q012__Q012_cd_53958_104.099153423_30.6353304424.jpg,,202304,cd_53958_104.099153423_30.6353304424.jpg,D:\StreetView_Project\01_Data\Street_Images\chengdu\cd_streetview\cd_53958_104.099153423_30.6353304424.jpg,D:\StreetView_Project\01_Data\Street_Images\chengdu\cd_streetview\cd_53958_104.099153423_30.6353304424.jpg,0.2721133530139923,D:\StreetView_Project\03_Output\clip_knn\questionnaire_sample_k25_300\02_images_main\_final_flat_300_for_check\Q012__Q012_cd_53958_104.099153423_30.6353304424.jpg,41879282fca2b5c5c5af1e650320f084b3228d5503af060efadc551abcd9ad9b,Q012__cd_53958_104.0991534_30.63533044.jpg,D:\StreetView_Project\03_Output\clip_knn\questionnaire_sample_k25_500_added_200\08D_spatial_visual_proximity_check_run_20260728_143220\01_preliminary_flat_500\Q012__cd_53958_104.0991534_30.63533044.jpg,Q012__cd_53958_104.0991534_30.63533044.jpg,D:\StreetView_Project\03_Output\clip_knn\questionnaire_sample_k25_500_added_200\08F_final500_freeze_run_20260728_145702\01_final_flat_500\Q012__cd_53958_104.0991534_30.63533044.jpg,frozen_08F,D:\StreetView_Project\03_Output\clip_knn\questionnaire_sample_k25_500_added_200\08D_spatial_visual_proximity_check_run_20260728_143220
Q013,existing_300,CD_35249,chengdu,104.014859,30.67352322,202004,cd_35249_104.014858957_30.6735232166.jpg,D:\StreetView_Project\01_Data\Street_Images\chengdu\cd_streetview\cd_35249_104.014858957_30.6735232166.jpg,1,0.3370533287525177,edge,高架桥下/立交桥下遮蔽空间,Q013__cd_35249_104.014859_30.67352322.jpg,D:\StreetView_Project\03_Output\clip_knn\questionnaire_sample_k25_500_added_200\08F_final500_freeze_run_20260728_145702\01_final_flat_500\Q013__cd_35249_104.014859_30.67352322.jpg,CD_35249,False,False,not_applicable_existing_300,Q013__Q013_cd_35249_104.014858957_30.6735232166.jpg,D:\StreetView_Project\03_Output\clip_knn\questionnaire_sample_k25_300\02_images_main\_final_flat_300_for_check\Q013__Q013_cd_35249_104.014858957_30.6735232166.jpg,,202004,cd_35249_104.014858957_30.6735232166.jpg,D:\StreetView_Project\01_Data\Street_Images\chengdu\cd_streetview\cd_35249_104.014858957_30.6735232166.jpg,D:\StreetView_Project\01_Data\Street_Images\chengdu\cd_streetview\cd_35249_104.014858957_30.6735232166.jpg,0.3370533287525177,D:\StreetView_Project\03_Output\clip_knn\questionnaire_sample_k25_300\02_images_main\_final_flat_300_for_check\Q013__Q013_cd_35249_104.014858957_30.6735232166.jpg,aa34bcc2321c3e9063f70f8802da527a6fac876833c6ecc581215e63b95704d1,Q013__cd_35249_104.014859_30.67352322.jpg,D:\StreetView_Project\03_Output\clip_knn\questionnaire_sample_k25_500_added_200\08D_spatial_visual_proximity_check_run_20260728_143220\01_preliminary_flat_500\Q013__cd_35249_104.014859_30.67352322.jpg,Q013__cd_35249_104.014859_30.67352322.jpg,D:\StreetView_Project\03_Output\clip_knn\questionnaire_sample_k25_500_added_200\08F_final500_freeze_run_20260728_145702\01_final_flat_500\Q013__cd_35249_104.014859_30.67352322.jpg,frozen_08F,D:\StreetView_Project\03_Output\clip_knn\questionnaire_sample_k25_500_added_200\08D_spatial_visual_proximity_check_run_20260728_143220
Q014,existing_300,CD_420939,chengdu,104.046263,30.70875123,202304,cd_420939_104.046263034_30.7087512282.jpg,D:\StreetView_Project\01_Data\Street_Images\chengdu\cd_streetview\cd_420939_104.046263034_30.7087512282.jpg,2,0.2497410178184509,center,重庆高密居住区街道,Q014__cd_420939_104.046263_30.70875123.jpg,D:\StreetView_Project\03_Output\clip_knn\questionnaire_sample_k25_500_added_200\08F_final500_freeze_run_20260728_145702\01_final_flat_500\Q014__cd_420939_104.046263_30.70875123.jpg,CD_420939,False,False,not_applicable_existing_300,Q014__Q014_cd_420939_104.046263034_30.7087512282.jpg,D:\StreetView_Project\03_Output\clip_knn\questionnaire_sample_k25_300\02_images_main\_final_flat_300_for_check\Q014__Q014_cd_420939_104.046263034_30.7087512282.jpg,,202304,cd_420939_104.046263034_30.7087512282.jpg,D:\StreetView_Project\01_Data\Street_Images\chengdu\cd_streetview\cd_420939_104.046263034_30.7087512282.jpg,D:\StreetView_Project\01_Data\Street_Images\chengdu\cd_streetview\cd_420939_104.046263034_30.7087512282.jpg,0.2497410178184509,D:\StreetView_Project\03_Output\clip_knn\questionnaire_sample_k25_300\02_images_main\_final_flat_300_for_check\Q014__Q014_cd_420939_104.046263034_30.7087512282.jpg,656004ef46a8a2487f5fe0fa2ca1bca0ac7abd4da558e5bf0dd941fd7f15e07c,Q014__cd_420939_104.046263_30.70875123.jpg,D:\StreetView_Project\03_Output\clip_knn\questionnaire_sample_k25_500_added_200\08D_spatial_visual_proximity_check_run_20260728_143220\01_preliminary_flat_500\Q014__cd_420939_104.046263_30.70875123.jpg,Q014__cd_420939_104.046263_30.70875123.jpg,D:\StreetView_Project\03_Output\clip_knn\questionnaire_sample_k25_500_added_200\08F_final500_freeze_run_20260728_145702\01_final_flat_500\Q014__cd_420939_104.046263_30.70875123.jpg,frozen_08F,D:\StreetView_Project\03_Output\clip_knn\questionnaire_sample_k25_500_added_200\08D_spatial_visual_proximity_check_run_20260728_143220
Q015,existing_300,CD_421054,chengdu,104.0269991,30.69190589,201904,cd_421054_104.026999127_30.6919058896.jpg,D:\StreetView_Project\01_Data\Street_Images\chengdu\cd_streetview\cd_421054_104.026999127_30.6919058896.jpg,2,0.2457145750522614,center,重庆高密居住区街道,Q015__cd_421054_104.0269991_30.69190589.jpg,D:\StreetView_Project\03_Output\clip_knn\questionnaire_sample_k25_500_added_200\08F_final500_freeze_run_20260728_145702\01_final_flat_500\Q015__cd_421054_104.0269991_30.69190589.jpg,CD_421054,False,False,not_applicable_existing_300,Q015__Q015_cd_421054_104.026999127_30.6919058896.jpg,D:\StreetView_Project\03_Output\clip_knn\questionnaire_sample_k25_300\02_images_main\_final_flat_300_for_check\Q015__Q015_cd_421054_104.026999127_30.6919058896.jpg,,201904,cd_421054_104.026999127_30.6919058896.jpg,D:\StreetView_Project\01_Data\Street_Images\chengdu\cd_streetview\cd_421054_104.026999127_30.6919058896.jpg,D:\StreetView_Project\01_Data\Street_Images\chengdu\cd_streetview\cd_421054_104.026999127_30.6919058896.jpg,0.2457145750522614,D:\StreetView_Project\03_Output\clip_knn\questionnaire_sample_k25_300\02_images_main\_final_flat_300_for_check\Q015__Q015_cd_421054_104.026999127_30.6919058896.jpg,158262499953b0d8174f390e7e426ab726580c64226edfee7da25334b523a785,Q015__cd_421054_104.0269991_30.69190589.jpg,D:\StreetView_Project\03_Output\clip_knn\questionnaire_sample_k25_500_added_200\08D_spatial_visual_proximity_check_run_20260728_143220\01_preliminary_flat_500\Q015__cd_421054_104.0269991_30.69190589.jpg,Q015__cd_421054_104.0269991_30.69190589.jpg,D:\StreetView_Project\03_Output\clip_knn\questionnaire_sample_k25_500_added_200\08F_final500_freeze_run_20260728_145702\01_final_flat_500\Q015__cd_421054_104.0269991_30.69190589.jpg,frozen_08F,D:\StreetView_Project\03_Output\clip_knn\questionnaire_sample_k25_500_added_200\08D_spatial_visual_proximity_check_run_20260728_143220
Q016,existing_300,CD_461159,chengdu,103.9962119,30.63818116,201904,cd_461159_103.996211893_30.6381811608.jpg,D:\StreetView_Project\01_Data\Street_Images\chengdu\cd_streetview\cd_461159_103.996211893_30.6381811608.jpg,2,0.2440111488103867,center,重庆高密居住区街道,Q016__cd_461159_103.9962119_30.63818116.jpg,D:\StreetView_Project\03_Output\clip_knn\questionnaire_sample_k25_500_added_200\08F_final500_freeze_run_20260728_145702\01_final_flat_500\Q016__cd_461159_103.9962119_30.63818116.jpg,CD_461159,False,False,not_applicable_existing_300,Q016__Q016_cd_461159_103.996211893_30.6381811608.jpg,D:\StreetView_Project\03_Output\clip_knn\questionnaire_sample_k25_300\02_images_main\_final_flat_300_for_check\Q016__Q016_cd_461159_103.996211893_30.6381811608.jpg,,201904,cd_461159_103.996211893_30.6381811608.jpg,D:\StreetView_Project\01_Data\Street_Images\chengdu\cd_streetview\cd_461159_103.996211893_30.6381811608.jpg,D:\StreetView_Project\01_Data\Street_Images\chengdu\cd_streetview\cd_461159_103.996211893_30.6381811608.jpg,0.2440111488103867,D:\StreetView_Project\03_Output\clip_knn\questionnaire_sample_k25_300\02_images_main\_final_flat_300_for_check\Q016__Q016_cd_461159_103.996211893_30.6381811608.jpg,e009c4f227b95374df6f2d39e7e2371ca1fd285d28057923026c5dd015f962a5,Q016__cd_461159_103.9962119_30.63818116.jpg,D:\StreetView_Project\03_Output\clip_knn\questionnaire_sample_k25_500_added_200\08D_spatial_visual_proximity_check_run_20260728_143220\01_preliminary_flat_500\Q016__cd_461159_103.9962119_30.63818116.jpg,Q016__cd_461159_103.9962119_30.63818116.jpg,D:\StreetView_Project\03_Output\clip_knn\questionnaire_sample_k25_500_added_200\08F_final500_freeze_run_20260728_145702\01_final_flat_500\Q016__cd_461159_103.9962119_30.63818116.jpg,frozen_08F,D:\StreetView_Project\03_Output\clip_knn\questionnaire_sample_k25_500_added_200\08D_spatial_visual_proximity_check_run_20260728_143220
Q017,existing_300,CD_473004,chengdu,104.0872845,30.6528863,201707,cd_473004_104.087284544_30.6528862985.jpg,D:\StreetView_Project\01_Data\Street_Images\chengdu\cd_streetview\cd_473004_104.087284544_30.6528862985.jpg,2,0.2756639719009399,middle,重庆高密居住区街道,Q017__cd_473004_104.0872845_30.6528863.jpg,D:\StreetView_Project\03_Output\clip_knn\questionnaire_sample_k25_500_added_200\08F_final500_freeze_run_20260728_145702\01_final_flat_500\Q017__cd_473004_104.0872845_30.6528863.jpg,CD_473004,False,False,not_applicable_existing_300,Q017__Q017_cd_473004_104.087284544_30.6528862985.jpg,D:\StreetView_Project\03_Output\clip_knn\questionnaire_sample_k25_300\02_images_main\_final_flat_300_for_check\Q017__Q017_cd_473004_104.087284544_30.6528862985.jpg,,201707,cd_473004_104.087284544_30.6528862985.jpg,D:\StreetView_Project\01_Data\Street_Images\chengdu\cd_streetview\cd_473004_104.087284544_30.6528862985.jpg,D:\StreetView_Project\01_Data\Street_Images\chengdu\cd_streetview\cd_473004_104.087284544_30.6528862985.jpg,0.2756639719009399,D:\StreetView_Project\03_Output\clip_knn\questionnaire_sample_k25_300\02_images_main\_final_flat_300_for_check\Q017__Q017_cd_473004_104.087284544_30.6528862985.jpg,b90182f6ca63a0712d1292d3c255d5335364a3b84f7dafc2dffa0e25f5b5daf7,Q017__cd_473004_104.0872845_30.6528863.jpg,D:\StreetView_Project\03_Output\clip_knn\questionnaire_sample_k25_500_added_200\08D_spatial_visual_proximity_check_run_20260728_143220\01_preliminary_flat_500\Q017__cd_473004_104.0872845_30.6528863.jpg,Q017__cd_473004_104.0872845_30.6528863.jpg,D:\StreetView_Project\03_Output\clip_knn\questionnaire_sample_k25_500_added_200\08F_final500_freeze_run_20260728_145702\01_final_flat_500\Q017__cd_473004_104.0872845_30.6528863.jpg,frozen_08F,D:\StreetView_Project\03_Output\clip_knn\questionnaire_sample_k25_500_added_200\08D_spatial_visual_proximity_check_run_20260728_143220
Q018,existing_300,CD_463463,chengdu,104.0039616,30.65256917,201611,cd_463463_104.003961568_30.652569165.jpg,D:\StreetView_Project\01_Data\Street_Images\chengdu\cd_streetview\cd_463463_104.003961568_30.652569165.jpg,2,0.2744973599910736,middle,重庆高密居住区街道,Q018__cd_463463_104.0039616_30.65256917.jpg,D:\StreetView_Project\03_Output\clip_knn\questionnaire_sample_k25_500_added_200\08F_final500_freeze_run_20260728_145702\01_final_flat_500\Q018__cd_463463_104.0039616_30.65256917.jpg,CD_463463,False,False,not_applicable_existing_300,Q018__Q018_cd_463463_104.003961568_30.652569165.jpg,D:\StreetView_Project\03_Output\clip_knn\questionnaire_sample_k25_300\02_images_main\_final_flat_300_for_check\Q018__Q018_cd_463463_104.003961568_30.652569165.jpg,,201611,cd_463463_104.003961568_30.652569165.jpg,D:\StreetView_Project\01_Data\Street_Images\chengdu\cd_streetview\cd_463463_104.003961568_30.652569165.jpg,D:\StreetView_Project\01_Data\Street_Images\chengdu\cd_streetview\cd_463463_104.003961568_30.652569165.jpg,0.2744973599910736,D:\StreetView_Project\03_Output\clip_knn\questionnaire_sample_k25_300\02_images_main\_final_flat_300_for_check\Q018__Q018_cd_463463_104.003961568_30.652569165.jpg,68a8c154c832b9d02ebf90152c7ac93b4755432958c1aa92c24dfab955a8b673,Q018__cd_463463_104.0039616_30.65256917.jpg,D:\StreetView_Project\03_Output\clip_knn\questionnaire_sample_k25_500_added_200\08D_spatial_visual_proximity_check_run_20260728_143220\01_preliminary_flat_500\Q018__cd_463463_104.0039616_30.65256917.jpg,Q018__cd_463463_104.0039616_30.65256917.jpg,D:\StreetView_Project\03_Output\clip_knn\questionnaire_sample_k25_500_added_200\08F_final500_freeze_run_20260728_145702\01_final_flat_500\Q018__cd_463463_104.0039616_30.65256917.jpg,frozen_08F,D:\StreetView_Project\03_Output\clip_knn\questionnaire_sample_k25_500_added_200\08D_spatial_visual_proximity_check_run_20260728_143220
Q019,existing_300,CD_472257,chengdu,104.0603673,30.63735168,201610,cd_472257_104.060367304_30.6373516831.jpg,D:\StreetView_Project\01_Data\Street_Images\chengdu\cd_streetview\cd_472257_104.060367304_30.6373516831.jpg,2,0.3485299944877625,edge,重庆高密居住区街道,Q019__cd_472257_104.0603673_30.63735168.jpg,D:\StreetView_Project\03_Output\clip_knn\questionnaire_sample_k25_500_added_200\08F_final500_freeze_run_20260728_145702\01_final_flat_500\Q019__cd_472257_104.0603673_30.63735168.jpg,CD_472257,False,False,not_applicable_existing_300,Q019__Q019_cd_472257_104.060367304_30.6373516831.jpg,D:\StreetView_Project\03_Output\clip_knn\questionnaire_sample_k25_300\02_images_main\_final_flat_300_for_check\Q019__Q019_cd_472257_104.060367304_30.6373516831.jpg,,201610,cd_472257_104.060367304_30.6373516831.jpg,D:\StreetView_Project\01_Data\Street_Images\chengdu\cd_streetview\cd_472257_104.060367304_30.6373516831.jpg,D:\StreetView_Project\01_Data\Street_Images\chengdu\cd_streetview\cd_472257_104.060367304_30.6373516831.jpg,0.3485299944877625,D:\StreetView_Project\03_Output\clip_knn\questionnaire_sample_k25_300\02_images_main\_final_flat_300_for_check\Q019__Q019_cd_472257_104.060367304_30.6373516831.jpg,81873d76434aba28649d605e390af5dbb6eff3d7fe47d6f92f9d5a4888001ccc,Q019__cd_472257_104.0603673_30.63735168.jpg,D:\StreetView_Project\03_Output\clip_knn\questionnaire_sample_k25_500_added_200\08D_spatial_visual_proximity_check_run_20260728_143220\01_preliminary_flat_500\Q019__cd_472257_104.0603673_30.63735168.jpg,Q019__cd_472257_104.0603673_30.63735168.jpg,D:\StreetView_Project\03_Output\clip_knn\questionnaire_sample_k25_500_added_200\08F_final500_freeze_run_20260728_145702\01_final_flat_500\Q019__cd_472257_104.0603673_30.63735168.jpg,frozen_08F,D:\StreetView_Project\03_Output\clip_knn\questionnaire_sample_k25_500_added_200\08D_spatial_visual_proximity_check_run_20260728_143220
Q020,existing_300,CD_53749,chengdu,104.1157006,30.65700148,201707,cd_53749_104.115700637_30.6570014825.jpg,D:\StreetView_Project\01_Data\Street_Images\chengdu\cd_streetview\cd_53749_104.115700637_30.6570014825.jpg,3,0.3071627914905548,edge,重庆开敞快速路/山地干道,Q020__cd_53749_104.1157006_30.65700148.jpg,D:\StreetView_Project\03_Output\clip_knn\questionnaire_sample_k25_500_added_200\08F_final500_freeze_run_20260728_145702\01_final_flat_500\Q020__cd_53749_104.1157006_30.65700148.jpg,CD_53749,False,False,not_applicable_existing_300,Q020__Q020_cd_53749_104.115700637_30.6570014825.jpg,D:\StreetView_Project\03_Output\clip_knn\questionnaire_sample_k25_300\02_images_main\_final_flat_300_for_check\Q020__Q020_cd_53749_104.115700637_30.6570014825.jpg,,201707,cd_53749_104.115700637_30.6570014825.jpg,D:\StreetView_Project\01_Data\Street_Images\chengdu\cd_streetview\cd_53749_104.115700637_30.6570014825.jpg,D:\StreetView_Project\01_Data\Street_Images\chengdu\cd_streetview\cd_53749_104.115700637_30.6570014825.jpg,0.3071627914905548,D:\StreetView_Project\03_Output\clip_knn\questionnaire_sample_k25_300\02_images_main\_final_flat_300_for_check\Q020__Q020_cd_53749_104.115700637_30.6570014825.jpg,fe2e186313ab7dbd666697a270694817ac96b1670dd56cc2bcbb1c01bacfd75b,Q020__cd_53749_104.1157006_30.65700148.jpg,D:\StreetView_Project\03_Output\clip_knn\questionnaire_sample_k25_500_added_200\08D_spatial_visual_proximity_check_run_20260728_143220\01_preliminary_flat_500\Q020__cd_53749_104.1157006_30.65700148.jpg,Q020__cd_53749_104.1157006_30.65700148.jpg,D:\StreetView_Project\03_Output\clip_knn\questionnaire_sample_k25_500_added_200\08F_final500_freeze_run_20260728_145702\01_final_flat_500\Q020__cd_53749_104.1157006_30.65700148.jpg,frozen_08F,D:\StreetView_Project\03_Output\clip_knn\questionnaire_sample_k25_500_added_200\08D_spatial_visual_proximity_check_run_20260728_143220
Q021,existing_300,CD_56113,chengdu,104.1295292,30.64969682,201707,cd_56113_104.129529233_30.6496968174.jpg,D:\StreetView_Project\01_Data\Street_Images\chengdu\cd_streetview\cd_56113_104.129529233_30.6496968174.jpg,3,0.2486311346292496,center,重庆开敞快速路/山地干道,Q021__cd_56113_104.1295292_30.64969682.jpg,D:\StreetView_Project\03_Output\clip_knn\questionnaire_sample_k25_500_added_200\08F_final500_freeze_run_20260728_145702\01_final_flat_500\Q021__cd_56113_104.1295292_30.64969682.jpg,CD_56113,False,False,not_applicable_existing_300,Q021__Q021_cd_56113_104.129529233_30.6496968174.jpg,D:\StreetView_Project\03_Output\clip_knn\questionnaire_sample_k25_300\02_images_main\_final_flat_300_for_check\Q021__Q021_cd_56113_104.129529233_30.6496968174.jpg,,201707,cd_56113_104.129529233_30.6496968174.jpg,D:\StreetView_Project\01_Data\Street_Images\chengdu\cd_streetview\cd_56113_104.129529233_30.6496968174.jpg,D:\StreetView_Project\01_Data\Street_Images\chengdu\cd_streetview\cd_56113_104.129529233_30.6496968174.jpg,0.2486311346292496,D:\StreetView_Project\03_Output\clip_knn\questionnaire_sample_k25_300\02_images_main\_final_flat_300_for_check\Q021__Q021_cd_56113_104.129529233_30.6496968174.jpg,11eebafea83a76083c1c844c3094b6e7b8c331ba3d705e39e84334c709067b62,Q021__cd_56113_104.1295292_30.64969682.jpg,D:\StreetView_Project\03_Output\clip_knn\questionnaire_sample_k25_500_added_200\08D_spatial_visual_proximity_check_run_20260728_143220\01_preliminary_flat_500\Q021__cd_56113_104.1295292_30.64969682.jpg,Q021__cd_56113_104.1295292_30.64969682.jpg,D:\StreetView_Project\03_Output\clip_knn\questionnaire_sample_k25_500_added_200\08F_final500_freeze_run_20260728_145702\01_final_flat_500\Q021__cd_56113_104.1295292_30.64969682.jpg,frozen_08F,D:\StreetView_Project\03_Output\clip_knn\questionnaire_sample_k25_500_added_200\08D_spatial_visual_proximity_check_run_20260728_143220
Q022,existing_300,CD_52896,chengdu,104.0521807,30.62352954,201510,cd_52896_104.052180715_30.6235295448.jpg,D:\StreetView_Project\01_Data\Street_Images\chengdu\cd_streetview\cd_52896_104.052180715_30.6235295448.jpg,3,0.302747368812561,middle,重庆开敞快速路/山地干道,Q022__cd_52896_104.0521807_30.62352954.jpg,D:\StreetView_Project\03_Output\clip_knn\questionnaire_sample_k25_500_added_200\08F_final500_freeze_run_20260728_145702\01_final_flat_500\Q022__cd_52896_104.0521807_30.62352954.jpg,CD_52896,False,False,not_applicable_existing_300,Q022__Q022_cd_52896_104.052180715_30.6235295448.jpg,D:\StreetView_Project\03_Output\clip_knn\questionnaire_sample_k25_300\02_images_main\_final_flat_300_for_check\Q022__Q022_cd_52896_104.052180715_30.6235295448.jpg,,201510,cd_52896_104.052180715_30.6235295448.jpg,D:\StreetView_Project\01_Data\Street_Images\chengdu\cd_streetview\cd_52896_104.052180715_30.6235295448.jpg,D:\StreetView_Project\01_Data\Street_Images\chengdu\cd_streetview\cd_52896_104.052180715_30.6235295448.jpg,0.302747368812561,D:\StreetView_Project\03_Output\clip_knn\questionnaire_sample_k25_300\02_images_main\_final_flat_300_for_check\Q022__Q022_cd_52896_104.052180715_30.6235295448.jpg,e5931a32cf1e0515f4bdcee479d7ecf888eda65626ee827980248fec05d846f4,Q022__cd_52896_104.0521807_30.62352954.jpg,D:\StreetView_Project\03_Output\clip_knn\questionnaire_sample_k25_500_added_200\08D_spatial_visual_proximity_check_run_20260728_143220\01_preliminary_flat_500\Q022__cd_52896_104.0521807_30.62352954.jpg,Q022__cd_52896_104.0521807_30.62352954.jpg,D:\StreetView_Project\03_Output\clip_knn\questionnaire_sample_k25_500_added_200\08F_final500_freeze_run_20260728_145702\01_final_flat_500\Q022__cd_52896_104.0521807_30.62352954.jpg,frozen_08F,D:\StreetView_Project\03_Output\clip_knn\questionnaire_sample_k25_500_added_200\08D_spatial_visual_proximity_check_run_20260728_143220
Q023,existing_300,CD_39480,chengdu,104.1500593,30.69051856,202008,cd_39480_104.150059287_30.6905185637.jpg,D:\StreetView_Project\01_Data\Street_Images\chengdu\cd_streetview\cd_39480_104.150059287_30.6905185637.jpg,3,0.3216551840305328,edge,重庆开敞快速路/山地干道,Q023__cd_39480_104.1500593_30.69051856.jpg,D:\StreetView_Project\03_Output\clip_knn\questionnaire_sample_k25_500_added_200\08F_final500_freeze_run_20260728_145702\01_final_flat_500\Q023__cd_39480_104.1500593_30.69051856.jpg,CD_39480,False,False,not_applicable_existing_300,Q023__Q023_cd_39480_104.150059287_30.6905185637.jpg,D:\StreetView_Project\03_Output\clip_knn\questionnaire_sample_k25_300\02_images_main\_final_flat_300_for_check\Q023__Q023_cd_39480_104.150059287_30.6905185637.jpg,,202008,cd_39480_104.150059287_30.6905185637.jpg,D:\StreetView_Project\01_Data\Street_Images\chengdu\cd_streetview\cd_39480_104.150059287_30.6905185637.jpg,D:\StreetView_Project\01_Data\Street_Images\chengdu\cd_streetview\cd_39480_104.150059287_30.6905185637.jpg,0.3216551840305328,D:\StreetView_Project\03_Output\clip_knn\questionnaire_sample_k25_300\02_images_main\_final_flat_300_for_check\Q023__Q023_cd_39480_104.150059287_30.6905185637.jpg,b962535f7239ac0e330957732ac36f9a02dd08025fa199e9e3f383a7a89bf365,Q023__cd_39480_104.1500593_30.69051856.jpg,D:\StreetView_Project\03_Output\clip_knn\questionnaire_sample_k25_500_added_200\08D_spatial_visual_proximity_check_run_20260728_143220\01_preliminary_flat_500\Q023__cd_39480_104.1500593_30.69051856.jpg,Q023__cd_39480_104.1500593_30.69051856.jpg,D:\StreetView_Project\03_Output\clip_knn\questionnaire_sample_k25_500_added_200\08F_final500_freeze_run_20260728_145702\01_final_flat_500\Q023__cd_39480_104.1500593_30.69051856.jpg,frozen_08F,D:\StreetView_Project\03_Output\clip_knn\questionnaire_sample_k25_500_added_200\08D_spatial_visual_proximity_check_run_20260728_143220
Q024,existing_300,CD_472735,chengdu,104.0783319,30.65824081,202303,cd_472735_104.078331867_30.6582408094.jpg,D:\StreetView_Project\01_Data\Street_Images\chengdu\cd_streetview\cd_472735_104.078331867_30.6582408094.jpg,4,0.2177439481019974,center,隧道/夜间暗光通行空间,Q024__cd_472735_104.0783319_30.65824081.jpg,D:\StreetView_Project\03_Output\clip_knn\questionnaire_sample_k25_500_added_200\08F_final500_freeze_run_20260728_145702\01_final_flat_500\Q024__cd_472735_104.0783319_30.65824081.jpg,CD_472735,False,False,not_applicable_existing_300,Q024__Q024_cd_472735_104.078331867_30.6582408094.jpg,D:\StreetView_Project\03_Output\clip_knn\questionnaire_sample_k25_300\02_images_main\_final_flat_300_for_check\Q024__Q024_cd_472735_104.078331867_30.6582408094.jpg,,202303,cd_472735_104.078331867_30.6582408094.jpg,D:\StreetView_Project\01_Data\Street_Images\chengdu\cd_streetview\cd_472735_104.078331867_30.6582408094.jpg,D:\StreetView_Project\01_Data\Street_Images\chengdu\cd_streetview\cd_472735_104.078331867_30.6582408094.jpg,0.2177439481019974,D:\StreetView_Project\03_Output\clip_knn\questionnaire_sample_k25_300\02_images_main\_final_flat_300_for_check\Q024__Q024_cd_472735_104.078331867_30.6582408094.jpg,208c2f94514faad18ae9423fab7fff0d7cfeab9e5c83e846ba19bc7a5bca44ef,Q024__cd_472735_104.0783319_30.65824081.jpg,D:\StreetView_Project\03_Output\clip_knn\questionnaire_sample_k25_500_added_200\08D_spatial_visual_proximity_check_run_20260728_143220\01_preliminary_flat_500\Q024__cd_472735_104.0783319_30.65824081.jpg,Q024__cd_472735_104.0783319_30.65824081.jpg,D:\StreetView_Project\03_Output\clip_knn\questionnaire_sample_k25_500_added_200\08F_final500_freeze_run_20260728_145702\01_final_flat_500\Q024__cd_472735_104.0783319_30.65824081.jpg,frozen_08F,D:\StreetView_Project\03_Output\clip_knn\questionnaire_sample_k25_500_added_200\08D_spatial_visual_proximity_check_run_20260728_143220
Q025,existing_300,CD_58400,chengdu,104.1366831,30.63834802,201903,cd_58400_104.136683084_30.6383480185.jpg,D:\StreetView_Project\01_Data\Street_Images\chengdu\cd_streetview\cd_58400_104.136683084_30.6383480185.jpg,4,0.2635156214237213,center,隧道/夜间暗光通行空间,Q025__cd_58400_104.1366831_30.63834802.jpg,D:\StreetView_Project\03_Output\clip_knn\questionnaire_sample_k25_500_added_200\08F_final500_freeze_run_20260728_145702\01_final_flat_500\Q025__cd_58400_104.1366831_30.63834802.jpg,CD_58400,False,False,not_applicable_existing_300,Q025__Q025_cd_58400_104.136683084_30.6383480185.jpg,D:\StreetView_Project\03_Output\clip_knn\questionnaire_sample_k25_300\02_images_main\_final_flat_300_for_check\Q025__Q025_cd_58400_104.136683084_30.6383480185.jpg,,201903,cd_58400_104.136683084_30.6383480185.jpg,D:\StreetView_Project\01_Data\Street_Images\chengdu\cd_streetview\cd_58400_104.136683084_30.6383480185.jpg,D:\StreetView_Project\01_Data\Street_Images\chengdu\cd_streetview\cd_58400_104.136683084_30.6383480185.jpg,0.2635156214237213,D:\StreetView_Project\03_Output\clip_knn\questionnaire_sample_k25_300\02_images_main\_final_flat_300_for_check\Q025__Q025_cd_58400_104.136683084_30.6383480185.jpg,bb31c593e08f6affddaf233b692a1cf53365b490367be6e5cf48d0cc21a27651,Q025__cd_58400_104.1366831_30.63834802.jpg,D:\StreetView_Project\03_Output\clip_knn\questionnaire_sample_k25_500_added_200\08D_spatial_visual_proximity_check_run_20260728_143220\01_preliminary_flat_500\Q025__cd_58400_104.1366831_30.63834802.jpg,Q025__cd_58400_104.1366831_30.63834802.jpg,D:\StreetView_Project\03_Output\clip_knn\questionnaire_sample_k25_500_added_200\08F_final500_freeze_run_20260728_145702\01_final_flat_500\Q025__cd_58400_104.1366831_30.63834802.jpg,frozen_08F,D:\StreetView_Project\03_Output\clip_knn\questionnaire_sample_k25_500_added_200\08D_spatial_visual_proximity_check_run_20260728_143220
Q026,existing_300,CD_58409,chengdu,104.1347454,30.63393966,201903,cd_58409_104.134745364_30.633939657.jpg,D:\StreetView_Project\01_Data\Street_Images\chengdu\cd_streetview\cd_58409_104.134745364_30.633939657.jpg,4,0.3172625601291656,middle,隧道/夜间暗光通行空间,Q026__cd_58409_104.1347454_30.63393966.jpg,D:\StreetView_Project\03_Output\clip_knn\questionnaire_sample_k25_500_added_200\08F_final500_freeze_run_20260728_145702\01_final_flat_500\Q026__cd_58409_104.1347454_30.63393966.jpg,CD_58409,False,False,not_applicable_existing_300,Q026__Q026_cd_58409_104.134745364_30.633939657.jpg,D:\StreetView_Project\03_Output\clip_knn\questionnaire_sample_k25_300\02_images_main\_final_flat_300_for_check\Q026__Q026_cd_58409_104.134745364_30.633939657.jpg,,201903,cd_58409_104.134745364_30.633939657.jpg,D:\StreetView_Project\01_Data\Street_Images\chengdu\cd_streetview\cd_58409_104.134745364_30.633939657.jpg,D:\StreetView_Project\01_Data\Street_Images\chengdu\cd_streetview\cd_58409_104.134745364_30.633939657.jpg,0.3172625601291656,D:\StreetView_Project\03_Output\clip_knn\questionnaire_sample_k25_300\02_images_main\_final_flat_300_for_check\Q026__Q026_cd_58409_104.134745364_30.633939657.jpg,7b74b426ae460c1b60a2744c5d4fc13fc9bda1c2aa4e6fed798e19da1629638d,Q026__cd_58409_104.1347454_30.63393966.jpg,D:\StreetView_Project\03_Output\clip_knn\questionnaire_sample_k25_500_added_200\08D_spatial_visual_proximity_check_run_20260728_143220\01_preliminary_flat_500\Q026__cd_58409_104.1347454_30.63393966.jpg,Q026__cd_58409_104.1347454_30.63393966.jpg,D:\StreetView_Project\03_Output\clip_knn\questionnaire_sample_k25_500_added_200\08F_final500_freeze_run_20260728_145702\01_final_flat_500\Q026__cd_58409_104.1347454_30.63393966.jpg,frozen_08F,D:\StreetView_Project\03_Output\clip_knn\questionnaire_sample_k25_500_added_200\08D_spatial_visual_proximity_check_run_20260728_143220
Q027,existing_300,CD_40080,chengdu,104.132001,30.67363656,202304,cd_40080_104.132001043_30.6736365556.jpg,D:\StreetView_Project\01_Data\Street_Images\chengdu\cd_streetview\cd_40080_104.132001043_30.6736365556.jpg,4,0.3724017441272736,edge,隧道/夜间暗光通行空间,Q027__cd_40080_104.132001_30.67363656.jpg,D:\StreetView_Project\03_Output\clip_knn\questionnaire_sample_k25_500_added_200\08F_final500_freeze_run_20260728_145702\01_final_flat_500\Q027__cd_40080_104.132001_30.67363656.jpg,CD_40080,False,False,not_applicable_existing_300,Q027__Q027_cd_40080_104.132001043_30.6736365556.jpg,D:\StreetView_Project\03_Output\clip_knn\questionnaire_sample_k25_300\02_images_main\_final_flat_300_for_check\Q027__Q027_cd_40080_104.132001043_30.6736365556.jpg,,202304,cd_40080_104.132001043_30.6736365556.jpg,D:\StreetView_Project\01_Data\Street_Images\chengdu\cd_streetview\cd_40080_104.132001043_30.6736365556.jpg,D:\StreetView_Project\01_Data\Street_Images\chengdu\cd_streetview\cd_40080_104.132001043_30.6736365556.jpg,0.3724017441272736,D:\StreetView_Project\03_Output\clip_knn\questionnaire_sample_k25_300\02_images_main\_final_flat_300_for_check\Q027__Q027_cd_40080_104.132001043_30.6736365556.jpg,8029f7f3226ad08c3313a83a8f131b1136adeec6e06caaa2df4fb673fd345379,Q027__cd_40080_104.132001_30.67363656.jpg,D:\StreetView_Project\03_Output\clip_knn\questionnaire_sample_k25_500_added_200\08D_spatial_visual_proximity_check_run_20260728_143220\01_preliminary_flat_500\Q027__cd_40080_104.132001_30.67363656.jpg,Q027__cd_40080_104.132001_30.67363656.jpg,D:\StreetView_Project\03_Output\clip_knn\questionnaire_sample_k25_500_added_200\08F_final500_freeze_run_20260728_145702\01_final_flat_500\Q027__cd_40080_104.132001_30.67363656.jpg,frozen_08F,D:\StreetView_Project\03_Output\clip_knn\questionnaire_sample_k25_500_added_200\08D_spatial_visual_proximity_check_run_20260728_143220
Q028,existing_300,CD_55414,chengdu,104.0632046,30.64631145,202003,cd_55414_104.063204632_30.6463114514.jpg,D:\StreetView_Project\01_Data\Street_Images\chengdu\cd_streetview\cd_55414_104.063204632_30.6463114514.jpg,5,0.2617074847221375,middle,混合城市主干路/公交道路,Q028__cd_55414_104.0632046_30.64631145.jpg,D:\StreetView_Project\03_Output\clip_knn\questionnaire_sample_k25_500_added_200\08F_final500_freeze_run_20260728_145702\01_final_flat_500\Q028__cd_55414_104.0632046_30.64631145.jpg,CD_55414,False,False,not_applicable_existing_300,Q028__Q028_cd_55414_104.063204632_30.6463114514.jpg,D:\StreetView_Project\03_Output\clip_knn\questionnaire_sample_k25_300\02_images_main\_final_flat_300_for_check\Q028__Q028_cd_55414_104.063204632_30.6463114514.jpg,,202003,cd_55414_104.063204632_30.6463114514.jpg,D:\StreetView_Project\01_Data\Street_Images\chengdu\cd_streetview\cd_55414_104.063204632_30.6463114514.jpg,D:\StreetView_Project\01_Data\Street_Images\chengdu\cd_streetview\cd_55414_104.063204632_30.6463114514.jpg,0.2617074847221375,D:\StreetView_Project\03_Output\clip_knn\questionnaire_sample_k25_300\02_images_main\_final_flat_300_for_check\Q028__Q028_cd_55414_104.063204632_30.6463114514.jpg,320b008843bb3955f9f5baca9212c25c2aa27a6e2ebd880154c329cbac47b0f5,Q028__cd_55414_104.0632046_30.64631145.jpg,D:\StreetView_Project\03_Output\clip_knn\questionnaire_sample_k25_500_added_200\08D_spatial_visual_proximity_check_run_20260728_143220\01_preliminary_flat_500\Q028__cd_55414_104.0632046_30.64631145.jpg,Q028__cd_55414_104.0632046_30.64631145.jpg,D:\StreetView_Project\03_Output\clip_knn\questionnaire_sample_k25_500_added_200\08F_final500_freeze_run_20260728_145702\01_final_flat_500\Q028__cd_55414_104.0632046_30.64631145.jpg,frozen_08F,D:\StreetView_Project\03_Output\clip_knn\questionnaire_sample_k25_500_added_200\08D_spatial_visual_proximity_check_run_20260728_143220
Q029,existing_300,CD_33782,chengdu,104.0434638,30.68279724,202005,cd_33782_104.043463768_30.6827972367.jpg,D:\StreetView_Project\01_Data\Street_Images\chengdu\cd_streetview\cd_33782_104.043463768_30.6827972367.jpg,5,0.2273859679698944,center,混合城市主干路/公交道路,Q029__cd_33782_104.0434638_30.68279724.jpg,D:\StreetView_Project\03_Output\clip_knn\questionnaire_sample_k25_500_added_200\08F_final500_freeze_run_20260728_145702\01_final_flat_500\Q029__cd_33782_104.0434638_30.68279724.jpg,CD_33782,False,False,not_applicable_existing_300,Q029__Q029_cd_33782_104.043463768_30.6827972367.jpg,D:\StreetView_Project\03_Output\clip_knn\questionnaire_sample_k25_300\02_images_main\_final_flat_300_for_check\Q029__Q029_cd_33782_104.043463768_30.6827972367.jpg,,202005,cd_33782_104.043463768_30.6827972367.jpg,D:\StreetView_Project\01_Data\Street_Images\chengdu\cd_streetview\cd_33782_104.043463768_30.6827972367.jpg,D:\StreetView_Project\01_Data\Street_Images\chengdu\cd_streetview\cd_33782_104.043463768_30.6827972367.jpg,0.2273859679698944,D:\StreetView_Project\03_Output\clip_knn\questionnaire_sample_k25_300\02_images_main\_final_flat_300_for_check\Q029__Q029_cd_33782_104.043463768_30.6827972367.jpg,7c166852e13f17277ed456d459696c02711379ce59d1d41ca2f84874dccf5333,Q029__cd_33782_104.0434638_30.68279724.jpg,D:\StreetView_Project\03_Output\clip_knn\questionnaire_sample_k25_500_added_200\08D_spatial_visual_proximity_check_run_20260728_143220\01_preliminary_flat_500\Q029__cd_33782_104.0434638_30.68279724.jpg,Q029__cd_33782_104.0434638_30.68279724.jpg,D:\StreetView_Project\03_Output\clip_knn\questionnaire_sample_k25_500_added_200\08F_final500_freeze_run_20260728_145702\01_final_flat_500\Q029__cd_33782_104.0434638_30.68279724.jpg,frozen_08F,D:\StreetView_Project\03_Output\clip_knn\questionnaire_sample_k25_500_added_200\08D_spatial_visual_proximity_check_run_20260728_143220
Q030,existing_300,CD_55201,chengdu,104.0635561,30.65438919,202005,cd_55201_104.063556097_30.6543891924.jpg,D:\StreetView_Project\01_Data\Street_Images\chengdu\cd_streetview\cd_55201_104.063556097_30.6543891924.jpg,5,0.2393548935651779,center,混合城市主干路/公交道路,Q030__cd_55201_104.0635561_30.65438919.jpg,D:\StreetView_Project\03_Output\clip_knn\questionnaire_sample_k25_500_added_200\08F_final500_freeze_run_20260728_145702\01_final_flat_500\Q030__cd_55201_104.0635561_30.65438919.jpg,CD_55201,False,False,not_applicable_existing_300,Q030__Q030_cd_55201_104.063556097_30.6543891924.jpg,D:\StreetView_Project\03_Output\clip_knn\questionnaire_sample_k25_300\02_images_main\_final_flat_300_for_check\Q030__Q030_cd_55201_104.063556097_30.6543891924.jpg,,202005,cd_55201_104.063556097_30.6543891924.jpg,D:\StreetView_Project\01_Data\Street_Images\chengdu\cd_streetview\cd_55201_104.063556097_30.6543891924.jpg,D:\StreetView_Project\01_Data\Street_Images\chengdu\cd_streetview\cd_55201_104.063556097_30.6543891924.jpg,0.2393548935651779,D:\StreetView_Project\03_Output\clip_knn\questionnaire_sample_k25_300\02_images_main\_final_flat_300_for_check\Q030__Q030_cd_55201_104.063556097_30.6543891924.jpg,cfae0fe85e1d6de9e1cd39ae9d0588199ff94586edfc2611d73a9f07b761a511,Q030__cd_55201_104.0635561_30.65438919.jpg,D:\StreetView_Project\03_Output\clip_knn\questionnaire_sample_k25_500_added_200\08D_spatial_visual_proximity_check_run_20260728_143220\01_preliminary_flat_500\Q030__cd_55201_104.0635561_30.65438919.jpg,Q030__cd_55201_104.0635561_30.65438919.jpg,D:\StreetView_Project\03_Output\clip_knn\questionnaire_sample_k25_500_added_200\08F_final500_freeze_run_20260728_145702\01_final_flat_500\Q030__cd_55201_104.0635561_30.65438919.jpg,frozen_08F,D:\StreetView_Project\03_Output\clip_knn\questionnaire_sample_k25_500_added_200\08D_spatial_visual_proximity_check_run_20260728_143220
Q031,existing_300,CD_468473,chengdu,104.0959516,30.62468896,202304,cd_468473_104.095951588_30.6246889605.jpg,D:\StreetView_Project\01_Data\Street_Images\chengdu\cd_streetview\cd_468473_104.095951588_30.6246889605.jpg,5,0.2473225146532059,middle,混合城市主干路/公交道路,Q031__cd_468473_104.0959516_30.62468896.jpg,D:\StreetView_Project\03_Output\clip_knn\questionnaire_sample_k25_500_added_200\08F_final500_freeze_run_20260728_145702\01_final_flat_500\Q031__cd_468473_104.0959516_30.62468896.jpg,CD_468473,False,False,not_applicable_existing_300,Q031__Q031_cd_468473_104.095951588_30.6246889605.jpg,D:\StreetView_Project\03_Output\clip_knn\questionnaire_sample_k25_300\02_images_main\_final_flat_300_for_check\Q031__Q031_cd_468473_104.095951588_30.6246889605.jpg,,202304,cd_468473_104.095951588_30.6246889605.jpg,D:\StreetView_Project\01_Data\Street_Images\chengdu\cd_streetview\cd_468473_104.095951588_30.6246889605.jpg,D:\StreetView_Project\01_Data\Street_Images\chengdu\cd_streetview\cd_468473_104.095951588_30.6246889605.jpg,0.2473225146532059,D:\StreetView_Project\03_Output\clip_knn\questionnaire_sample_k25_300\02_images_main\_final_flat_300_for_check\Q031__Q031_cd_468473_104.095951588_30.6246889605.jpg,bf7b4c1310791eaaf5096c4e4ffda18dbf241561ddaf07047ef035d39df72143,Q031__cd_468473_104.0959516_30.62468896.jpg,D:\StreetView_Project\03_Output\clip_knn\questionnaire_sample_k25_500_added_200\08D_spatial_visual_proximity_check_run_20260728_143220\01_preliminary_flat_500\Q031__cd_468473_104.0959516_30.62468896.jpg,Q031__cd_468473_104.0959516_30.62468896.jpg,D:\StreetView_Project\03_Output\clip_knn\questionnaire_sample_k25_500_added_200\08F_final500_freeze_run_20260728_145702\01_final_flat_500\Q031__cd_468473_104.0959516_30.62468896.jpg,frozen_08F,D:\StreetView_Project\03_Output\clip_knn\questionnaire_sample_k25_500_added_200\08D_spatial_visual_proximity_check_run_20260728_143220
Q032,existing_300,CD_473461,chengdu,104.0659309,30.66074078,202303,cd_473461_104.065930923_30.6607407796.jpg,D:\StreetView_Project\01_Data\Street_Images\chengdu\cd_streetview\cd_473461_104.065930923_30.6607407796.jpg,5,0.2617326080799103,middle,混合城市主干路/公交道路,Q032__cd_473461_104.0659309_30.66074078.jpg,D:\StreetView_Project\03_Output\clip_knn\questionnaire_sample_k25_500_added_200\08F_final500_freeze_run_20260728_145702\01_final_flat_500\Q032__cd_473461_104.0659309_30.66074078.jpg,CD_473461,False,False,not_applicable_existing_300,Q032__Q032_cd_473461_104.065930923_30.6607407796.jpg,D:\StreetView_Project\03_Output\clip_knn\questionnaire_sample_k25_300\02_images_main\_final_flat_300_for_check\Q032__Q032_cd_473461_104.065930923_30.6607407796.jpg,,202303,cd_473461_104.065930923_30.6607407796.jpg,D:\StreetView_Project\01_Data\Street_Images\chengdu\cd_streetview\cd_473461_104.065930923_30.6607407796.jpg,D:\StreetView_Project\01_Data\Street_Images\chengdu\cd_streetview\cd_473461_104.065930923_30.6607407796.jpg,0.2617326080799103,D:\StreetView_Project\03_Output\clip_knn\questionnaire_sample_k25_300\02_images_main\_final_flat_300_for_check\Q032__Q032_cd_473461_104.065930923_30.6607407796.jpg,f3493f5bec4d886dab1302730b58f4b5f9686f921a4f184d48af4fee14517407,Q032__cd_473461_104.0659309_30.66074078.jpg,D:\StreetView_Project\03_Output\clip_knn\questionnaire_sample_k25_500_added_200\08D_spatial_visual_proximity_check_run_20260728_143220\01_preliminary_flat_500\Q032__cd_473461_104.0659309_30.66074078.jpg,Q032__cd_473461_104.0659309_30.66074078.jpg,D:\StreetView_Project\03_Output\clip_knn\questionnaire_sample_k25_500_added_200\08F_final500_freeze_run_20260728_145702\01_final_flat_500\Q032__cd_473461_104.0659309_30.66074078.jpg,frozen_08F,D:\StreetView_Project\03_Output\clip_knn\questionnaire_sample_k25_500_added_200\08D_spatial_visual_proximity_check_run_20260728_143220
Q033,existing_300,CD_96711,chengdu,104.0769391,30.67743626,201707,cd_96711_104.076939145_30.677436256.jpg,D:\StreetView_Project\01_Data\Street_Images\chengdu\cd_streetview\cd_96711_104.076939145_30.677436256.jpg,5,0.2806520164012909,edge,混合城市主干路/公交道路,Q033__cd_96711_104.0769391_30.67743626.jpg,D:\StreetView_Project\03_Output\clip_knn\questionnaire_sample_k25_500_added_200\08F_final500_freeze_run_20260728_145702\01_final_flat_500\Q033__cd_96711_104.0769391_30.67743626.jpg,CD_96711,False,False,not_applicable_existing_300,Q033__Q033_cd_96711_104.076939145_30.677436256.jpg,D:\StreetView_Project\03_Output\clip_knn\questionnaire_sample_k25_300\02_images_main\_final_flat_300_for_check\Q033__Q033_cd_96711_104.076939145_30.677436256.jpg,,201707,cd_96711_104.076939145_30.677436256.jpg,D:\StreetView_Project\01_Data\Street_Images\chengdu\cd_streetview\cd_96711_104.076939145_30.677436256.jpg,D:\StreetView_Project\01_Data\Street_Images\chengdu\cd_streetview\cd_96711_104.076939145_30.677436256.jpg,0.2806520164012909,D:\StreetView_Project\03_Output\clip_knn\questionnaire_sample_k25_300\02_images_main\_final_flat_300_for_check\Q033__Q033_cd_96711_104.076939145_30.677436256.jpg,5a243a56cd2cd74fa02a8e8328274c679156b2862226ab883abc358e61b06e9e,Q033__cd_96711_104.0769391_30.67743626.jpg,D:\StreetView_Project\03_Output\clip_knn\questionnaire_sample_k25_500_added_200\08D_spatial_visual_proximity_check_run_20260728_143220\01_preliminary_flat_500\Q033__cd_96711_104.0769391_30.67743626.jpg,Q033__cd_96711_104.0769391_30.67743626.jpg,D:\StreetView_Project\03_Output\clip_knn\questionnaire_sample_k25_500_added_200\08F_final500_freeze_run_20260728_145702\01_final_flat_500\Q033__cd_96711_104.0769391_30.67743626.jpg,frozen_08F,D:\StreetView_Project\03_Output\clip_knn\questionnaire_sample_k25_500_added_200\08D_spatial_visual_proximity_check_run_20260728_143220
Q034,existing_300,CD_479896,chengdu,104.1400316,30.66033152,201707,cd_479896_104.140031562_30.6603315168.jpg,D:\StreetView_Project\01_Data\Street_Images\chengdu\cd_streetview\cd_479896_104.140031562_30.6603315168.jpg,6,0.282684326171875,center,城市边缘/围墙边界/低密道路,Q034__cd_479896_104.1400316_30.66033152.jpg,D:\StreetView_Project\03_Output\clip_knn\questionnaire_sample_k25_500_added_200\08F_final500_freeze_run_20260728_145702\01_final_flat_500\Q034__cd_479896_104.1400316_30.66033152.jpg,CD_479896,False,False,not_applicable_existing_300,Q034__Q034_cd_479896_104.140031562_30.6603315168.jpg,D:\StreetView_Project\03_Output\clip_knn\questionnaire_sample_k25_300\02_images_main\_final_flat_300_for_check\Q034__Q034_cd_479896_104.140031562_30.6603315168.jpg,,201707,cd_479896_104.140031562_30.6603315168.jpg,D:\StreetView_Project\01_Data\Street_Images\chengdu\cd_streetview\cd_479896_104.140031562_30.6603315168.jpg,D:\StreetView_Project\01_Data\Street_Images\chengdu\cd_streetview\cd_479896_104.140031562_30.6603315168.jpg,0.282684326171875,D:\StreetView_Project\03_Output\clip_knn\questionnaire_sample_k25_300\02_images_main\_final_flat_300_for_check\Q034__Q034_cd_479896_104.140031562_30.6603315168.jpg,a3dbf95d77004e5e05b2c4b7ed3acc3a2cd9fddfe170011f666b354072b32879,Q034__cd_479896_104.1400316_30.66033152.jpg,D:\StreetView_Project\03_Output\clip_knn\questionnaire_sample_k25_500_added_200\08D_spatial_visual_proximity_check_run_20260728_143220\01_preliminary_flat_500\Q034__cd_479896_104.1400316_30.66033152.jpg,Q034__cd_479896_104.1400316_30.66033152.jpg,D:\StreetView_Project\03_Output\clip_knn\questionnaire_sample_k25_500_added_200\08F_final500_freeze_run_20260728_145702\01_final_flat_500\Q034__cd_479896_104.1400316_30.66033152.jpg,frozen_08F,D:\StreetView_Project\03_Output\clip_knn\questionnaire_sample_k25_500_added_200\08D_spatial_visual_proximity_check_run_20260728_143220
Q035,existing_300,CD_411547,chengdu,104.1219299,30.70054126,201707,cd_411547_104.121929929_30.7005412587.jpg,D:\StreetView_Project\01_Data\Street_Images\chengdu\cd_streetview\cd_411547_104.121929929_30.7005412587.jpg,6,0.2886743247509003,center,城市边缘/围墙边界/低密道路,Q035__cd_411547_104.1219299_30.70054126.jpg,D:\StreetView_Project\03_Output\clip_knn\questionnaire_sample_k25_500_added_200\08F_final500_freeze_run_20260728_145702\01_final_flat_500\Q035__cd_411547_104.1219299_30.70054126.jpg,CD_411547,False,False,not_applicable_existing_300,Q035__Q035_cd_411547_104.121929929_30.7005412587.jpg,D:\StreetView_Project\03_Output\clip_knn\questionnaire_sample_k25_300\02_images_main\_final_flat_300_for_check\Q035__Q035_cd_411547_104.121929929_30.7005412587.jpg,,201707,cd_411547_104.121929929_30.7005412587.jpg,D:\StreetView_Project\01_Data\Street_Images\chengdu\cd_streetview\cd_411547_104.121929929_30.7005412587.jpg,D:\StreetView_Project\01_Data\Street_Images\chengdu\cd_streetview\cd_411547_104.121929929_30.7005412587.jpg,0.2886743247509003,D:\StreetView_Project\03_Output\clip_knn\questionnaire_sample_k25_300\02_images_main\_final_flat_300_for_check\Q035__Q035_cd_411547_104.121929929_30.7005412587.jpg,2d88c19b2790ffc0b9679965cc9fc145e8a8a9cce9320e9ebc830e1f49339121,Q035__cd_411547_104.1219299_30.70054126.jpg,D:\StreetView_Project\03_Output\clip_knn\questionnaire_sample_k25_500_added_200\08D_spatial_visual_proximity_check_run_20260728_143220\01_preliminary_flat_500\Q035__cd_411547_104.1219299_30.70054126.jpg,Q035__cd_411547_104.1219299_30.70054126.jpg,D:\StreetView_Project\03_Output\clip_knn\questionnaire_sample_k25_500_added_200\08F_final500_freeze_run_20260728_145702\01_final_flat_500\Q035__cd_411547_104.1219299_30.70054126.jpg,frozen_08F,D:\StreetView_Project\03_Output\clip_knn\questionnaire_sample_k25_500_added_200\08D_spatial_visual_proximity_check_run_20260728_143220
Q036,existing_300,CD_424456,chengdu,104.1523875,30.69268644,201904,cd_424456_104.152387511_30.6926864439.jpg,D:\StreetView_Project\01_Data\Street_Images\chengdu\cd_streetview\cd_424456_104.152387511_30.6926864439.jpg,6,0.3101624548435211,center,城市边缘/围墙边界/低密道路,Q036__cd_424456_104.1523875_30.69268644.jpg,D:\StreetView_Project\03_Output\clip_knn\questionnaire_sample_k25_500_added_200\08F_final500_freeze_run_20260728_145702\01_final_flat_500\Q036__cd_424456_104.1523875_30.69268644.jpg,CD_424456,False,False,not_applicable_existing_300,Q036__Q036_cd_424456_104.152387511_30.6926864439.jpg,D:\StreetView_Project\03_Output\clip_knn\questionnaire_sample_k25_300\02_images_main\_final_flat_300_for_check\Q036__Q036_cd_424456_104.152387511_30.6926864439.jpg,,201904,cd_424456_104.152387511_30.6926864439.jpg,D:\StreetView_Project\01_Data\Street_Images\chengdu\cd_streetview\cd_424456_104.152387511_30.6926864439.jpg,D:\StreetView_Project\01_Data\Street_Images\chengdu\cd_streetview\cd_424456_104.152387511_30.6926864439.jpg,0.3101624548435211,D:\StreetView_Project\03_Output\clip_knn\questionnaire_sample_k25_300\02_images_main\_final_flat_300_for_check\Q036__Q036_cd_424456_104.152387511_30.6926864439.jpg,c8de7d7dd33d68ec3db762bb49ef47d3a28a540afe2cc14badb9fa49b76f2164,Q036__cd_424456_104.1523875_30.69268644.jpg,D:\StreetView_Project\03_Output\clip_knn\questionnaire_sample_k25_500_added_200\08D_spatial_visual_proximity_check_run_20260728_143220\01_preliminary_flat_500\Q036__cd_424456_104.1523875_30.69268644.jpg,Q036__cd_424456_104.1523875_30.69268644.jpg,D:\StreetView_Project\03_Output\clip_knn\questionnaire_sample_k25_500_added_200\08F_final500_freeze_run_20260728_145702\01_final_flat_500\Q036__cd_424456_104.1523875_30.69268644.jpg,frozen_08F,D:\StreetView_Project\03_Output\clip_knn\questionnaire_sample_k25_500_added_200\08D_spatial_visual_proximity_check_run_20260728_143220
Q037,existing_300,CD_424761,chengdu,104.1278949,30.67047324,201903,cd_424761_104.127894944_30.6704732401.jpg,D:\StreetView_Project\01_Data\Street_Images\chengdu\cd_streetview\cd_424761_104.127894944_30.6704732401.jpg,6,0.3328371047973633,middle,城市边缘/围墙边界/低密道路,Q037__cd_424761_104.1278949_30.67047324.jpg,D:\StreetView_Project\03_Output\clip_knn\questionnaire_sample_k25_500_added_200\08F_final500_freeze_run_20260728_145702\01_final_flat_500\Q037__cd_424761_104.1278949_30.67047324.jpg,CD_424761,False,False,not_applicable_existing_300,Q037__Q037_cd_424761_104.127894944_30.6704732401.jpg,D:\StreetView_Project\03_Output\clip_knn\questionnaire_sample_k25_300\02_images_main\_final_flat_300_for_check\Q037__Q037_cd_424761_104.127894944_30.6704732401.jpg,,201903,cd_424761_104.127894944_30.6704732401.jpg,D:\StreetView_Project\01_Data\Street_Images\chengdu\cd_streetview\cd_424761_104.127894944_30.6704732401.jpg,D:\StreetView_Project\01_Data\Street_Images\chengdu\cd_streetview\cd_424761_104.127894944_30.6704732401.jpg,0.3328371047973633,D:\StreetView_Project\03_Output\clip_knn\questionnaire_sample_k25_300\02_images_main\_final_flat_300_for_check\Q037__Q037_cd_424761_104.127894944_30.6704732401.jpg,8ea7af3e500239ac735243d4775b8321165872d7f3e4e916aa57c6ccc976d32f,Q037__cd_424761_104.1278949_30.67047324.jpg,D:\StreetView_Project\03_Output\clip_knn\questionnaire_sample_k25_500_added_200\08D_spatial_visual_proximity_check_run_20260728_143220\01_preliminary_flat_500\Q037__cd_424761_104.1278949_30.67047324.jpg,Q037__cd_424761_104.1278949_30.67047324.jpg,D:\StreetView_Project\03_Output\clip_knn\questionnaire_sample_k25_500_added_200\08F_final500_freeze_run_20260728_145702\01_final_flat_500\Q037__cd_424761_104.1278949_30.67047324.jpg,frozen_08F,D:\StreetView_Project\03_Output\clip_knn\questionnaire_sample_k25_500_added_200\08D_spatial_visual_proximity_check_run_20260728_143220
Q038,existing_300,CD_422697,chengdu,104.1528216,30.69238116,201904,cd_422697_104.152821616_30.6923811621.jpg,D:\StreetView_Project\01_Data\Street_Images\chengdu\cd_streetview\cd_422697_104.152821616_30.6923811621.jpg,6,0.3451074361801147,middle,城市边缘/围墙边界/低密道路,Q038__cd_422697_104.1528216_30.69238116.jpg,D:\StreetView_Project\03_Output\clip_knn\questionnaire_sample_k25_500_added_200\08F_final500_freeze_run_20260728_145702\01_final_flat_500\Q038__cd_422697_104.1528216_30.69238116.jpg,CD_422697,False,False,not_applicable_existing_300,Q038__Q038_cd_422697_104.152821616_30.6923811621.jpg,D:\StreetView_Project\03_Output\clip_knn\questionnaire_sample_k25_300\02_images_main\_final_flat_300_for_check\Q038__Q038_cd_422697_104.152821616_30.6923811621.jpg,,201904,cd_422697_104.152821616_30.6923811621.jpg,D:\StreetView_Project\01_Data\Street_Images\chengdu\cd_streetview\cd_422697_104.152821616_30.6923811621.jpg,D:\StreetView_Project\01_Data\Street_Images\chengdu\cd_streetview\cd_422697_104.152821616_30.6923811621.jpg,0.3451074361801147,D:\StreetView_Project\03_Output\clip_knn\questionnaire_sample_k25_300\02_images_main\_final_flat_300_for_check\Q038__Q038_cd_422697_104.152821616_30.6923811621.jpg,7d98f3ec26360eeac03623f2682203d1619bff1a71c135310ba102d9b41ee0f2,Q038__cd_422697_104.1528216_30.69238116.jpg,D:\StreetView_Project\03_Output\clip_knn\questionnaire_sample_k25_500_added_200\08D_spatial_visual_proximity_check_run_20260728_143220\01_preliminary_flat_500\Q038__cd_422697_104.1528216_30.69238116.jpg,Q038__cd_422697_104.1528216_30.69238116.jpg,D:\StreetView_Project\03_Output\clip_knn\questionnaire_sample_k25_500_added_200\08F_final500_freeze_run_20260728_145702\01_final_flat_500\Q038__cd_422697_104.1528216_30.69238116.jpg,frozen_08F,D:\StreetView_Project\03_Output\clip_knn\questionnaire_sample_k25_500_added_200\08D_spatial_visual_proximity_check_run_20260728_143220
Q039,existing_300,CD_427686,chengdu,104.1511034,30.7041041,201407,cd_427686_104.151103382_30.7041041019.jpg,D:\StreetView_Project\01_Data\Street_Images\chengdu\cd_streetview\cd_427686_104.151103382_30.7041041019.jpg,6,0.3613342344760895,edge,城市边缘/围墙边界/低密道路,Q039__cd_427686_104.1511034_30.7041041.jpg,D:\StreetView_Project\03_Output\clip_knn\questionnaire_sample_k25_500_added_200\08F_final500_freeze_run_20260728_145702\01_final_flat_500\Q039__cd_427686_104.1511034_30.7041041.jpg,CD_427686,False,False,not_applicable_existing_300,Q039__Q039_cd_427686_104.151103382_30.7041041019.jpg,D:\StreetView_Project\03_Output\clip_knn\questionnaire_sample_k25_300\02_images_main\_final_flat_300_for_check\Q039__Q039_cd_427686_104.151103382_30.7041041019.jpg,,201407,cd_427686_104.151103382_30.7041041019.jpg,D:\StreetView_Project\01_Data\Street_Images\chengdu\cd_streetview\cd_427686_104.151103382_30.7041041019.jpg,D:\StreetView_Project\01_Data\Street_Images\chengdu\cd_streetview\cd_427686_104.151103382_30.7041041019.jpg,0.3613342344760895,D:\StreetView_Project\03_Output\clip_knn\questionnaire_sample_k25_300\02_images_main\_final_flat_300_for_check\Q039__Q039_cd_427686_104.151103382_30.7041041019.jpg,19323664a800bc0272c1b3f4f274640e540fb5b65c89d8e8dadd7a1a9db11698,Q039__cd_427686_104.1511034_30.7041041.jpg,D:\StreetView_Project\03_Output\clip_knn\questionnaire_sample_k25_500_added_200\08D_spatial_visual_proximity_check_run_20260728_143220\01_preliminary_flat_500\Q039__cd_427686_104.1511034_30.7041041.jpg,Q039__cd_427686_104.1511034_30.7041041.jpg,D:\StreetView_Project\03_Output\clip_knn\questionnaire_sample_k25_500_added_200\08F_final500_freeze_run_20260728_145702\01_final_flat_500\Q039__cd_427686_104.1511034_30.7041041.jpg,frozen_08F,D:\StreetView_Project\03_Output\clip_knn\questionnaire_sample_k25_500_added_200\08D_spatial_visual_proximity_check_run_20260728_143220
Q040,existing_300,CD_463225,chengdu,104.060964,30.60157191,202003,cd_463225_104.060964014_30.6015719051.jpg,D:\StreetView_Project\01_Data\Street_Images\chengdu\cd_streetview\cd_463225_104.060964014_30.6015719051.jpg,7,0.2483064532279968,middle,成都开敞桥梁/快速路道路,Q040__cd_463225_104.060964_30.60157191.jpg,D:\StreetView_Project\03_Output\clip_knn\questionnaire_sample_k25_500_added_200\08F_final500_freeze_run_20260728_145702\01_final_flat_500\Q040__cd_463225_104.060964_30.60157191.jpg,CD_463225,False,False,not_applicable_existing_300,Q040__Q040_cd_463225_104.060964014_30.6015719051.jpg,D:\StreetView_Project\03_Output\clip_knn\questionnaire_sample_k25_300\02_images_main\_final_flat_300_for_check\Q040__Q040_cd_463225_104.060964014_30.6015719051.jpg,,202003,cd_463225_104.060964014_30.6015719051.jpg,D:\StreetView_Project\01_Data\Street_Images\chengdu\cd_streetview\cd_463225_104.060964014_30.6015719051.jpg,D:\StreetView_Project\01_Data\Street_Images\chengdu\cd_streetview\cd_463225_104.060964014_30.6015719051.jpg,0.2483064532279968,D:\StreetView_Project\03_Output\clip_knn\questionnaire_sample_k25_300\02_images_main\_final_flat_300_for_check\Q040__Q040_cd_463225_104.060964014_30.6015719051.jpg,17d968859880ceaec3c37129315d02ce707cfad56a53d0078e16b4d01cc0956c,Q040__cd_463225_104.060964_30.60157191.jpg,D:\StreetView_Project\03_Output\clip_knn\questionnaire_sample_k25_500_added_200\08D_spatial_visual_proximity_check_run_20260728_143220\01_preliminary_flat_500\Q040__cd_463225_104.060964_30.60157191.jpg,Q040__cd_463225_104.060964_30.60157191.jpg,D:\StreetView_Project\03_Output\clip_knn\questionnaire_sample_k25_500_added_200\08F_final500_freeze_run_20260728_145702\01_final_flat_500\Q040__cd_463225_104.060964_30.60157191.jpg,frozen_08F,D:\StreetView_Project\03_Output\clip_knn\questionnaire_sample_k25_500_added_200\08D_spatial_visual_proximity_check_run_20260728_143220
Q041,existing_300,CD_222023,chengdu,104.0196819,30.6136203,202003,cd_222023_104.019681942_30.6136203009.jpg,D:\StreetView_Project\01_Data\Street_Images\chengdu\cd_streetview\cd_222023_104.019681942_30.6136203009.jpg,7,0.2340979278087616,center,成都开敞桥梁/快速路道路,Q041__cd_222023_104.0196819_30.6136203.jpg,D:\StreetView_Project\03_Output\clip_knn\questionnaire_sample_k25_500_added_200\08F_final500_freeze_run_20260728_145702\01_final_flat_500\Q041__cd_222023_104.0196819_30.6136203.jpg,CD_222023,False,False,not_applicable_existing_300,Q041__Q041_cd_222023_104.019681942_30.6136203009.jpg,D:\StreetView_Project\03_Output\clip_knn\questionnaire_sample_k25_300\02_images_main\_final_flat_300_for_check\Q041__Q041_cd_222023_104.019681942_30.6136203009.jpg,,202003,cd_222023_104.019681942_30.6136203009.jpg,D:\StreetView_Project\01_Data\Street_Images\chengdu\cd_streetview\cd_222023_104.019681942_30.6136203009.jpg,D:\StreetView_Project\01_Data\Street_Images\chengdu\cd_streetview\cd_222023_104.019681942_30.6136203009.jpg,0.2340979278087616,D:\StreetView_Project\03_Output\clip_knn\questionnaire_sample_k25_300\02_images_main\_final_flat_300_for_check\Q041__Q041_cd_222023_104.019681942_30.6136203009.jpg,d5186186d378db85eb788c2cd4c6d459ab81e97e7029d80476d094af5d769eea,Q041__cd_222023_104.0196819_30.6136203.jpg,D:\StreetView_Project\03_Output\clip_knn\questionnaire_sample_k25_500_added_200\08D_spatial_visual_proximity_check_run_20260728_143220\01_preliminary_flat_500\Q041__cd_222023_104.0196819_30.6136203.jpg,Q041__cd_222023_104.0196819_30.6136203.jpg,D:\StreetView_Project\03_Output\clip_knn\questionnaire_sample_k25_500_added_200\08F_final500_freeze_run_20260728_145702\01_final_flat_500\Q041__cd_222023_104.0196819_30.6136203.jpg,frozen_08F,D:\StreetView_Project\03_Output\clip_knn\questionnaire_sample_k25_500_added_200\08D_spatial_visual_proximity_check_run_20260728_143220
Q042,existing_300,CD_419642,chengdu,104.0505021,30.72274266,202002,cd_419642_104.050502098_30.7227426594.jpg,D:\StreetView_Project\01_Data\Street_Images\chengdu\cd_streetview\cd_419642_104.050502098_30.7227426594.jpg,7,0.2103660255670547,center,成都开敞桥梁/快速路道路,Q042__cd_419642_104.0505021_30.72274266.jpg,D:\StreetView_Project\03_Output\clip_knn\questionnaire_sample_k25_500_added_200\08F_final500_freeze_run_20260728_145702\01_final_flat_500\Q042__cd_419642_104.0505021_30.72274266.jpg,CD_419642,False,False,not_applicable_existing_300,Q042__Q042_cd_419642_104.050502098_30.7227426594.jpg,D:\StreetView_Project\03_Output\clip_knn\questionnaire_sample_k25_300\02_images_main\_final_flat_300_for_check\Q042__Q042_cd_419642_104.050502098_30.7227426594.jpg,,202002,cd_419642_104.050502098_30.7227426594.jpg,D:\StreetView_Project\01_Data\Street_Images\chengdu\cd_streetview\cd_419642_104.050502098_30.7227426594.jpg,D:\StreetView_Project\01_Data\Street_Images\chengdu\cd_streetview\cd_419642_104.050502098_30.7227426594.jpg,0.2103660255670547,D:\StreetView_Project\03_Output\clip_knn\questionnaire_sample_k25_300\02_images_main\_final_flat_300_for_check\Q042__Q042_cd_419642_104.050502098_30.7227426594.jpg,df2e52876a0d425a9a2d76d8ea16960f05c2f67ceba3781b2249c2dc453e1d8c,Q042__cd_419642_104.0505021_30.72274266.jpg,D:\StreetView_Project\03_Output\clip_knn\questionnaire_sample_k25_500_added_200\08D_spatial_visual_proximity_check_run_20260728_143220\01_preliminary_flat_500\Q042__cd_419642_104.0505021_30.72274266.jpg,Q042__cd_419642_104.0505021_30.72274266.jpg,D:\StreetView_Project\03_Output\clip_knn\questionnaire_sample_k25_500_added_200\08F_final500_freeze_run_20260728_145702\01_final_flat_500\Q042__cd_419642_104.0505021_30.72274266.jpg,frozen_08F,D:\StreetView_Project\03_Output\clip_knn\questionnaire_sample_k25_500_added_200\08D_spatial_visual_proximity_check_run_20260728_143220
Q043,existing_300,CD_221646,chengdu,104.1595127,30.68398893,202002,cd_221646_104.159512716_30.683988925.jpg,D:\StreetView_Project\01_Data\Street_Images\chengdu\cd_streetview\cd_221646_104.159512716_30.683988925.jpg,7,0.1940400898456573,center,成都开敞桥梁/快速路道路,Q043__cd_221646_104.1595127_30.68398893.jpg,D:\StreetView_Project\03_Output\clip_knn\questionnaire_sample_k25_500_added_200\08F_final500_freeze_run_20260728_145702\01_final_flat_500\Q043__cd_221646_104.1595127_30.68398893.jpg,CD_221646,False,False,not_applicable_existing_300,Q043__Q043_cd_221646_104.159512716_30.683988925.jpg,D:\StreetView_Project\03_Output\clip_knn\questionnaire_sample_k25_300\02_images_main\_final_flat_300_for_check\Q043__Q043_cd_221646_104.159512716_30.683988925.jpg,,202002,cd_221646_104.159512716_30.683988925.jpg,D:\StreetView_Project\01_Data\Street_Images\chengdu\cd_streetview\cd_221646_104.159512716_30.683988925.jpg,D:\StreetView_Project\01_Data\Street_Images\chengdu\cd_streetview\cd_221646_104.159512716_30.683988925.jpg,0.1940400898456573,D:\StreetView_Project\03_Output\clip_knn\questionnaire_sample_k25_300\02_images_main\_final_flat_300_for_check\Q043__Q043_cd_221646_104.159512716_30.683988925.jpg,8e90f67b8da3294558954b535d16450d11c73938069eae1796f03eda4ac370a4,Q043__cd_221646_104.1595127_30.68398893.jpg,D:\StreetView_Project\03_Output\clip_knn\questionnaire_sample_k25_500_added_200\08D_spatial_visual_proximity_check_run_20260728_143220\01_preliminary_flat_500\Q043__cd_221646_104.1595127_30.68398893.jpg,Q043__cd_221646_104.1595127_30.68398893.jpg,D:\StreetView_Project\03_Output\clip_knn\questionnaire_sample_k25_500_added_200\08F_final500_freeze_run_20260728_145702\01_final_flat_500\Q043__cd_221646_104.1595127_30.68398893.jpg,frozen_08F,D:\StreetView_Project\03_Output\clip_knn\questionnaire_sample_k25_500_added_200\08D_spatial_visual_proximity_check_run_20260728_143220
Q044,existing_300,CD_34200,chengdu,104.0956269,30.67522751,202002,cd_34200_104.095626935_30.6752275092.jpg,D:\StreetView_Project\01_Data\Street_Images\chengdu\cd_streetview\cd_34200_104.095626935_30.6752275092.jpg,7,0.2447835803031921,middle,成都开敞桥梁/快速路道路,Q044__cd_34200_104.0956269_30.67522751.jpg,D:\StreetView_Project\03_Output\clip_knn\questionnaire_sample_k25_500_added_200\08F_final500_freeze_run_20260728_145702\01_final_flat_500\Q044__cd_34200_104.0956269_30.67522751.jpg,CD_34200,False,False,not_applicable_existing_300,Q044__Q044_cd_34200_104.095626935_30.6752275092.jpg,D:\StreetView_Project\03_Output\clip_knn\questionnaire_sample_k25_300\02_images_main\_final_flat_300_for_check\Q044__Q044_cd_34200_104.095626935_30.6752275092.jpg,,202002,cd_34200_104.095626935_30.6752275092.jpg,D:\StreetView_Project\01_Data\Street_Images\chengdu\cd_streetview\cd_34200_104.095626935_30.6752275092.jpg,D:\StreetView_Project\01_Data\Street_Images\chengdu\cd_streetview\cd_34200_104.095626935_30.6752275092.jpg,0.2447835803031921,D:\StreetView_Project\03_Output\clip_knn\questionnaire_sample_k25_300\02_images_main\_final_flat_300_for_check\Q044__Q044_cd_34200_104.095626935_30.6752275092.jpg,97c1b5243dd38a50390ed4b4d0285570a5b44e9db8e8057bf8f5123933a13f51,Q044__cd_34200_104.0956269_30.67522751.jpg,D:\StreetView_Project\03_Output\clip_knn\questionnaire_sample_k25_500_added_200\08D_spatial_visual_proximity_check_run_20260728_143220\01_preliminary_flat_500\Q044__cd_34200_104.0956269_30.67522751.jpg,Q044__cd_34200_104.0956269_30.67522751.jpg,D:\StreetView_Project\03_Output\clip_knn\questionnaire_sample_k25_500_added_200\08F_final500_freeze_run_20260728_145702\01_final_flat_500\Q044__cd_34200_104.0956269_30.67522751.jpg,frozen_08F,D:\StreetView_Project\03_Output\clip_knn\questionnaire_sample_k25_500_added_200\08D_spatial_visual_proximity_check_run_20260728_143220
Q045,existing_300,CD_48963,chengdu,104.0357153,30.60515835,202002,cd_48963_104.035715313_30.6051583466.jpg,D:\StreetView_Project\01_Data\Street_Images\chengdu\cd_streetview\cd_48963_104.035715313_30.6051583466.jpg,7,0.3146826326847076,edge,成都开敞桥梁/快速路道路,Q045__cd_48963_104.0357153_30.60515835.jpg,D:\StreetView_Project\03_Output\clip_knn\questionnaire_sample_k25_500_added_200\08F_final500_freeze_run_20260728_145702\01_final_flat_500\Q045__cd_48963_104.0357153_30.60515835.jpg,CD_48963,False,False,not_applicable_existing_300,Q045__Q045_cd_48963_104.035715313_30.6051583466.jpg,D:\StreetView_Project\03_Output\clip_knn\questionnaire_sample_k25_300\02_images_main\_final_flat_300_for_check\Q045__Q045_cd_48963_104.035715313_30.6051583466.jpg,,202002,cd_48963_104.035715313_30.6051583466.jpg,D:\StreetView_Project\01_Data\Street_Images\chengdu\cd_streetview\cd_48963_104.035715313_30.6051583466.jpg,D:\StreetView_Project\01_Data\Street_Images\chengdu\cd_streetview\cd_48963_104.035715313_30.6051583466.jpg,0.3146826326847076,D:\StreetView_Project\03_Output\clip_knn\questionnaire_sample_k25_300\02_images_main\_final_flat_300_for_check\Q045__Q045_cd_48963_104.035715313_30.6051583466.jpg,f4ff9b57361c8de3b938696d18912d45f12fdffbe0d405ef3131b838f32ea6bc,Q045__cd_48963_104.0357153_30.60515835.jpg,D:\StreetView_Project\03_Output\clip_knn\questionnaire_sample_k25_500_added_200\08D_spatial_visual_proximity_check_run_20260728_143220\01_preliminary_flat_500\Q045__cd_48963_104.0357153_30.60515835.jpg,Q045__cd_48963_104.0357153_30.60515835.jpg,D:\StreetView_Project\03_Output\clip_knn\questionnaire_sample_k25_500_added_200\08F_final500_freeze_run_20260728_145702\01_final_flat_500\Q045__cd_48963_104.0357153_30.60515835.jpg,frozen_08F,D:\StreetView_Project\03_Output\clip_knn\questionnaire_sample_k25_500_added_200\08D_spatial_visual_proximity_check_run_20260728_143220
Q046,existing_300,CD_462116,chengdu,103.9948189,30.6464695,202002,cd_462116_103.994818858_30.6464694967.jpg,D:\StreetView_Project\01_Data\Street_Images\chengdu\cd_streetview\cd_462116_103.994818858_30.6464694967.jpg,7,0.3288797438144684,edge,成都开敞桥梁/快速路道路,Q046__cd_462116_103.9948189_30.6464695.jpg,D:\StreetView_Project\03_Output\clip_knn\questionnaire_sample_k25_500_added_200\08F_final500_freeze_run_20260728_145702\01_final_flat_500\Q046__cd_462116_103.9948189_30.6464695.jpg,CD_462116,False,False,not_applicable_existing_300,Q046__Q046_cd_462116_103.994818858_30.6464694967.jpg,D:\StreetView_Project\03_Output\clip_knn\questionnaire_sample_k25_300\02_images_main\_final_flat_300_for_check\Q046__Q046_cd_462116_103.994818858_30.6464694967.jpg,,202002,cd_462116_103.994818858_30.6464694967.jpg,D:\StreetView_Project\01_Data\Street_Images\chengdu\cd_streetview\cd_462116_103.994818858_30.6464694967.jpg,D:\StreetView_Project\01_Data\Street_Images\chengdu\cd_streetview\cd_462116_103.994818858_30.6464694967.jpg,0.3288797438144684,D:\StreetView_Project\03_Output\clip_knn\questionnaire_sample_k25_300\02_images_main\_final_flat_300_for_check\Q046__Q046_cd_462116_103.994818858_30.6464694967.jpg,e57d13a92c052dd162dc7697218d0570006ad192da04775839cec7eb88e1a7dc,Q046__cd_462116_103.9948189_30.6464695.jpg,D:\StreetView_Project\03_Output\clip_knn\questionnaire_sample_k25_500_added_200\08D_spatial_visual_proximity_check_run_20260728_143220\01_preliminary_flat_500\Q046__cd_462116_103.9948189_30.6464695.jpg,Q046__cd_462116_103.9948189_30.6464695.jpg,D:\StreetView_Project\03_Output\clip_knn\questionnaire_sample_k25_500_added_200\08F_final500_freeze_run_20260728_145702\01_final_flat_500\Q046__cd_462116_103.9948189_30.6464695.jpg,frozen_08F,D:\StreetView_Project\03_Output\clip_knn\questionnaire_sample_k25_500_added_200\08D_spatial_visual_proximity_check_run_20260728_143220
Q047,existing_300,CD_416701,chengdu,104.0936408,30.68988449,202002,cd_416701_104.093640805_30.6898844894.jpg,D:\StreetView_Project\01_Data\Street_Images\chengdu\cd_streetview\cd_416701_104.093640805_30.6898844894.jpg,7,0.3571880459785461,edge,成都开敞桥梁/快速路道路,Q047__cd_416701_104.0936408_30.68988449.jpg,D:\StreetView_Project\03_Output\clip_knn\questionnaire_sample_k25_500_added_200\08F_final500_freeze_run_20260728_145702\01_final_flat_500\Q047__cd_416701_104.0936408_30.68988449.jpg,CD_416701,False,False,not_applicable_existing_300,Q047__Q047_cd_416701_104.093640805_30.6898844894.jpg,D:\StreetView_Project\03_Output\clip_knn\questionnaire_sample_k25_300\02_images_main\_final_flat_300_for_check\Q047__Q047_cd_416701_104.093640805_30.6898844894.jpg,,202002,cd_416701_104.093640805_30.6898844894.jpg,D:\StreetView_Project\01_Data\Street_Images\chengdu\cd_streetview\cd_416701_104.093640805_30.6898844894.jpg,D:\StreetView_Project\01_Data\Street_Images\chengdu\cd_streetview\cd_416701_104.093640805_30.6898844894.jpg,0.3571880459785461,D:\StreetView_Project\03_Output\clip_knn\questionnaire_sample_k25_300\02_images_main\_final_flat_300_for_check\Q047__Q047_cd_416701_104.093640805_30.6898844894.jpg,b4de615691bc50d6aee4e2702c7f22d8f04c693352bdb973f86fbe2407f7b4f6,Q047__cd_416701_104.0936408_30.68988449.jpg,D:\StreetView_Project\03_Output\clip_knn\questionnaire_sample_k25_500_added_200\08D_spatial_visual_proximity_check_run_20260728_143220\01_preliminary_flat_500\Q047__cd_416701_104.0936408_30.68988449.jpg,Q047__cd_416701_104.0936408_30.68988449.jpg,D:\StreetView_Project\03_Output\clip_knn\questionnaire_sample_k25_500_added_200\08F_final500_freeze_run_20260728_145702\01_final_flat_500\Q047__cd_416701_104.0936408_30.68988449.jpg,frozen_08F,D:\StreetView_Project\03_Output\clip_knn\questionnaire_sample_k25_500_added_200\08D_spatial_visual_proximity_check_run_20260728_143220
Q048,existing_300,CD_468205,chengdu,104.0755266,30.60767214,201707,cd_468205_104.075526645_30.6076721445.jpg,D:\StreetView_Project\01_Data\Street_Images\chengdu\cd_streetview\cd_468205_104.075526645_30.6076721445.jpg,8,0.2118373960256577,center,重庆高层居住区绿化道路,Q048__cd_468205_104.0755266_30.60767214.jpg,D:\StreetView_Project\03_Output\clip_knn\questionnaire_sample_k25_500_added_200\08F_final500_freeze_run_20260728_145702\01_final_flat_500\Q048__cd_468205_104.0755266_30.60767214.jpg,CD_468205,False,False,not_applicable_existing_300,Q048__Q048_cd_468205_104.075526645_30.6076721445.jpg,D:\StreetView_Project\03_Output\clip_knn\questionnaire_sample_k25_300\02_images_main\_final_flat_300_for_check\Q048__Q048_cd_468205_104.075526645_30.6076721445.jpg,,201707,cd_468205_104.075526645_30.6076721445.jpg,D:\StreetView_Project\01_Data\Street_Images\chengdu\cd_streetview\cd_468205_104.075526645_30.6076721445.jpg,D:\StreetView_Project\01_Data\Street_Images\chengdu\cd_streetview\cd_468205_104.075526645_30.6076721445.jpg,0.2118373960256577,D:\StreetView_Project\03_Output\clip_knn\questionnaire_sample_k25_300\02_images_main\_final_flat_300_for_check\Q048__Q048_cd_468205_104.075526645_30.6076721445.jpg,82f61cbc1a9dfc4d47ed2386f89ea9f2568d944f708759558c30ee2cc89d5151,Q048__cd_468205_104.0755266_30.60767214.jpg,D:\StreetView_Project\03_Output\clip_knn\questionnaire_sample_k25_500_added_200\08D_spatial_visual_proximity_check_run_20260728_143220\01_preliminary_flat_500\Q048__cd_468205_104.0755266_30.60767214.jpg,Q048__cd_468205_104.0755266_30.60767214.jpg,D:\StreetView_Project\03_Output\clip_knn\questionnaire_sample_k25_500_added_200\08F_final500_freeze_run_20260728_145702\01_final_flat_500\Q048__cd_468205_104.0755266_30.60767214.jpg,frozen_08F,D:\StreetView_Project\03_Output\clip_knn\questionnaire_sample_k25_500_added_200\08D_spatial_visual_proximity_check_run_20260728_143220
Q049,existing_300,CD_470364,chengdu,104.1093185,30.65956124,201611,cd_470364_104.10931853_30.6595612371.jpg,D:\StreetView_Project\01_Data\Street_Images\chengdu\cd_streetview\cd_470364_104.10931853_30.6595612371.jpg,8,0.2840399146080017,middle,重庆高层居住区绿化道路,Q049__cd_470364_104.1093185_30.65956124.jpg,D:\StreetView_Project\03_Output\clip_knn\questionnaire_sample_k25_500_added_200\08F_final500_freeze_run_20260728_145702\01_final_flat_500\Q049__cd_470364_104.1093185_30.65956124.jpg,CD_470364,False,False,not_applicable_existing_300,Q049__Q049_cd_470364_104.10931853_30.6595612371.jpg,D:\StreetView_Project\03_Output\clip_knn\questionnaire_sample_k25_300\02_images_main\_final_flat_300_for_check\Q049__Q049_cd_470364_104.10931853_30.6595612371.jpg,,201611,cd_470364_104.10931853_30.6595612371.jpg,D:\StreetView_Project\01_Data\Street_Images\chengdu\cd_streetview\cd_470364_104.10931853_30.6595612371.jpg,D:\StreetView_Project\01_Data\Street_Images\chengdu\cd_streetview\cd_470364_104.10931853_30.6595612371.jpg,0.2840399146080017,D:\StreetView_Project\03_Output\clip_knn\questionnaire_sample_k25_300\02_images_main\_final_flat_300_for_check\Q049__Q049_cd_470364_104.10931853_30.6595612371.jpg,3bca5d1b4f9a76156deb5003a884fb763d3a6e0a9423a285ad848f7d6cd2370f,Q049__cd_470364_104.1093185_30.65956124.jpg,D:\StreetView_Project\03_Output\clip_knn\questionnaire_sample_k25_500_added_200\08D_spatial_visual_proximity_check_run_20260728_143220\01_preliminary_flat_500\Q049__cd_470364_104.1093185_30.65956124.jpg,Q049__cd_470364_104.1093185_30.65956124.jpg,D:\StreetView_Project\03_Output\clip_knn\questionnaire_sample_k25_500_added_200\08F_final500_freeze_run_20260728_145702\01_final_flat_500\Q049__cd_470364_104.1093185_30.65956124.jpg,frozen_08F,D:\StreetView_Project\03_Output\clip_knn\questionnaire_sample_k25_500_added_200\08D_spatial_visual_proximity_check_run_20260728_143220
Q050,existing_300,CD_412089,chengdu,104.0883976,30.70194793,202304,cd_412089_104.088397586_30.7019479283.jpg,D:\StreetView_Project\01_Data\Street_Images\chengdu\cd_streetview\cd_412089_104.088397586_30.7019479283.jpg,8,0.236499086022377,center,重庆高层居住区绿化道路,Q050__cd_412089_104.0883976_30.70194793.jpg,D:\StreetView_Project\03_Output\clip_knn\questionnaire_sample_k25_500_added_200\08F_final500_freeze_run_20260728_145702\01_final_flat_500\Q050__cd_412089_104.0883976_30.70194793.jpg,CD_412089,False,False,not_applicable_existing_300,Q050__Q050_cd_412089_104.088397586_30.7019479283.jpg,D:\StreetView_Project\03_Output\clip_knn\questionnaire_sample_k25_300\02_images_main\_final_flat_300_for_check\Q050__Q050_cd_412089_104.088397586_30.7019479283.jpg,,202304,cd_412089_104.088397586_30.7019479283.jpg,D:\StreetView_Project\01_Data\Street_Images\chengdu\cd_streetview\cd_412089_104.088397586_30.7019479283.jpg,D:\StreetView_Project\01_Data\Street_Images\chengdu\cd_streetview\cd_412089_104.088397586_30.7019479283.jpg,0.236499086022377,D:\StreetView_Project\03_Output\clip_knn\questionnaire_sample_k25_300\02_images_main\_final_flat_300_for_check\Q050__Q050_cd_412089_104.088397586_30.7019479283.jpg,c238d468446ac7a3589c63563c91e0cf59bb0aea728e026a6546f511002879c5,Q050__cd_412089_104.0883976_30.70194793.jpg,D:\StreetView_Project\03_Output\clip_knn\questionnaire_sample_k25_500_added_200\08D_spatial_visual_proximity_check_run_20260728_143220\01_preliminary_flat_500\Q050__cd_412089_104.0883976_30.70194793.jpg,Q050__cd_412089_104.0883976_30.70194793.jpg,D:\StreetView_Project\03_Output\clip_knn\questionnaire_sample_k25_500_added_200\08F_final500_freeze_run_20260728_145702\01_final_flat_500\Q050__cd_412089_104.0883976_30.70194793.jpg,frozen_08F,D:\StreetView_Project\03_Output\clip_knn\questionnaire_sample_k25_500_added_200\08D_spatial_visual_proximity_check_run_20260728_143220
Q051,existing_300,CD_414222,chengdu,104.0485178,30.68448394,202303,cd_414222_104.04851781_30.6844839428.jpg,D:\StreetView_Project\01_Data\Street_Images\chengdu\cd_streetview\cd_414222_104.04851781_30.6844839428.jpg,8,0.2703043818473816,middle,重庆高层居住区绿化道路,Q051__cd_414222_104.0485178_30.68448394.jpg,D:\StreetView_Project\03_Output\clip_knn\questionnaire_sample_k25_500_added_200\08F_final500_freeze_run_20260728_145702\01_final_flat_500\Q051__cd_414222_104.0485178_30.68448394.jpg,CD_414222,False,False,not_applicable_existing_300,Q051__Q051_cd_414222_104.04851781_30.6844839428.jpg,D:\StreetView_Project\03_Output\clip_knn\questionnaire_sample_k25_300\02_images_main\_final_flat_300_for_check\Q051__Q051_cd_414222_104.04851781_30.6844839428.jpg,,202303,cd_414222_104.04851781_30.6844839428.jpg,D:\StreetView_Project\01_Data\Street_Images\chengdu\cd_streetview\cd_414222_104.04851781_30.6844839428.jpg,D:\StreetView_Project\01_Data\Street_Images\chengdu\cd_streetview\cd_414222_104.04851781_30.6844839428.jpg,0.2703043818473816,D:\StreetView_Project\03_Output\clip_knn\questionnaire_sample_k25_300\02_images_main\_final_flat_300_for_check\Q051__Q051_cd_414222_104.04851781_30.6844839428.jpg,4533642a6d21741ce3cad6e12f342ee7950100da9c712c413cc6fb02d965c19e,Q051__cd_414222_104.0485178_30.68448394.jpg,D:\StreetView_Project\03_Output\clip_knn\questionnaire_sample_k25_500_added_200\08D_spatial_visual_proximity_check_run_20260728_143220\01_preliminary_flat_500\Q051__cd_414222_104.0485178_30.68448394.jpg,Q051__cd_414222_104.0485178_30.68448394.jpg,D:\StreetView_Project\03_Output\clip_knn\questionnaire_sample_k25_500_added_200\08F_final500_freeze_run_20260728_145702\01_final_flat_500\Q051__cd_414222_104.0485178_30.68448394.jpg,frozen_08F,D:\StreetView_Project\03_Output\clip_knn\questionnaire_sample_k25_500_added_200\08D_spatial_visual_proximity_check_run_20260728_143220
Q052,existing_300,CD_472763,chengdu,104.0830682,30.64878946,202303,cd_472763_104.08306824_30.6487894574.jpg,D:\StreetView_Project\01_Data\Street_Images\chengdu\cd_streetview\cd_472763_104.08306824_30.6487894574.jpg,8,0.3080157041549683,edge,重庆高层居住区绿化道路,Q052__cd_472763_104.0830682_30.64878946.jpg,D:\StreetView_Project\03_Output\clip_knn\questionnaire_sample_k25_500_added_200\08F_final500_freeze_run_20260728_145702\01_final_flat_500\Q052__cd_472763_104.0830682_30.64878946.jpg,CD_472763,False,False,not_applicable_existing_300,Q052__Q052_cd_472763_104.08306824_30.6487894574.jpg,D:\StreetView_Project\03_Output\clip_knn\questionnaire_sample_k25_300\02_images_main\_final_flat_300_for_check\Q052__Q052_cd_472763_104.08306824_30.6487894574.jpg,,202303,cd_472763_104.08306824_30.6487894574.jpg,D:\StreetView_Project\01_Data\Street_Images\chengdu\cd_streetview\cd_472763_104.08306824_30.6487894574.jpg,D:\StreetView_Project\01_Data\Street_Images\chengdu\cd_streetview\cd_472763_104.08306824_30.6487894574.jpg,0.3080157041549683,D:\StreetView_Project\03_Output\clip_knn\questionnaire_sample_k25_300\02_images_main\_final_flat_300_for_check\Q052__Q052_cd_472763_104.08306824_30.6487894574.jpg,325a3d6a827eb21be471b08f323a44e0ba574582282a6133580530e836d0bb3b,Q052__cd_472763_104.0830682_30.64878946.jpg,D:\StreetView_Project\03_Output\clip_knn\questionnaire_sample_k25_500_added_200\08D_spatial_visual_proximity_check_run_20260728_143220\01_preliminary_flat_500\Q052__cd_472763_104.0830682_30.64878946.jpg,Q052__cd_472763_104.0830682_30.64878946.jpg,D:\StreetView_Project\03_Output\clip_knn\questionnaire_sample_k25_500_added_200\08F_final500_freeze_run_20260728_145702\01_final_flat_500\Q052__cd_472763_104.0830682_30.64878946.jpg,frozen_08F,D:\StreetView_Project\03_Output\clip_knn\questionnaire_sample_k25_500_added_200\08D_spatial_visual_proximity_check_run_20260728_143220
Q053,existing_300,CD_413805,chengdu,104.1247536,30.71138537,202304,cd_413805_104.124753625_30.7113853745.jpg,D:\StreetView_Project\01_Data\Street_Images\chengdu\cd_streetview\cd_413805_104.124753625_30.7113853745.jpg,9,0.2226058095693588,center,成都中心城区规整主干路,Q053__cd_413805_104.1247536_30.71138537.jpg,D:\StreetView_Project\03_Output\clip_knn\questionnaire_sample_k25_500_added_200\08F_final500_freeze_run_20260728_145702\01_final_flat_500\Q053__cd_413805_104.1247536_30.71138537.jpg,CD_413805,False,False,not_applicable_existing_300,Q053__Q053_cd_413805_104.124753625_30.7113853745.jpg,D:\StreetView_Project\03_Output\clip_knn\questionnaire_sample_k25_300\02_images_main\_final_flat_300_for_check\Q053__Q053_cd_413805_104.124753625_30.7113853745.jpg,,202304,cd_413805_104.124753625_30.7113853745.jpg,D:\StreetView_Project\01_Data\Street_Images\chengdu\cd_streetview\cd_413805_104.124753625_30.7113853745.jpg,D:\StreetView_Project\01_Data\Street_Images\chengdu\cd_streetview\cd_413805_104.124753625_30.7113853745.jpg,0.2226058095693588,D:\StreetView_Project\03_Output\clip_knn\questionnaire_sample_k25_300\02_images_main\_final_flat_300_for_check\Q053__Q053_cd_413805_104.124753625_30.7113853745.jpg,f286a4e117a2da252ca5e111c45d83d265be94653f02fdf6b5fc6f6c748b1809,Q053__cd_413805_104.1247536_30.71138537.jpg,D:\StreetView_Project\03_Output\clip_knn\questionnaire_sample_k25_500_added_200\08D_spatial_visual_proximity_check_run_20260728_143220\01_preliminary_flat_500\Q053__cd_413805_104.1247536_30.71138537.jpg,Q053__cd_413805_104.1247536_30.71138537.jpg,D:\StreetView_Project\03_Output\clip_knn\questionnaire_sample_k25_500_added_200\08F_final500_freeze_run_20260728_145702\01_final_flat_500\Q053__cd_413805_104.1247536_30.71138537.jpg,frozen_08F,D:\StreetView_Project\03_Output\clip_knn\questionnaire_sample_k25_500_added_200\08D_spatial_visual_proximity_check_run_20260728_143220
Q054,existing_300,CD_57854,chengdu,104.1339226,30.61757939,202304,cd_57854_104.133922613_30.6175793902.jpg,D:\StreetView_Project\01_Data\Street_Images\chengdu\cd_streetview\cd_57854_104.133922613_30.6175793902.jpg,9,0.2198431491851807,center,成都中心城区规整主干路,Q054__cd_57854_104.1339226_30.61757939.jpg,D:\StreetView_Project\03_Output\clip_knn\questionnaire_sample_k25_500_added_200\08F_final500_freeze_run_20260728_145702\01_final_flat_500\Q054__cd_57854_104.1339226_30.61757939.jpg,CD_57854,False,False,not_applicable_existing_300,Q054__Q054_cd_57854_104.133922613_30.6175793902.jpg,D:\StreetView_Project\03_Output\clip_knn\questionnaire_sample_k25_300\02_images_main\_final_flat_300_for_check\Q054__Q054_cd_57854_104.133922613_30.6175793902.jpg,,202304,cd_57854_104.133922613_30.6175793902.jpg,D:\StreetView_Project\01_Data\Street_Images\chengdu\cd_streetview\cd_57854_104.133922613_30.6175793902.jpg,D:\StreetView_Project\01_Data\Street_Images\chengdu\cd_streetview\cd_57854_104.133922613_30.6175793902.jpg,0.2198431491851807,D:\StreetView_Project\03_Output\clip_knn\questionnaire_sample_k25_300\02_images_main\_final_flat_300_for_check\Q054__Q054_cd_57854_104.133922613_30.6175793902.jpg,3379c6493d41651c3dbe2fd0bdd9735cdf8d731610e28fe941f4accd20fda4c0,Q054__cd_57854_104.1339226_30.61757939.jpg,D:\StreetView_Project\03_Output\clip_knn\questionnaire_sample_k25_500_added_200\08D_spatial_visual_proximity_check_run_20260728_143220\01_preliminary_flat_500\Q054__cd_57854_104.1339226_30.61757939.jpg,Q054__cd_57854_104.1339226_30.61757939.jpg,D:\StreetView_Project\03_Output\clip_knn\questionnaire_sample_k25_500_added_200\08F_final500_freeze_run_20260728_145702\01_final_flat_500\Q054__cd_57854_104.1339226_30.61757939.jpg,frozen_08F,D:\StreetView_Project\03_Output\clip_knn\questionnaire_sample_k25_500_added_200\08D_spatial_visual_proximity_check_run_20260728_143220
Q055,existing_300,CD_52413,chengdu,104.1026248,30.64230344,202304,cd_52413_104.102624823_30.6423034385.jpg,D:\StreetView_Project\01_Data\Street_Images\chengdu\cd_streetview\cd_52413_104.102624823_30.6423034385.jpg,9,0.1972260475158691,center,成都中心城区规整主干路,Q055__cd_52413_104.1026248_30.64230344.jpg,D:\StreetView_Project\03_Output\clip_knn\questionnaire_sample_k25_500_added_200\08F_final500_freeze_run_20260728_145702\01_final_flat_500\Q055__cd_52413_104.1026248_30.64230344.jpg,CD_52413,False,False,not_applicable_existing_300,Q055__Q055_cd_52413_104.102624823_30.6423034385.jpg,D:\StreetView_Project\03_Output\clip_knn\questionnaire_sample_k25_300\02_images_main\_final_flat_300_for_check\Q055__Q055_cd_52413_104.102624823_30.6423034385.jpg,,202304,cd_52413_104.102624823_30.6423034385.jpg,D:\StreetView_Project\01_Data\Street_Images\chengdu\cd_streetview\cd_52413_104.102624823_30.6423034385.jpg,D:\StreetView_Project\01_Data\Street_Images\chengdu\cd_streetview\cd_52413_104.102624823_30.6423034385.jpg,0.1972260475158691,D:\StreetView_Project\03_Output\clip_knn\questionnaire_sample_k25_300\02_images_main\_final_flat_300_for_check\Q055__Q055_cd_52413_104.102624823_30.6423034385.jpg,421e5d8ccf08136263e034596a65fed030f1b76ffbe1b897ee7bf18e6057e09b,Q055__cd_52413_104.1026248_30.64230344.jpg,D:\StreetView_Project\03_Output\clip_knn\questionnaire_sample_k25_500_added_200\08D_spatial_visual_proximity_check_run_20260728_143220\01_preliminary_flat_500\Q055__cd_52413_104.1026248_30.64230344.jpg,Q055__cd_52413_104.1026248_30.64230344.jpg,D:\StreetView_Project\03_Output\clip_knn\questionnaire_sample_k25_500_added_200\08F_final500_freeze_run_20260728_145702\01_final_flat_500\Q055__cd_52413_104.1026248_30.64230344.jpg,frozen_08F,D:\StreetView_Project\03_Output\clip_knn\questionnaire_sample_k25_500_added_200\08D_spatial_visual_proximity_check_run_20260728_143220
Q056,existing_300,CD_55723,chengdu,104.046615,30.66423983,202303,cd_55723_104.046614995_30.6642398344.jpg,D:\StreetView_Project\01_Data\Street_Images\chengdu\cd_streetview\cd_55723_104.046614995_30.6642398344.jpg,9,0.1974748522043228,center,成都中心城区规整主干路,Q056__cd_55723_104.046615_30.66423983.jpg,D:\StreetView_Project\03_Output\clip_knn\questionnaire_sample_k25_500_added_200\08F_final500_freeze_run_20260728_145702\01_final_flat_500\Q056__cd_55723_104.046615_30.66423983.jpg,CD_55723,False,False,not_applicable_existing_300,Q056__Q056_cd_55723_104.046614995_30.6642398344.jpg,D:\StreetView_Project\03_Output\clip_knn\questionnaire_sample_k25_300\02_images_main\_final_flat_300_for_check\Q056__Q056_cd_55723_104.046614995_30.6642398344.jpg,,202303,cd_55723_104.046614995_30.6642398344.jpg,D:\StreetView_Project\01_Data\Street_Images\chengdu\cd_streetview\cd_55723_104.046614995_30.6642398344.jpg,D:\StreetView_Project\01_Data\Street_Images\chengdu\cd_streetview\cd_55723_104.046614995_30.6642398344.jpg,0.1974748522043228,D:\StreetView_Project\03_Output\clip_knn\questionnaire_sample_k25_300\02_images_main\_final_flat_300_for_check\Q056__Q056_cd_55723_104.046614995_30.6642398344.jpg,7de3756ebd4eaaa56a3dab5690a20798f61ca93b873b39bfebefcfcc87bde849,Q056__cd_55723_104.046615_30.66423983.jpg,D:\StreetView_Project\03_Output\clip_knn\questionnaire_sample_k25_500_added_200\08D_spatial_visual_proximity_check_run_20260728_143220\01_preliminary_flat_500\Q056__cd_55723_104.046615_30.66423983.jpg,Q056__cd_55723_104.046615_30.66423983.jpg,D:\StreetView_Project\03_Output\clip_knn\questionnaire_sample_k25_500_added_200\08F_final500_freeze_run_20260728_145702\01_final_flat_500\Q056__cd_55723_104.046615_30.66423983.jpg,frozen_08F,D:\StreetView_Project\03_Output\clip_knn\questionnaire_sample_k25_500_added_200\08D_spatial_visual_proximity_check_run_20260728_143220
Q057,existing_300,CD_54518,chengdu,104.0518647,30.6358497,202303,cd_54518_104.051864707_30.6358497011.jpg,D:\StreetView_Project\01_Data\Street_Images\chengdu\cd_streetview\cd_54518_104.051864707_30.6358497011.jpg,9,0.2402346730232239,middle,成都中心城区规整主干路,Q057__cd_54518_104.0518647_30.6358497.jpg,D:\StreetView_Project\03_Output\clip_knn\questionnaire_sample_k25_500_added_200\08F_final500_freeze_run_20260728_145702\01_final_flat_500\Q057__cd_54518_104.0518647_30.6358497.jpg,CD_54518,False,False,not_applicable_existing_300,Q057__Q057_cd_54518_104.051864707_30.6358497011.jpg,D:\StreetView_Project\03_Output\clip_knn\questionnaire_sample_k25_300\02_images_main\_final_flat_300_for_check\Q057__Q057_cd_54518_104.051864707_30.6358497011.jpg,,202303,cd_54518_104.051864707_30.6358497011.jpg,D:\StreetView_Project\01_Data\Street_Images\chengdu\cd_streetview\cd_54518_104.051864707_30.6358497011.jpg,D:\StreetView_Project\01_Data\Street_Images\chengdu\cd_streetview\cd_54518_104.051864707_30.6358497011.jpg,0.2402346730232239,D:\StreetView_Project\03_Output\clip_knn\questionnaire_sample_k25_300\02_images_main\_final_flat_300_for_check\Q057__Q057_cd_54518_104.051864707_30.6358497011.jpg,48bbde3abe8a20c359de86912e0be4f9e090729eb95ef343a58dd2ed84f0ce6c,Q057__cd_54518_104.0518647_30.6358497.jpg,D:\StreetView_Project\03_Output\clip_knn\questionnaire_sample_k25_500_added_200\08D_spatial_visual_proximity_check_run_20260728_143220\01_preliminary_flat_500\Q057__cd_54518_104.0518647_30.6358497.jpg,Q057__cd_54518_104.0518647_30.6358497.jpg,D:\StreetView_Project\03_Output\clip_knn\questionnaire_sample_k25_500_added_200\08F_final500_freeze_run_20260728_145702\01_final_flat_500\Q057__cd_54518_104.0518647_30.6358497.jpg,frozen_08F,D:\StreetView_Project\03_Output\clip_knn\questionnaire_sample_k25_500_added_200\08D_spatial_visual_proximity_check_run_20260728_143220
Q058,existing_300,CD_55345,chengdu,104.0684476,30.65783677,202303,cd_55345_104.068447632_30.6578367704.jpg,D:\StreetView_Project\01_Data\Street_Images\chengdu\cd_streetview\cd_55345_104.068447632_30.6578367704.jpg,9,0.2470715045928955,middle,成都中心城区规整主干路,Q058__cd_55345_104.0684476_30.65783677.jpg,D:\StreetView_Project\03_Output\clip_knn\questionnaire_sample_k25_500_added_200\08F_final500_freeze_run_20260728_145702\01_final_flat_500\Q058__cd_55345_104.0684476_30.65783677.jpg,CD_55345,False,False,not_applicable_existing_300,Q058__Q058_cd_55345_104.068447632_30.6578367704.jpg,D:\StreetView_Project\03_Output\clip_knn\questionnaire_sample_k25_300\02_images_main\_final_flat_300_for_check\Q058__Q058_cd_55345_104.068447632_30.6578367704.jpg,,202303,cd_55345_104.068447632_30.6578367704.jpg,D:\StreetView_Project\01_Data\Street_Images\chengdu\cd_streetview\cd_55345_104.068447632_30.6578367704.jpg,D:\StreetView_Project\01_Data\Street_Images\chengdu\cd_streetview\cd_55345_104.068447632_30.6578367704.jpg,0.2470715045928955,D:\StreetView_Project\03_Output\clip_knn\questionnaire_sample_k25_300\02_images_main\_final_flat_300_for_check\Q058__Q058_cd_55345_104.068447632_30.6578367704.jpg,899303066a9bd776a0de5f7161ea05a6f1d1d9e7f68631219e2da5c5058c5e16,Q058__cd_55345_104.0684476_30.65783677.jpg,D:\StreetView_Project\03_Output\clip_knn\questionnaire_sample_k25_500_added_200\08D_spatial_visual_proximity_check_run_20260728_143220\01_preliminary_flat_500\Q058__cd_55345_104.0684476_30.65783677.jpg,Q058__cd_55345_104.0684476_30.65783677.jpg,D:\StreetView_Project\03_Output\clip_knn\questionnaire_sample_k25_500_added_200\08F_final500_freeze_run_20260728_145702\01_final_flat_500\Q058__cd_55345_104.0684476_30.65783677.jpg,frozen_08F,D:\StreetView_Project\03_Output\clip_knn\questionnaire_sample_k25_500_added_200\08D_spatial_visual_proximity_check_run_20260728_143220
Q059,existing_300,CD_55607,chengdu,104.0437786,30.66574159,202303,cd_55607_104.043778569_30.665741593.jpg,D:\StreetView_Project\01_Data\Street_Images\chengdu\cd_streetview\cd_55607_104.043778569_30.665741593.jpg,9,0.2097610086202621,center,成都中心城区规整主干路,Q059__cd_55607_104.0437786_30.66574159.jpg,D:\StreetView_Project\03_Output\clip_knn\questionnaire_sample_k25_500_added_200\08F_final500_freeze_run_20260728_145702\01_final_flat_500\Q059__cd_55607_104.0437786_30.66574159.jpg,CD_55607,False,False,not_applicable_existing_300,Q059__Q059_cd_55607_104.043778569_30.665741593.jpg,D:\StreetView_Project\03_Output\clip_knn\questionnaire_sample_k25_300\02_images_main\_final_flat_300_for_check\Q059__Q059_cd_55607_104.043778569_30.665741593.jpg,,202303,cd_55607_104.043778569_30.665741593.jpg,D:\StreetView_Project\01_Data\Street_Images\chengdu\cd_streetview\cd_55607_104.043778569_30.665741593.jpg,D:\StreetView_Project\01_Data\Street_Images\chengdu\cd_streetview\cd_55607_104.043778569_30.665741593.jpg,0.2097610086202621,D:\StreetView_Project\03_Output\clip_knn\questionnaire_sample_k25_300\02_images_main\_final_flat_300_for_check\Q059__Q059_cd_55607_104.043778569_30.665741593.jpg,b05dd70a7b6567f007e00e1904b46b89a0084b6cb712933886d6c8b91f111114,Q059__cd_55607_104.0437786_30.66574159.jpg,D:\StreetView_Project\03_Output\clip_knn\questionnaire_sample_k25_500_added_200\08D_spatial_visual_proximity_check_run_20260728_143220\01_preliminary_flat_500\Q059__cd_55607_104.0437786_30.66574159.jpg,Q059__cd_55607_104.0437786_30.66574159.jpg,D:\StreetView_Project\03_Output\clip_knn\questionnaire_sample_k25_500_added_200\08F_final500_freeze_run_20260728_145702\01_final_flat_500\Q059__cd_55607_104.0437786_30.66574159.jpg,frozen_08F,D:\StreetView_Project\03_Output\clip_knn\questionnaire_sample_k25_500_added_200\08D_spatial_visual_proximity_check_run_20260728_143220
Q060,existing_300,CD_36074,chengdu,104.0277646,30.71061853,202304,cd_36074_104.027764557_30.7106185261.jpg,D:\StreetView_Project\01_Data\Street_Images\chengdu\cd_streetview\cd_36074_104.027764557_30.7106185261.jpg,9,0.2755947709083557,edge,成都中心城区规整主干路,Q060__cd_36074_104.0277646_30.71061853.jpg,D:\StreetView_Project\03_Output\clip_knn\questionnaire_sample_k25_500_added_200\08F_final500_freeze_run_20260728_145702\01_final_flat_500\Q060__cd_36074_104.0277646_30.71061853.jpg,CD_36074,False,False,not_applicable_existing_300,Q060__Q060_cd_36074_104.027764557_30.7106185261.jpg,D:\StreetView_Project\03_Output\clip_knn\questionnaire_sample_k25_300\02_images_main\_final_flat_300_for_check\Q060__Q060_cd_36074_104.027764557_30.7106185261.jpg,,202304,cd_36074_104.027764557_30.7106185261.jpg,D:\StreetView_Project\01_Data\Street_Images\chengdu\cd_streetview\cd_36074_104.027764557_30.7106185261.jpg,D:\StreetView_Project\01_Data\Street_Images\chengdu\cd_streetview\cd_36074_104.027764557_30.7106185261.jpg,0.2755947709083557,D:\StreetView_Project\03_Output\clip_knn\questionnaire_sample_k25_300\02_images_main\_final_flat_300_for_check\Q060__Q060_cd_36074_104.027764557_30.7106185261.jpg,315f69d307caeaeb54222a4fec066a8db208559fa341f1507229ea533b9166ba,Q060__cd_36074_104.0277646_30.71061853.jpg,D:\StreetView_Project\03_Output\clip_knn\questionnaire_sample_k25_500_added_200\08D_spatial_visual_proximity_check_run_20260728_143220\01_preliminary_flat_500\Q060__cd_36074_104.0277646_30.71061853.jpg,Q060__cd_36074_104.0277646_30.71061853.jpg,D:\StreetView_Project\03_Output\clip_knn\questionnaire_sample_k25_500_added_200\08F_final500_freeze_run_20260728_145702\01_final_flat_500\Q060__cd_36074_104.0277646_30.71061853.jpg,frozen_08F,D:\StreetView_Project\03_Output\clip_knn\questionnaire_sample_k25_500_added_200\08D_spatial_visual_proximity_check_run_20260728_143220
Q061,existing_300,CD_52408,chengdu,104.1141497,30.65042016,202303,cd_52408_104.114149711_30.6504201556.jpg,D:\StreetView_Project\01_Data\Street_Images\chengdu\cd_streetview\cd_52408_104.114149711_30.6504201556.jpg,9,0.205094039440155,center,成都中心城区规整主干路,Q061__cd_52408_104.1141497_30.65042016.jpg,D:\StreetView_Project\03_Output\clip_knn\questionnaire_sample_k25_500_added_200\08F_final500_freeze_run_20260728_145702\01_final_flat_500\Q061__cd_52408_104.1141497_30.65042016.jpg,CD_52408,False,False,not_applicable_existing_300,Q061__Q061_cd_52408_104.114149711_30.6504201556.jpg,D:\StreetView_Project\03_Output\clip_knn\questionnaire_sample_k25_300\02_images_main\_final_flat_300_for_check\Q061__Q061_cd_52408_104.114149711_30.6504201556.jpg,,202303,cd_52408_104.114149711_30.6504201556.jpg,D:\StreetView_Project\01_Data\Street_Images\chengdu\cd_streetview\cd_52408_104.114149711_30.6504201556.jpg,D:\StreetView_Project\01_Data\Street_Images\chengdu\cd_streetview\cd_52408_104.114149711_30.6504201556.jpg,0.205094039440155,D:\StreetView_Project\03_Output\clip_knn\questionnaire_sample_k25_300\02_images_main\_final_flat_300_for_check\Q061__Q061_cd_52408_104.114149711_30.6504201556.jpg,956327fa2060337265889ab793c2fb40737c1b7c9904d9910577feab6ccd1614,Q061__cd_52408_104.1141497_30.65042016.jpg,D:\StreetView_Project\03_Output\clip_knn\questionnaire_sample_k25_500_added_200\08D_spatial_visual_proximity_check_run_20260728_143220\01_preliminary_flat_500\Q061__cd_52408_104.1141497_30.65042016.jpg,Q061__cd_52408_104.1141497_30.65042016.jpg,D:\StreetView_Project\03_Output\clip_knn\questionnaire_sample_k25_500_added_200\08F_final500_freeze_run_20260728_145702\01_final_flat_500\Q061__cd_52408_104.1141497_30.65042016.jpg,frozen_08F,D:\StreetView_Project\03_Output\clip_knn\questionnaire_sample_k25_500_added_200\08D_spatial_visual_proximity_check_run_20260728_143220
Q062,existing_300,CD_417186,chengdu,104.0706708,30.69584626,202304,cd_417186_104.070670835_30.6958462554.jpg,D:\StreetView_Project\01_Data\Street_Images\chengdu\cd_streetview\cd_417186_104.070670835_30.6958462554.jpg,10,0.2551686465740204,middle,林荫遮蔽街道,Q062__cd_417186_104.0706708_30.69584626.jpg,D:\StreetView_Project\03_Output\clip_knn\questionnaire_sample_k25_500_added_200\08F_final500_freeze_run_20260728_145702\01_final_flat_500\Q062__cd_417186_104.0706708_30.69584626.jpg,CD_417186,False,False,not_applicable_existing_300,Q062__Q062_cd_417186_104.070670835_30.6958462554.jpg,D:\StreetView_Project\03_Output\clip_knn\questionnaire_sample_k25_300\02_images_main\_final_flat_300_for_check\Q062__Q062_cd_417186_104.070670835_30.6958462554.jpg,,202304,cd_417186_104.070670835_30.6958462554.jpg,D:\StreetView_Project\01_Data\Street_Images\chengdu\cd_streetview\cd_417186_104.070670835_30.6958462554.jpg,D:\StreetView_Project\01_Data\Street_Images\chengdu\cd_streetview\cd_417186_104.070670835_30.6958462554.jpg,0.2551686465740204,D:\StreetView_Project\03_Output\clip_knn\questionnaire_sample_k25_300\02_images_main\_final_flat_300_for_check\Q062__Q062_cd_417186_104.070670835_30.6958462554.jpg,71e37eae32b58c85568f905cdc33bc5b6abf201cd63268c505d617646acaede4,Q062__cd_417186_104.0706708_30.69584626.jpg,D:\StreetView_Project\03_Output\clip_knn\questionnaire_sample_k25_500_added_200\08D_spatial_visual_proximity_check_run_20260728_143220\01_preliminary_flat_500\Q062__cd_417186_104.0706708_30.69584626.jpg,Q062__cd_417186_104.0706708_30.69584626.jpg,D:\StreetView_Project\03_Output\clip_knn\questionnaire_sample_k25_500_added_200\08F_final500_freeze_run_20260728_145702\01_final_flat_500\Q062__cd_417186_104.0706708_30.69584626.jpg,frozen_08F,D:\StreetView_Project\03_Output\clip_knn\questionnaire_sample_k25_500_added_200\08D_spatial_visual_proximity_check_run_20260728_143220
Q063,existing_300,CD_466795,chengdu,104.071719,30.6124879,201611,cd_466795_104.071719044_30.6124878974.jpg,D:\StreetView_Project\01_Data\Street_Images\chengdu\cd_streetview\cd_466795_104.071719044_30.6124878974.jpg,10,0.2263129502534866,center,林荫遮蔽街道,Q063__cd_466795_104.071719_30.6124879.jpg,D:\StreetView_Project\03_Output\clip_knn\questionnaire_sample_k25_500_added_200\08F_final500_freeze_run_20260728_145702\01_final_flat_500\Q063__cd_466795_104.071719_30.6124879.jpg,CD_466795,False,False,not_applicable_existing_300,Q063__Q063_cd_466795_104.071719044_30.6124878974.jpg,D:\StreetView_Project\03_Output\clip_knn\questionnaire_sample_k25_300\02_images_main\_final_flat_300_for_check\Q063__Q063_cd_466795_104.071719044_30.6124878974.jpg,,201611,cd_466795_104.071719044_30.6124878974.jpg,D:\StreetView_Project\01_Data\Street_Images\chengdu\cd_streetview\cd_466795_104.071719044_30.6124878974.jpg,D:\StreetView_Project\01_Data\Street_Images\chengdu\cd_streetview\cd_466795_104.071719044_30.6124878974.jpg,0.2263129502534866,D:\StreetView_Project\03_Output\clip_knn\questionnaire_sample_k25_300\02_images_main\_final_flat_300_for_check\Q063__Q063_cd_466795_104.071719044_30.6124878974.jpg,ec4252aa4c3f2c786b566564c1194784d73f5d35667d6bfef17a3a4687a05466,Q063__cd_466795_104.071719_30.6124879.jpg,D:\StreetView_Project\03_Output\clip_knn\questionnaire_sample_k25_500_added_200\08D_spatial_visual_proximity_check_run_20260728_143220\01_preliminary_flat_500\Q063__cd_466795_104.071719_30.6124879.jpg,Q063__cd_466795_104.071719_30.6124879.jpg,D:\StreetView_Project\03_Output\clip_knn\questionnaire_sample_k25_500_added_200\08F_final500_freeze_run_20260728_145702\01_final_flat_500\Q063__cd_466795_104.071719_30.6124879.jpg,frozen_08F,D:\StreetView_Project\03_Output\clip_knn\questionnaire_sample_k25_500_added_200\08D_spatial_visual_proximity_check_run_20260728_143220
Q064,existing_300,CD_469344,chengdu,104.110309,30.65141219,201707,cd_469344_104.110308955_30.6514121884.jpg,D:\StreetView_Project\01_Data\Street_Images\chengdu\cd_streetview\cd_469344_104.110308955_30.6514121884.jpg,10,0.2207052111625671,center,林荫遮蔽街道,Q064__cd_469344_104.110309_30.65141219.jpg,D:\StreetView_Project\03_Output\clip_knn\questionnaire_sample_k25_500_added_200\08F_final500_freeze_run_20260728_145702\01_final_flat_500\Q064__cd_469344_104.110309_30.65141219.jpg,CD_469344,False,False,not_applicable_existing_300,Q064__Q064_cd_469344_104.110308955_30.6514121884.jpg,D:\StreetView_Project\03_Output\clip_knn\questionnaire_sample_k25_300\02_images_main\_final_flat_300_for_check\Q064__Q064_cd_469344_104.110308955_30.6514121884.jpg,,201707,cd_469344_104.110308955_30.6514121884.jpg,D:\StreetView_Project\01_Data\Street_Images\chengdu\cd_streetview\cd_469344_104.110308955_30.6514121884.jpg,D:\StreetView_Project\01_Data\Street_Images\chengdu\cd_streetview\cd_469344_104.110308955_30.6514121884.jpg,0.2207052111625671,D:\StreetView_Project\03_Output\clip_knn\questionnaire_sample_k25_300\02_images_main\_final_flat_300_for_check\Q064__Q064_cd_469344_104.110308955_30.6514121884.jpg,97808bffbe07e8cf738d19369c1051381cea2212b1ab63c1b7b1a32b39a31f87,Q064__cd_469344_104.110309_30.65141219.jpg,D:\StreetView_Project\03_Output\clip_knn\questionnaire_sample_k25_500_added_200\08D_spatial_visual_proximity_check_run_20260728_143220\01_preliminary_flat_500\Q064__cd_469344_104.110309_30.65141219.jpg,Q064__cd_469344_104.110309_30.65141219.jpg,D:\StreetView_Project\03_Output\clip_knn\questionnaire_sample_k25_500_added_200\08F_final500_freeze_run_20260728_145702\01_final_flat_500\Q064__cd_469344_104.110309_30.65141219.jpg,frozen_08F,D:\StreetView_Project\03_Output\clip_knn\questionnaire_sample_k25_500_added_200\08D_spatial_visual_proximity_check_run_20260728_143220
Q065,existing_300,CD_470700,chengdu,104.0721524,30.62968255,201904,cd_470700_104.072152437_30.6296825519.jpg,D:\StreetView_Project\01_Data\Street_Images\chengdu\cd_streetview\cd_470700_104.072152437_30.6296825519.jpg,10,0.2643454372882843,middle,林荫遮蔽街道,Q065__cd_470700_104.0721524_30.62968255.jpg,D:\StreetView_Project\03_Output\clip_knn\questionnaire_sample_k25_500_added_200\08F_final500_freeze_run_20260728_145702\01_final_flat_500\Q065__cd_470700_104.0721524_30.62968255.jpg,CD_470700,False,False,not_applicable_existing_300,Q065__Q065_cd_470700_104.072152437_30.6296825519.jpg,D:\StreetView_Project\03_Output\clip_knn\questionnaire_sample_k25_300\02_images_main\_final_flat_300_for_check\Q065__Q065_cd_470700_104.072152437_30.6296825519.jpg,,201904,cd_470700_104.072152437_30.6296825519.jpg,D:\StreetView_Project\01_Data\Street_Images\chengdu\cd_streetview\cd_470700_104.072152437_30.6296825519.jpg,D:\StreetView_Project\01_Data\Street_Images\chengdu\cd_streetview\cd_470700_104.072152437_30.6296825519.jpg,0.2643454372882843,D:\StreetView_Project\03_Output\clip_knn\questionnaire_sample_k25_300\02_images_main\_final_flat_300_for_check\Q065__Q065_cd_470700_104.072152437_30.6296825519.jpg,7216c28cf2b0d28c388dbc1e6166f61f1f3b43fe0294259b41ce2ee18c11400a,Q065__cd_470700_104.0721524_30.62968255.jpg,D:\StreetView_Project\03_Output\clip_knn\questionnaire_sample_k25_500_added_200\08D_spatial_visual_proximity_check_run_20260728_143220\01_preliminary_flat_500\Q065__cd_470700_104.0721524_30.62968255.jpg,Q065__cd_470700_104.0721524_30.62968255.jpg,D:\StreetView_Project\03_Output\clip_knn\questionnaire_sample_k25_500_added_200\08F_final500_freeze_run_20260728_145702\01_final_flat_500\Q065__cd_470700_104.0721524_30.62968255.jpg,frozen_08F,D:\StreetView_Project\03_Output\clip_knn\questionnaire_sample_k25_500_added_200\08D_spatial_visual_proximity_check_run_20260728_143220
Q066,existing_300,CD_455725,chengdu,103.9936497,30.6540582,202303,cd_455725_103.993649725_30.6540581984.jpg,D:\StreetView_Project\01_Data\Street_Images\chengdu\cd_streetview\cd_455725_103.993649725_30.6540581984.jpg,10,0.2563310861587524,middle,林荫遮蔽街道,Q066__cd_455725_103.9936497_30.6540582.jpg,D:\StreetView_Project\03_Output\clip_knn\questionnaire_sample_k25_500_added_200\08F_final500_freeze_run_20260728_145702\01_final_flat_500\Q066__cd_455725_103.9936497_30.6540582.jpg,CD_455725,False,False,not_applicable_existing_300,Q066__Q066_cd_455725_103.993649725_30.6540581984.jpg,D:\StreetView_Project\03_Output\clip_knn\questionnaire_sample_k25_300\02_images_main\_final_flat_300_for_check\Q066__Q066_cd_455725_103.993649725_30.6540581984.jpg,,202303,cd_455725_103.993649725_30.6540581984.jpg,D:\StreetView_Project\01_Data\Street_Images\chengdu\cd_streetview\cd_455725_103.993649725_30.6540581984.jpg,D:\StreetView_Project\01_Data\Street_Images\chengdu\cd_streetview\cd_455725_103.993649725_30.6540581984.jpg,0.2563310861587524,D:\StreetView_Project\03_Output\clip_knn\questionnaire_sample_k25_300\02_images_main\_final_flat_300_for_check\Q066__Q066_cd_455725_103.993649725_30.6540581984.jpg,984d76cc9c462ec4250bb66ee095325df3be4692efc79c712a043ad4ce852d26,Q066__cd_455725_103.9936497_30.6540582.jpg,D:\StreetView_Project\03_Output\clip_knn\questionnaire_sample_k25_500_added_200\08D_spatial_visual_proximity_check_run_20260728_143220\01_preliminary_flat_500\Q066__cd_455725_103.9936497_30.6540582.jpg,Q066__cd_455725_103.9936497_30.6540582.jpg,D:\StreetView_Project\03_Output\clip_knn\questionnaire_sample_k25_500_added_200\08F_final500_freeze_run_20260728_145702\01_final_flat_500\Q066__cd_455725_103.9936497_30.6540582.jpg,frozen_08F,D:\StreetView_Project\03_Output\clip_knn\questionnaire_sample_k25_500_added_200\08D_spatial_visual_proximity_check_run_20260728_143220
Q067,existing_300,CD_422717,chengdu,104.1325771,30.6836761,201904,cd_422717_104.132577106_30.6836760964.jpg,D:\StreetView_Project\01_Data\Street_Images\chengdu\cd_streetview\cd_422717_104.132577106_30.6836760964.jpg,10,0.3700704574584961,edge,林荫遮蔽街道,Q067__cd_422717_104.1325771_30.6836761.jpg,D:\StreetView_Project\03_Output\clip_knn\questionnaire_sample_k25_500_added_200\08F_final500_freeze_run_20260728_145702\01_final_flat_500\Q067__cd_422717_104.1325771_30.6836761.jpg,CD_422717,False,False,not_applicable_existing_300,Q067__Q067_cd_422717_104.132577106_30.6836760964.jpg,D:\StreetView_Project\03_Output\clip_knn\questionnaire_sample_k25_300\02_images_main\_final_flat_300_for_check\Q067__Q067_cd_422717_104.132577106_30.6836760964.jpg,,201904,cd_422717_104.132577106_30.6836760964.jpg,D:\StreetView_Project\01_Data\Street_Images\chengdu\cd_streetview\cd_422717_104.132577106_30.6836760964.jpg,D:\StreetView_Project\01_Data\Street_Images\chengdu\cd_streetview\cd_422717_104.132577106_30.6836760964.jpg,0.3700704574584961,D:\StreetView_Project\03_Output\clip_knn\questionnaire_sample_k25_300\02_images_main\_final_flat_300_for_check\Q067__Q067_cd_422717_104.132577106_30.6836760964.jpg,b96d298544cc7d33120d0111518c1abd5b4ad70e87027cfee332928d4cf82ad3,Q067__cd_422717_104.1325771_30.6836761.jpg,D:\StreetView_Project\03_Output\clip_knn\questionnaire_sample_k25_500_added_200\08D_spatial_visual_proximity_check_run_20260728_143220\01_preliminary_flat_500\Q067__cd_422717_104.1325771_30.6836761.jpg,Q067__cd_422717_104.1325771_30.6836761.jpg,D:\StreetView_Project\03_Output\clip_knn\questionnaire_sample_k25_500_added_200\08F_final500_freeze_run_20260728_145702\01_final_flat_500\Q067__cd_422717_104.1325771_30.6836761.jpg,frozen_08F,D:\StreetView_Project\03_Output\clip_knn\questionnaire_sample_k25_500_added_200\08D_spatial_visual_proximity_check_run_20260728_143220
Q068,existing_300,CD_465880,chengdu,104.0371553,30.61767123,202303,cd_465880_104.037155349_30.6176712289.jpg,D:\StreetView_Project\01_Data\Street_Images\chengdu\cd_streetview\cd_465880_104.037155349_30.6176712289.jpg,11,0.2686745524406433,center,桥梁/高架快速路空间,Q068__cd_465880_104.0371553_30.61767123.jpg,D:\StreetView_Project\03_Output\clip_knn\questionnaire_sample_k25_500_added_200\08F_final500_freeze_run_20260728_145702\01_final_flat_500\Q068__cd_465880_104.0371553_30.61767123.jpg,CD_465880,False,False,not_applicable_existing_300,Q068__Q068_cd_465880_104.037155349_30.6176712289.jpg,D:\StreetView_Project\03_Output\clip_knn\questionnaire_sample_k25_300\02_images_main\_final_flat_300_for_check\Q068__Q068_cd_465880_104.037155349_30.6176712289.jpg,,202303,cd_465880_104.037155349_30.6176712289.jpg,D:\StreetView_Project\01_Data\Street_Images\chengdu\cd_streetview\cd_465880_104.037155349_30.6176712289.jpg,D:\StreetView_Project\01_Data\Street_Images\chengdu\cd_streetview\cd_465880_104.037155349_30.6176712289.jpg,0.2686745524406433,D:\StreetView_Project\03_Output\clip_knn\questionnaire_sample_k25_300\02_images_main\_final_flat_300_for_check\Q068__Q068_cd_465880_104.037155349_30.6176712289.jpg,9ac9af9e84a177548364307d17b36738ec18018cedcbd9b5fc14503c83d2d073,Q068__cd_465880_104.0371553_30.61767123.jpg,D:\StreetView_Project\03_Output\clip_knn\questionnaire_sample_k25_500_added_200\08D_spatial_visual_proximity_check_run_20260728_143220\01_preliminary_flat_500\Q068__cd_465880_104.0371553_30.61767123.jpg,Q068__cd_465880_104.0371553_30.61767123.jpg,D:\StreetView_Project\03_Output\clip_knn\questionnaire_sample_k25_500_added_200\08F_final500_freeze_run_20260728_145702\01_final_flat_500\Q068__cd_465880_104.0371553_30.61767123.jpg,frozen_08F,D:\StreetView_Project\03_Output\clip_knn\questionnaire_sample_k25_500_added_200\08D_spatial_visual_proximity_check_run_20260728_143220
Q069,existing_300,CD_476734,chengdu,104.1294926,30.6216421,202304,cd_476734_104.129492567_30.6216420971.jpg,D:\StreetView_Project\01_Data\Street_Images\chengdu\cd_streetview\cd_476734_104.129492567_30.6216420971.jpg,11,0.2867023646831512,center,桥梁/高架快速路空间,Q069__cd_476734_104.1294926_30.6216421.jpg,D:\StreetView_Project\03_Output\clip_knn\questionnaire_sample_k25_500_added_200\08F_final500_freeze_run_20260728_145702\01_final_flat_500\Q069__cd_476734_104.1294926_30.6216421.jpg,CD_476734,False,False,not_applicable_existing_300,Q069__Q069_cd_476734_104.129492567_30.6216420971.jpg,D:\StreetView_Project\03_Output\clip_knn\questionnaire_sample_k25_300\02_images_main\_final_flat_300_for_check\Q069__Q069_cd_476734_104.129492567_30.6216420971.jpg,,202304,cd_476734_104.129492567_30.6216420971.jpg,D:\StreetView_Project\01_Data\Street_Images\chengdu\cd_streetview\cd_476734_104.129492567_30.6216420971.jpg,D:\StreetView_Project\01_Data\Street_Images\chengdu\cd_streetview\cd_476734_104.129492567_30.6216420971.jpg,0.2867023646831512,D:\StreetView_Project\03_Output\clip_knn\questionnaire_sample_k25_300\02_images_main\_final_flat_300_for_check\Q069__Q069_cd_476734_104.129492567_30.6216420971.jpg,94e3facb3865fa4cf0de672a9dd9b693ad763087df3ae5c7b0ac2389a69b7b0f,Q069__cd_476734_104.1294926_30.6216421.jpg,D:\StreetView_Project\03_Output\clip_knn\questionnaire_sample_k25_500_added_200\08D_spatial_visual_proximity_check_run_20260728_143220\01_preliminary_flat_500\Q069__cd_476734_104.1294926_30.6216421.jpg,Q069__cd_476734_104.1294926_30.6216421.jpg,D:\StreetView_Project\03_Output\clip_knn\questionnaire_sample_k25_500_added_200\08F_final500_freeze_run_20260728_145702\01_final_flat_500\Q069__cd_476734_104.1294926_30.6216421.jpg,frozen_08F,D:\StreetView_Project\03_Output\clip_knn\questionnaire_sample_k25_500_added_200\08D_spatial_visual_proximity_check_run_20260728_143220
Q070,existing_300,CD_47622,chengdu,103.9846451,30.65006978,201904,cd_47622_103.984645103_30.650069781.jpg,D:\StreetView_Project\01_Data\Street_Images\chengdu\cd_streetview\cd_47622_103.984645103_30.650069781.jpg,11,0.2931497097015381,center,桥梁/高架快速路空间,Q070__cd_47622_103.9846451_30.65006978.jpg,D:\StreetView_Project\03_Output\clip_knn\questionnaire_sample_k25_500_added_200\08F_final500_freeze_run_20260728_145702\01_final_flat_500\Q070__cd_47622_103.9846451_30.65006978.jpg,CD_47622,False,False,not_applicable_existing_300,Q070__Q070_cd_47622_103.984645103_30.650069781.jpg,D:\StreetView_Project\03_Output\clip_knn\questionnaire_sample_k25_300\02_images_main\_final_flat_300_for_check\Q070__Q070_cd_47622_103.984645103_30.650069781.jpg,,201904,cd_47622_103.984645103_30.650069781.jpg,D:\StreetView_Project\01_Data\Street_Images\chengdu\cd_streetview\cd_47622_103.984645103_30.650069781.jpg,D:\StreetView_Project\01_Data\Street_Images\chengdu\cd_streetview\cd_47622_103.984645103_30.650069781.jpg,0.2931497097015381,D:\StreetView_Project\03_Output\clip_knn\questionnaire_sample_k25_300\02_images_main\_final_flat_300_for_check\Q070__Q070_cd_47622_103.984645103_30.650069781.jpg,61f960c9dc1be49bbf35bcaa6bf225b67108affea2e7b95730312980619da20b,Q070__cd_47622_103.9846451_30.65006978.jpg,D:\StreetView_Project\03_Output\clip_knn\questionnaire_sample_k25_500_added_200\08D_spatial_visual_proximity_check_run_20260728_143220\01_preliminary_flat_500\Q070__cd_47622_103.9846451_30.65006978.jpg,Q070__cd_47622_103.9846451_30.65006978.jpg,D:\StreetView_Project\03_Output\clip_knn\questionnaire_sample_k25_500_added_200\08F_final500_freeze_run_20260728_145702\01_final_flat_500\Q070__cd_47622_103.9846451_30.65006978.jpg,frozen_08F,D:\StreetView_Project\03_Output\clip_knn\questionnaire_sample_k25_500_added_200\08D_spatial_visual_proximity_check_run_20260728_143220
Q071,existing_300,CD_53464,chengdu,104.0210467,30.64478705,201904,cd_53464_104.021046732_30.6447870491.jpg,D:\StreetView_Project\01_Data\Street_Images\chengdu\cd_streetview\cd_53464_104.021046732_30.6447870491.jpg,11,0.3216792047023773,middle,桥梁/高架快速路空间,Q071__cd_53464_104.0210467_30.64478705.jpg,D:\StreetView_Project\03_Output\clip_knn\questionnaire_sample_k25_500_added_200\08F_final500_freeze_run_20260728_145702\01_final_flat_500\Q071__cd_53464_104.0210467_30.64478705.jpg,CD_53464,False,False,not_applicable_existing_300,Q071__Q071_cd_53464_104.021046732_30.6447870491.jpg,D:\StreetView_Project\03_Output\clip_knn\questionnaire_sample_k25_300\02_images_main\_final_flat_300_for_check\Q071__Q071_cd_53464_104.021046732_30.6447870491.jpg,,201904,cd_53464_104.021046732_30.6447870491.jpg,D:\StreetView_Project\01_Data\Street_Images\chengdu\cd_streetview\cd_53464_104.021046732_30.6447870491.jpg,D:\StreetView_Project\01_Data\Street_Images\chengdu\cd_streetview\cd_53464_104.021046732_30.6447870491.jpg,0.3216792047023773,D:\StreetView_Project\03_Output\clip_knn\questionnaire_sample_k25_300\02_images_main\_final_flat_300_for_check\Q071__Q071_cd_53464_104.021046732_30.6447870491.jpg,c4afa450344b64902ef2542c68a49dbeb079ef84972c450bcc1f4458445dbaff,Q071__cd_53464_104.0210467_30.64478705.jpg,D:\StreetView_Project\03_Output\clip_knn\questionnaire_sample_k25_500_added_200\08D_spatial_visual_proximity_check_run_20260728_143220\01_preliminary_flat_500\Q071__cd_53464_104.0210467_30.64478705.jpg,Q071__cd_53464_104.0210467_30.64478705.jpg,D:\StreetView_Project\03_Output\clip_knn\questionnaire_sample_k25_500_added_200\08F_final500_freeze_run_20260728_145702\01_final_flat_500\Q071__cd_53464_104.0210467_30.64478705.jpg,frozen_08F,D:\StreetView_Project\03_Output\clip_knn\questionnaire_sample_k25_500_added_200\08D_spatial_visual_proximity_check_run_20260728_143220
Q072,existing_300,CD_416577,chengdu,104.0951926,30.69088433,201903,cd_416577_104.095192555_30.6908843316.jpg,D:\StreetView_Project\01_Data\Street_Images\chengdu\cd_streetview\cd_416577_104.095192555_30.6908843316.jpg,11,0.3160438239574432,middle,桥梁/高架快速路空间,Q072__cd_416577_104.0951926_30.69088433.jpg,D:\StreetView_Project\03_Output\clip_knn\questionnaire_sample_k25_500_added_200\08F_final500_freeze_run_20260728_145702\01_final_flat_500\Q072__cd_416577_104.0951926_30.69088433.jpg,CD_416577,False,False,not_applicable_existing_300,Q072__Q072_cd_416577_104.095192555_30.6908843316.jpg,D:\StreetView_Project\03_Output\clip_knn\questionnaire_sample_k25_300\02_images_main\_final_flat_300_for_check\Q072__Q072_cd_416577_104.095192555_30.6908843316.jpg,,201903,cd_416577_104.095192555_30.6908843316.jpg,D:\StreetView_Project\01_Data\Street_Images\chengdu\cd_streetview\cd_416577_104.095192555_30.6908843316.jpg,D:\StreetView_Project\01_Data\Street_Images\chengdu\cd_streetview\cd_416577_104.095192555_30.6908843316.jpg,0.3160438239574432,D:\StreetView_Project\03_Output\clip_knn\questionnaire_sample_k25_300\02_images_main\_final_flat_300_for_check\Q072__Q072_cd_416577_104.095192555_30.6908843316.jpg,5f80b0ab36aa92bd3d303da0827e6db9dc3ece8141edf6db962c8ca3fd304668,Q072__cd_416577_104.0951926_30.69088433.jpg,D:\StreetView_Project\03_Output\clip_knn\questionnaire_sample_k25_500_added_200\08D_spatial_visual_proximity_check_run_20260728_143220\01_preliminary_flat_500\Q072__cd_416577_104.0951926_30.69088433.jpg,Q072__cd_416577_104.0951926_30.69088433.jpg,D:\StreetView_Project\03_Output\clip_knn\questionnaire_sample_k25_500_added_200\08F_final500_freeze_run_20260728_145702\01_final_flat_500\Q072__cd_416577_104.0951926_30.69088433.jpg,frozen_08F,D:\StreetView_Project\03_Output\clip_knn\questionnaire_sample_k25_500_added_200\08D_spatial_visual_proximity_check_run_20260728_143220
Q073,existing_300,CD_48548,chengdu,104.0125444,30.63508985,202303,cd_48548_104.012544352_30.6350898492.jpg,D:\StreetView_Project\01_Data\Street_Images\chengdu\cd_streetview\cd_48548_104.012544352_30.6350898492.jpg,11,0.3214262127876282,middle,桥梁/高架快速路空间,Q073__cd_48548_104.0125444_30.63508985.jpg,D:\StreetView_Project\03_Output\clip_knn\questionnaire_sample_k25_500_added_200\08F_final500_freeze_run_20260728_145702\01_final_flat_500\Q073__cd_48548_104.0125444_30.63508985.jpg,CD_48548,False,False,not_applicable_existing_300,Q073__Q073_cd_48548_104.012544352_30.6350898492.jpg,D:\StreetView_Project\03_Output\clip_knn\questionnaire_sample_k25_300\02_images_main\_final_flat_300_for_check\Q073__Q073_cd_48548_104.012544352_30.6350898492.jpg,,202303,cd_48548_104.012544352_30.6350898492.jpg,D:\StreetView_Project\01_Data\Street_Images\chengdu\cd_streetview\cd_48548_104.012544352_30.6350898492.jpg,D:\StreetView_Project\01_Data\Street_Images\chengdu\cd_streetview\cd_48548_104.012544352_30.6350898492.jpg,0.3214262127876282,D:\StreetView_Project\03_Output\clip_knn\questionnaire_sample_k25_300\02_images_main\_final_flat_300_for_check\Q073__Q073_cd_48548_104.012544352_30.6350898492.jpg,28ac18bb9a69038f9229ff9a3d673d0276da4d58b9762e1f4b24ab41f3dcc731,Q073__cd_48548_104.0125444_30.63508985.jpg,D:\StreetView_Project\03_Output\clip_knn\questionnaire_sample_k25_500_added_200\08D_spatial_visual_proximity_check_run_20260728_143220\01_preliminary_flat_500\Q073__cd_48548_104.0125444_30.63508985.jpg,Q073__cd_48548_104.0125444_30.63508985.jpg,D:\StreetView_Project\03_Output\clip_knn\questionnaire_sample_k25_500_added_200\08F_final500_freeze_run_20260728_145702\01_final_flat_500\Q073__cd_48548_104.0125444_30.63508985.jpg,frozen_08F,D:\StreetView_Project\03_Output\clip_knn\questionnaire_sample_k25_500_added_200\08D_spatial_visual_proximity_check_run_20260728_143220
Q074,existing_300,CD_464707,chengdu,104.008273,30.62333194,202303,cd_464707_104.008272967_30.6233319382.jpg,D:\StreetView_Project\01_Data\Street_Images\chengdu\cd_streetview\cd_464707_104.008272967_30.6233319382.jpg,11,0.335090845823288,edge,桥梁/高架快速路空间,Q074__cd_464707_104.008273_30.62333194.jpg,D:\StreetView_Project\03_Output\clip_knn\questionnaire_sample_k25_500_added_200\08F_final500_freeze_run_20260728_145702\01_final_flat_500\Q074__cd_464707_104.008273_30.62333194.jpg,CD_464707,False,False,not_applicable_existing_300,Q074__Q074_cd_464707_104.008272967_30.6233319382.jpg,D:\StreetView_Project\03_Output\clip_knn\questionnaire_sample_k25_300\02_images_main\_final_flat_300_for_check\Q074__Q074_cd_464707_104.008272967_30.6233319382.jpg,,202303,cd_464707_104.008272967_30.6233319382.jpg,D:\StreetView_Project\01_Data\Street_Images\chengdu\cd_streetview\cd_464707_104.008272967_30.6233319382.jpg,D:\StreetView_Project\01_Data\Street_Images\chengdu\cd_streetview\cd_464707_104.008272967_30.6233319382.jpg,0.335090845823288,D:\StreetView_Project\03_Output\clip_knn\questionnaire_sample_k25_300\02_images_main\_final_flat_300_for_check\Q074__Q074_cd_464707_104.008272967_30.6233319382.jpg,e15dcc629af9b9906cecb37d250362b1a62bf6a4232b71d9aa3c4c11207a0dba,Q074__cd_464707_104.008273_30.62333194.jpg,D:\StreetView_Project\03_Output\clip_knn\questionnaire_sample_k25_500_added_200\08D_spatial_visual_proximity_check_run_20260728_143220\01_preliminary_flat_500\Q074__cd_464707_104.008273_30.62333194.jpg,Q074__cd_464707_104.008273_30.62333194.jpg,D:\StreetView_Project\03_Output\clip_knn\questionnaire_sample_k25_500_added_200\08F_final500_freeze_run_20260728_145702\01_final_flat_500\Q074__cd_464707_104.008273_30.62333194.jpg,frozen_08F,D:\StreetView_Project\03_Output\clip_knn\questionnaire_sample_k25_500_added_200\08D_spatial_visual_proximity_check_run_20260728_143220
Q075,existing_300,CD_34107,chengdu,104.069885,30.68352407,201904,cd_34107_104.069885005_30.6835240668.jpg,D:\StreetView_Project\01_Data\Street_Images\chengdu\cd_streetview\cd_34107_104.069885005_30.6835240668.jpg,12,0.2037989944219589,center,重庆高密普通主干路,Q075__cd_34107_104.069885_30.68352407.jpg,D:\StreetView_Project\03_Output\clip_knn\questionnaire_sample_k25_500_added_200\08F_final500_freeze_run_20260728_145702\01_final_flat_500\Q075__cd_34107_104.069885_30.68352407.jpg,CD_34107,False,False,not_applicable_existing_300,Q075__Q075_cd_34107_104.069885005_30.6835240668.jpg,D:\StreetView_Project\03_Output\clip_knn\questionnaire_sample_k25_300\02_images_main\_final_flat_300_for_check\Q075__Q075_cd_34107_104.069885005_30.6835240668.jpg,,201904,cd_34107_104.069885005_30.6835240668.jpg,D:\StreetView_Project\01_Data\Street_Images\chengdu\cd_streetview\cd_34107_104.069885005_30.6835240668.jpg,D:\StreetView_Project\01_Data\Street_Images\chengdu\cd_streetview\cd_34107_104.069885005_30.6835240668.jpg,0.2037989944219589,D:\StreetView_Project\03_Output\clip_knn\questionnaire_sample_k25_300\02_images_main\_final_flat_300_for_check\Q075__Q075_cd_34107_104.069885005_30.6835240668.jpg,bdb086a616f29ed9ae7301f44888222e41dbf2612cfceaa9d738149bb3fa83e9,Q075__cd_34107_104.069885_30.68352407.jpg,D:\StreetView_Project\03_Output\clip_knn\questionnaire_sample_k25_500_added_200\08D_spatial_visual_proximity_check_run_20260728_143220\01_preliminary_flat_500\Q075__cd_34107_104.069885_30.68352407.jpg,Q075__cd_34107_104.069885_30.68352407.jpg,D:\StreetView_Project\03_Output\clip_knn\questionnaire_sample_k25_500_added_200\08F_final500_freeze_run_20260728_145702\01_final_flat_500\Q075__cd_34107_104.069885_30.68352407.jpg,frozen_08F,D:\StreetView_Project\03_Output\clip_knn\questionnaire_sample_k25_500_added_200\08D_spatial_visual_proximity_check_run_20260728_143220
Q076,existing_300,CD_48945,chengdu,104.0599201,30.60535919,201904,cd_48945_104.059920075_30.6053591888.jpg,D:\StreetView_Project\01_Data\Street_Images\chengdu\cd_streetview\cd_48945_104.059920075_30.6053591888.jpg,12,0.2606968581676483,edge,重庆高密普通主干路,Q076__cd_48945_104.0599201_30.60535919.jpg,D:\StreetView_Project\03_Output\clip_knn\questionnaire_sample_k25_500_added_200\08F_final500_freeze_run_20260728_145702\01_final_flat_500\Q076__cd_48945_104.0599201_30.60535919.jpg,CD_48945,False,False,not_applicable_existing_300,Q076__Q076_cd_48945_104.059920075_30.6053591888.jpg,D:\StreetView_Project\03_Output\clip_knn\questionnaire_sample_k25_300\02_images_main\_final_flat_300_for_check\Q076__Q076_cd_48945_104.059920075_30.6053591888.jpg,,201904,cd_48945_104.059920075_30.6053591888.jpg,D:\StreetView_Project\01_Data\Street_Images\chengdu\cd_streetview\cd_48945_104.059920075_30.6053591888.jpg,D:\StreetView_Project\01_Data\Street_Images\chengdu\cd_streetview\cd_48945_104.059920075_30.6053591888.jpg,0.2606968581676483,D:\StreetView_Project\03_Output\clip_knn\questionnaire_sample_k25_300\02_images_main\_final_flat_300_for_check\Q076__Q076_cd_48945_104.059920075_30.6053591888.jpg,2a559f17d43640e98d52afb20616ee6e2fa3efbc2887ef42f69059290555572d,Q076__cd_48945_104.0599201_30.60535919.jpg,D:\StreetView_Project\03_Output\clip_knn\questionnaire_sample_k25_500_added_200\08D_spatial_visual_proximity_check_run_20260728_143220\01_preliminary_flat_500\Q076__cd_48945_104.0599201_30.60535919.jpg,Q076__cd_48945_104.0599201_30.60535919.jpg,D:\StreetView_Project\03_Output\clip_knn\questionnaire_sample_k25_500_added_200\08F_final500_freeze_run_20260728_145702\01_final_flat_500\Q076__cd_48945_104.0599201_30.60535919.jpg,frozen_08F,D:\StreetView_Project\03_Output\clip_knn\questionnaire_sample_k25_500_added_200\08D_spatial_visual_proximity_check_run_20260728_143220
Q077,existing_300,CD_226782,chengdu,104.090114,30.64526175,201610,cd_226782_104.090113964_30.6452617516.jpg,D:\StreetView_Project\01_Data\Street_Images\chengdu\cd_streetview\cd_226782_104.090113964_30.6452617516.jpg,12,0.2067007571458817,center,重庆高密普通主干路,Q077__cd_226782_104.090114_30.64526175.jpg,D:\StreetView_Project\03_Output\clip_knn\questionnaire_sample_k25_500_added_200\08F_final500_freeze_run_20260728_145702\01_final_flat_500\Q077__cd_226782_104.090114_30.64526175.jpg,CD_226782,False,False,not_applicable_existing_300,Q077__Q077_cd_226782_104.090113964_30.6452617516.jpg,D:\StreetView_Project\03_Output\clip_knn\questionnaire_sample_k25_300\02_images_main\_final_flat_300_for_check\Q077__Q077_cd_226782_104.090113964_30.6452617516.jpg,,201610,cd_226782_104.090113964_30.6452617516.jpg,D:\StreetView_Project\01_Data\Street_Images\chengdu\cd_streetview\cd_226782_104.090113964_30.6452617516.jpg,D:\StreetView_Project\01_Data\Street_Images\chengdu\cd_streetview\cd_226782_104.090113964_30.6452617516.jpg,0.2067007571458817,D:\StreetView_Project\03_Output\clip_knn\questionnaire_sample_k25_300\02_images_main\_final_flat_300_for_check\Q077__Q077_cd_226782_104.090113964_30.6452617516.jpg,d4f94ceadc46c57be572f375e5d9b2ee55c6a1788e90aebe36c62c97217e90e0,Q077__cd_226782_104.090114_30.64526175.jpg,D:\StreetView_Project\03_Output\clip_knn\questionnaire_sample_k25_500_added_200\08D_spatial_visual_proximity_check_run_20260728_143220\01_preliminary_flat_500\Q077__cd_226782_104.090114_30.64526175.jpg,Q077__cd_226782_104.090114_30.64526175.jpg,D:\StreetView_Project\03_Output\clip_knn\questionnaire_sample_k25_500_added_200\08F_final500_freeze_run_20260728_145702\01_final_flat_500\Q077__cd_226782_104.090114_30.64526175.jpg,frozen_08F,D:\StreetView_Project\03_Output\clip_knn\questionnaire_sample_k25_500_added_200\08D_spatial_visual_proximity_check_run_20260728_143220
Q078,existing_300,CD_53723,chengdu,104.1163675,30.64167952,202004,cd_53723_104.11636746_30.6416795221.jpg,D:\StreetView_Project\01_Data\Street_Images\chengdu\cd_streetview\cd_53723_104.11636746_30.6416795221.jpg,12,0.2325676381587982,middle,重庆高密普通主干路,Q078__cd_53723_104.1163675_30.64167952.jpg,D:\StreetView_Project\03_Output\clip_knn\questionnaire_sample_k25_500_added_200\08F_final500_freeze_run_20260728_145702\01_final_flat_500\Q078__cd_53723_104.1163675_30.64167952.jpg,CD_53723,False,False,not_applicable_existing_300,Q078__Q078_cd_53723_104.11636746_30.6416795221.jpg,D:\StreetView_Project\03_Output\clip_knn\questionnaire_sample_k25_300\02_images_main\_final_flat_300_for_check\Q078__Q078_cd_53723_104.11636746_30.6416795221.jpg,,202004,cd_53723_104.11636746_30.6416795221.jpg,D:\StreetView_Project\01_Data\Street_Images\chengdu\cd_streetview\cd_53723_104.11636746_30.6416795221.jpg,D:\StreetView_Project\01_Data\Street_Images\chengdu\cd_streetview\cd_53723_104.11636746_30.6416795221.jpg,0.2325676381587982,D:\StreetView_Project\03_Output\clip_knn\questionnaire_sample_k25_300\02_images_main\_final_flat_300_for_check\Q078__Q078_cd_53723_104.11636746_30.6416795221.jpg,6c567ec351740c50632ddefea4061c6a9d1b8940a0a6a2386412a63e1755a072,Q078__cd_53723_104.1163675_30.64167952.jpg,D:\StreetView_Project\03_Output\clip_knn\questionnaire_sample_k25_500_added_200\08D_spatial_visual_proximity_check_run_20260728_143220\01_preliminary_flat_500\Q078__cd_53723_104.1163675_30.64167952.jpg,Q078__cd_53723_104.1163675_30.64167952.jpg,D:\StreetView_Project\03_Output\clip_knn\questionnaire_sample_k25_500_added_200\08F_final500_freeze_run_20260728_145702\01_final_flat_500\Q078__cd_53723_104.1163675_30.64167952.jpg,frozen_08F,D:\StreetView_Project\03_Output\clip_knn\questionnaire_sample_k25_500_added_200\08D_spatial_visual_proximity_check_run_20260728_143220
Q079,existing_300,CD_427488,chengdu,104.1448467,30.66704602,202304,cd_427488_104.144846734_30.6670460191.jpg,D:\StreetView_Project\01_Data\Street_Images\chengdu\cd_streetview\cd_427488_104.144846734_30.6670460191.jpg,12,0.2468725889921188,middle,重庆高密普通主干路,Q079__cd_427488_104.1448467_30.66704602.jpg,D:\StreetView_Project\03_Output\clip_knn\questionnaire_sample_k25_500_added_200\08F_final500_freeze_run_20260728_145702\01_final_flat_500\Q079__cd_427488_104.1448467_30.66704602.jpg,CD_427488,False,False,not_applicable_existing_300,Q079__Q079_cd_427488_104.144846734_30.6670460191.jpg,D:\StreetView_Project\03_Output\clip_knn\questionnaire_sample_k25_300\02_images_main\_final_flat_300_for_check\Q079__Q079_cd_427488_104.144846734_30.6670460191.jpg,,202304,cd_427488_104.144846734_30.6670460191.jpg,D:\StreetView_Project\01_Data\Street_Images\chengdu\cd_streetview\cd_427488_104.144846734_30.6670460191.jpg,D:\StreetView_Project\01_Data\Street_Images\chengdu\cd_streetview\cd_427488_104.144846734_30.6670460191.jpg,0.2468725889921188,D:\StreetView_Project\03_Output\clip_knn\questionnaire_sample_k25_300\02_images_main\_final_flat_300_for_check\Q079__Q079_cd_427488_104.144846734_30.6670460191.jpg,8fe90c2e9097b5344d8445d316b6169c29b0648c8ddbdcd7349359a39de4b7d7,Q079__cd_427488_104.1448467_30.66704602.jpg,D:\StreetView_Project\03_Output\clip_knn\questionnaire_sample_k25_500_added_200\08D_spatial_visual_proximity_check_run_20260728_143220\01_preliminary_flat_500\Q079__cd_427488_104.1448467_30.66704602.jpg,Q079__cd_427488_104.1448467_30.66704602.jpg,D:\StreetView_Project\03_Output\clip_knn\questionnaire_sample_k25_500_added_200\08F_final500_freeze_run_20260728_145702\01_final_flat_500\Q079__cd_427488_104.1448467_30.66704602.jpg,frozen_08F,D:\StreetView_Project\03_Output\clip_knn\questionnaire_sample_k25_500_added_200\08D_spatial_visual_proximity_check_run_20260728_143220
Q080,existing_300,CD_412398,chengdu,104.0688448,30.72283123,201904,cd_412398_104.068844848_30.7228312326.jpg,D:\StreetView_Project\01_Data\Street_Images\chengdu\cd_streetview\cd_412398_104.068844848_30.7228312326.jpg,12,0.2660560309886932,edge,重庆高密普通主干路,Q080__cd_412398_104.0688448_30.72283123.jpg,D:\StreetView_Project\03_Output\clip_knn\questionnaire_sample_k25_500_added_200\08F_final500_freeze_run_20260728_145702\01_final_flat_500\Q080__cd_412398_104.0688448_30.72283123.jpg,CD_412398,False,False,not_applicable_existing_300,Q080__Q080_cd_412398_104.068844848_30.7228312326.jpg,D:\StreetView_Project\03_Output\clip_knn\questionnaire_sample_k25_300\02_images_main\_final_flat_300_for_check\Q080__Q080_cd_412398_104.068844848_30.7228312326.jpg,,201904,cd_412398_104.068844848_30.7228312326.jpg,D:\StreetView_Project\01_Data\Street_Images\chengdu\cd_streetview\cd_412398_104.068844848_30.7228312326.jpg,D:\StreetView_Project\01_Data\Street_Images\chengdu\cd_streetview\cd_412398_104.068844848_30.7228312326.jpg,0.2660560309886932,D:\StreetView_Project\03_Output\clip_knn\questionnaire_sample_k25_300\02_images_main\_final_flat_300_for_check\Q080__Q080_cd_412398_104.068844848_30.7228312326.jpg,efbbe1076cd324ed4668135951384e0233cc3f2b31921e254ea13063bb5f13d6,Q080__cd_412398_104.0688448_30.72283123.jpg,D:\StreetView_Project\03_Output\clip_knn\questionnaire_sample_k25_500_added_200\08D_spatial_visual_proximity_check_run_20260728_143220\01_preliminary_flat_500\Q080__cd_412398_104.0688448_30.72283123.jpg,Q080__cd_412398_104.0688448_30.72283123.jpg,D:\StreetView_Project\03_Output\clip_knn\questionnaire_sample_k25_500_added_200\08F_final500_freeze_run_20260728_145702\01_final_flat_500\Q080__cd_412398_104.0688448_30.72283123.jpg,frozen_08F,D:\StreetView_Project\03_Output\clip_knn\questionnaire_sample_k25_500_added_200\08D_spatial_visual_proximity_check_run_20260728_143220
Q081,existing_300,CD_411668,chengdu,104.0822826,30.71220749,201707,cd_411668_104.082282612_30.7122074896.jpg,D:\StreetView_Project\01_Data\Street_Images\chengdu\cd_streetview\cd_411668_104.082282612_30.7122074896.jpg,13,0.28598552942276,center,高绿量居住区/公园化道路,Q081__cd_411668_104.0822826_30.71220749.jpg,D:\StreetView_Project\03_Output\clip_knn\questionnaire_sample_k25_500_added_200\08F_final500_freeze_run_20260728_145702\01_final_flat_500\Q081__cd_411668_104.0822826_30.71220749.jpg,CD_411668,False,False,not_applicable_existing_300,Q081__Q081_cd_411668_104.082282612_30.7122074896.jpg,D:\StreetView_Project\03_Output\clip_knn\questionnaire_sample_k25_300\02_images_main\_final_flat_300_for_check\Q081__Q081_cd_411668_104.082282612_30.7122074896.jpg,,201707,cd_411668_104.082282612_30.7122074896.jpg,D:\StreetView_Project\01_Data\Street_Images\chengdu\cd_streetview\cd_411668_104.082282612_30.7122074896.jpg,D:\StreetView_Project\01_Data\Street_Images\chengdu\cd_streetview\cd_411668_104.082282612_30.7122074896.jpg,0.28598552942276,D:\StreetView_Project\03_Output\clip_knn\questionnaire_sample_k25_300\02_images_main\_final_flat_300_for_check\Q081__Q081_cd_411668_104.082282612_30.7122074896.jpg,84ef23b220e4b91b3d65cf90107b4a3aa087cc40a33ce63049fc3651db2b56be,Q081__cd_411668_104.0822826_30.71220749.jpg,D:\StreetView_Project\03_Output\clip_knn\questionnaire_sample_k25_500_added_200\08D_spatial_visual_proximity_check_run_20260728_143220\01_preliminary_flat_500\Q081__cd_411668_104.0822826_30.71220749.jpg,Q081__cd_411668_104.0822826_30.71220749.jpg,D:\StreetView_Project\03_Output\clip_knn\questionnaire_sample_k25_500_added_200\08F_final500_freeze_run_20260728_145702\01_final_flat_500\Q081__cd_411668_104.0822826_30.71220749.jpg,frozen_08F,D:\StreetView_Project\03_Output\clip_knn\questionnaire_sample_k25_500_added_200\08D_spatial_visual_proximity_check_run_20260728_143220
Q082,existing_300,CD_97152,chengdu,104.0118182,30.66838442,201707,cd_97152_104.011818211_30.6683844222.jpg,D:\StreetView_Project\01_Data\Street_Images\chengdu\cd_streetview\cd_97152_104.011818211_30.6683844222.jpg,13,0.2813174724578857,center,高绿量居住区/公园化道路,Q082__cd_97152_104.0118182_30.66838442.jpg,D:\StreetView_Project\03_Output\clip_knn\questionnaire_sample_k25_500_added_200\08F_final500_freeze_run_20260728_145702\01_final_flat_500\Q082__cd_97152_104.0118182_30.66838442.jpg,CD_97152,False,False,not_applicable_existing_300,Q082__Q082_cd_97152_104.011818211_30.6683844222.jpg,D:\StreetView_Project\03_Output\clip_knn\questionnaire_sample_k25_300\02_images_main\_final_flat_300_for_check\Q082__Q082_cd_97152_104.011818211_30.6683844222.jpg,,201707,cd_97152_104.011818211_30.6683844222.jpg,D:\StreetView_Project\01_Data\Street_Images\chengdu\cd_streetview\cd_97152_104.011818211_30.6683844222.jpg,D:\StreetView_Project\01_Data\Street_Images\chengdu\cd_streetview\cd_97152_104.011818211_30.6683844222.jpg,0.2813174724578857,D:\StreetView_Project\03_Output\clip_knn\questionnaire_sample_k25_300\02_images_main\_final_flat_300_for_check\Q082__Q082_cd_97152_104.011818211_30.6683844222.jpg,6d2e19039390d2e1288cef09720b40056f8219e5860a94db919242b1992ac113,Q082__cd_97152_104.0118182_30.66838442.jpg,D:\StreetView_Project\03_Output\clip_knn\questionnaire_sample_k25_500_added_200\08D_spatial_visual_proximity_check_run_20260728_143220\01_preliminary_flat_500\Q082__cd_97152_104.0118182_30.66838442.jpg,Q082__cd_97152_104.0118182_30.66838442.jpg,D:\StreetView_Project\03_Output\clip_knn\questionnaire_sample_k25_500_added_200\08F_final500_freeze_run_20260728_145702\01_final_flat_500\Q082__cd_97152_104.0118182_30.66838442.jpg,frozen_08F,D:\StreetView_Project\03_Output\clip_knn\questionnaire_sample_k25_500_added_200\08D_spatial_visual_proximity_check_run_20260728_143220
Q083,existing_300,CD_415781,chengdu,104.0571186,30.69445424,201904,cd_415781_104.057118575_30.6944542386.jpg,D:\StreetView_Project\01_Data\Street_Images\chengdu\cd_streetview\cd_415781_104.057118575_30.6944542386.jpg,13,0.35562863945961,edge,高绿量居住区/公园化道路,Q083__cd_415781_104.0571186_30.69445424.jpg,D:\StreetView_Project\03_Output\clip_knn\questionnaire_sample_k25_500_added_200\08F_final500_freeze_run_20260728_145702\01_final_flat_500\Q083__cd_415781_104.0571186_30.69445424.jpg,CD_415781,False,False,not_applicable_existing_300,Q083__Q083_cd_415781_104.057118575_30.6944542386.jpg,D:\StreetView_Project\03_Output\clip_knn\questionnaire_sample_k25_300\02_images_main\_final_flat_300_for_check\Q083__Q083_cd_415781_104.057118575_30.6944542386.jpg,,201904,cd_415781_104.057118575_30.6944542386.jpg,D:\StreetView_Project\01_Data\Street_Images\chengdu\cd_streetview\cd_415781_104.057118575_30.6944542386.jpg,D:\StreetView_Project\01_Data\Street_Images\chengdu\cd_streetview\cd_415781_104.057118575_30.6944542386.jpg,0.35562863945961,D:\StreetView_Project\03_Output\clip_knn\questionnaire_sample_k25_300\02_images_main\_final_flat_300_for_check\Q083__Q083_cd_415781_104.057118575_30.6944542386.jpg,53da185e84ebbb9d7218702e823aa668083efaa6e0e3136a9eaed075cb6e3f33,Q083__cd_415781_104.0571186_30.69445424.jpg,D:\StreetView_Project\03_Output\clip_knn\questionnaire_sample_k25_500_added_200\08D_spatial_visual_proximity_check_run_20260728_143220\01_preliminary_flat_500\Q083__cd_415781_104.0571186_30.69445424.jpg,Q083__cd_415781_104.0571186_30.69445424.jpg,D:\StreetView_Project\03_Output\clip_knn\questionnaire_sample_k25_500_added_200\08F_final500_freeze_run_20260728_145702\01_final_flat_500\Q083__cd_415781_104.0571186_30.69445424.jpg,frozen_08F,D:\StreetView_Project\03_Output\clip_knn\questionnaire_sample_k25_500_added_200\08D_spatial_visual_proximity_check_run_20260728_143220
Q084,existing_300,CD_465038,chengdu,104.0256697,30.62328355,201904,cd_465038_104.025669671_30.6232835527.jpg,D:\StreetView_Project\01_Data\Street_Images\chengdu\cd_streetview\cd_465038_104.025669671_30.6232835527.jpg,13,0.3486675620079041,middle,高绿量居住区/公园化道路,Q084__cd_465038_104.0256697_30.62328355.jpg,D:\StreetView_Project\03_Output\clip_knn\questionnaire_sample_k25_500_added_200\08F_final500_freeze_run_20260728_145702\01_final_flat_500\Q084__cd_465038_104.0256697_30.62328355.jpg,CD_465038,False,False,not_applicable_existing_300,Q084__Q084_cd_465038_104.025669671_30.6232835527.jpg,D:\StreetView_Project\03_Output\clip_knn\questionnaire_sample_k25_300\02_images_main\_final_flat_300_for_check\Q084__Q084_cd_465038_104.025669671_30.6232835527.jpg,,201904,cd_465038_104.025669671_30.6232835527.jpg,D:\StreetView_Project\01_Data\Street_Images\chengdu\cd_streetview\cd_465038_104.025669671_30.6232835527.jpg,D:\StreetView_Project\01_Data\Street_Images\chengdu\cd_streetview\cd_465038_104.025669671_30.6232835527.jpg,0.3486675620079041,D:\StreetView_Project\03_Output\clip_knn\questionnaire_sample_k25_300\02_images_main\_final_flat_300_for_check\Q084__Q084_cd_465038_104.025669671_30.6232835527.jpg,ad58419c3902f97f43b33518793ea08a153e56f5761b03c487e256c9485d480f,Q084__cd_465038_104.0256697_30.62328355.jpg,D:\StreetView_Project\03_Output\clip_knn\questionnaire_sample_k25_500_added_200\08D_spatial_visual_proximity_check_run_20260728_143220\01_preliminary_flat_500\Q084__cd_465038_104.0256697_30.62328355.jpg,Q084__cd_465038_104.0256697_30.62328355.jpg,D:\StreetView_Project\03_Output\clip_knn\questionnaire_sample_k25_500_added_200\08F_final500_freeze_run_20260728_145702\01_final_flat_500\Q084__cd_465038_104.0256697_30.62328355.jpg,frozen_08F,D:\StreetView_Project\03_Output\clip_knn\questionnaire_sample_k25_500_added_200\08D_spatial_visual_proximity_check_run_20260728_143220
Q085,existing_300,CD_466491,chengdu,104.108562,30.60135757,201903,cd_466491_104.108561994_30.6013575726.jpg,D:\StreetView_Project\01_Data\Street_Images\chengdu\cd_streetview\cd_466491_104.108561994_30.6013575726.jpg,13,0.3536017239093781,edge,高绿量居住区/公园化道路,Q085__cd_466491_104.108562_30.60135757.jpg,D:\StreetView_Project\03_Output\clip_knn\questionnaire_sample_k25_500_added_200\08F_final500_freeze_run_20260728_145702\01_final_flat_500\Q085__cd_466491_104.108562_30.60135757.jpg,CD_466491,False,False,not_applicable_existing_300,Q085__Q085_cd_466491_104.108561994_30.6013575726.jpg,D:\StreetView_Project\03_Output\clip_knn\questionnaire_sample_k25_300\02_images_main\_final_flat_300_for_check\Q085__Q085_cd_466491_104.108561994_30.6013575726.jpg,,201903,cd_466491_104.108561994_30.6013575726.jpg,D:\StreetView_Project\01_Data\Street_Images\chengdu\cd_streetview\cd_466491_104.108561994_30.6013575726.jpg,D:\StreetView_Project\01_Data\Street_Images\chengdu\cd_streetview\cd_466491_104.108561994_30.6013575726.jpg,0.3536017239093781,D:\StreetView_Project\03_Output\clip_knn\questionnaire_sample_k25_300\02_images_main\_final_flat_300_for_check\Q085__Q085_cd_466491_104.108561994_30.6013575726.jpg,c1a4f49d9a1abf6b0071244afcfb695b6adaba44c0d50dec4776f5776db9a0e7,Q085__cd_466491_104.108562_30.60135757.jpg,D:\StreetView_Project\03_Output\clip_knn\questionnaire_sample_k25_500_added_200\08D_spatial_visual_proximity_check_run_20260728_143220\01_preliminary_flat_500\Q085__cd_466491_104.108562_30.60135757.jpg,Q085__cd_466491_104.108562_30.60135757.jpg,D:\StreetView_Project\03_Output\clip_knn\questionnaire_sample_k25_500_added_200\08F_final500_freeze_run_20260728_145702\01_final_flat_500\Q085__cd_466491_104.108562_30.60135757.jpg,frozen_08F,D:\StreetView_Project\03_Output\clip_knn\questionnaire_sample_k25_500_added_200\08D_spatial_visual_proximity_check_run_20260728_143220
Q086,existing_300,CD_418413,chengdu,104.0368982,30.71360762,201904,cd_418413_104.036898248_30.7136076181.jpg,D:\StreetView_Project\01_Data\Street_Images\chengdu\cd_streetview\cd_418413_104.036898248_30.7136076181.jpg,14,0.2064140439033508,center,商业生活性街道/街边商业界面,Q086__cd_418413_104.0368982_30.71360762.jpg,D:\StreetView_Project\03_Output\clip_knn\questionnaire_sample_k25_500_added_200\08F_final500_freeze_run_20260728_145702\01_final_flat_500\Q086__cd_418413_104.0368982_30.71360762.jpg,CD_418413,False,False,not_applicable_existing_300,Q086__Q086_cd_418413_104.036898248_30.7136076181.jpg,D:\StreetView_Project\03_Output\clip_knn\questionnaire_sample_k25_300\02_images_main\_final_flat_300_for_check\Q086__Q086_cd_418413_104.036898248_30.7136076181.jpg,,201904,cd_418413_104.036898248_30.7136076181.jpg,D:\StreetView_Project\01_Data\Street_Images\chengdu\cd_streetview\cd_418413_104.036898248_30.7136076181.jpg,D:\StreetView_Project\01_Data\Street_Images\chengdu\cd_streetview\cd_418413_104.036898248_30.7136076181.jpg,0.2064140439033508,D:\StreetView_Project\03_Output\clip_knn\questionnaire_sample_k25_300\02_images_main\_final_flat_300_for_check\Q086__Q086_cd_418413_104.036898248_30.7136076181.jpg,3acc8dae4d0afa44e45303e6a6182066af6aebc9a6f88f736278e80510788ca8,Q086__cd_418413_104.0368982_30.71360762.jpg,D:\StreetView_Project\03_Output\clip_knn\questionnaire_sample_k25_500_added_200\08D_spatial_visual_proximity_check_run_20260728_143220\01_preliminary_flat_500\Q086__cd_418413_104.0368982_30.71360762.jpg,Q086__cd_418413_104.0368982_30.71360762.jpg,D:\StreetView_Project\03_Output\clip_knn\questionnaire_sample_k25_500_added_200\08F_final500_freeze_run_20260728_145702\01_final_flat_500\Q086__cd_418413_104.0368982_30.71360762.jpg,frozen_08F,D:\StreetView_Project\03_Output\clip_knn\questionnaire_sample_k25_500_added_200\08D_spatial_visual_proximity_check_run_20260728_143220
Q087,existing_300,CD_471132,chengdu,104.1061396,30.65590641,201611,cd_471132_104.106139575_30.6559064092.jpg,D:\StreetView_Project\01_Data\Street_Images\chengdu\cd_streetview\cd_471132_104.106139575_30.6559064092.jpg,14,0.2084122747182846,center,商业生活性街道/街边商业界面,Q087__cd_471132_104.1061396_30.65590641.jpg,D:\StreetView_Project\03_Output\clip_knn\questionnaire_sample_k25_500_added_200\08F_final500_freeze_run_20260728_145702\01_final_flat_500\Q087__cd_471132_104.1061396_30.65590641.jpg,CD_471132,False,False,not_applicable_existing_300,Q087__Q087_cd_471132_104.106139575_30.6559064092.jpg,D:\StreetView_Project\03_Output\clip_knn\questionnaire_sample_k25_300\02_images_main\_final_flat_300_for_check\Q087__Q087_cd_471132_104.106139575_30.6559064092.jpg,,201611,cd_471132_104.106139575_30.6559064092.jpg,D:\StreetView_Project\01_Data\Street_Images\chengdu\cd_streetview\cd_471132_104.106139575_30.6559064092.jpg,D:\StreetView_Project\01_Data\Street_Images\chengdu\cd_streetview\cd_471132_104.106139575_30.6559064092.jpg,0.2084122747182846,D:\StreetView_Project\03_Output\clip_knn\questionnaire_sample_k25_300\02_images_main\_final_flat_300_for_check\Q087__Q087_cd_471132_104.106139575_30.6559064092.jpg,b4c7e75aabb9582ec914fffbcad1f577fc6e91c6e851692d8d27576c8e6e5926,Q087__cd_471132_104.1061396_30.65590641.jpg,D:\StreetView_Project\03_Output\clip_knn\questionnaire_sample_k25_500_added_200\08D_spatial_visual_proximity_check_run_20260728_143220\01_preliminary_flat_500\Q087__cd_471132_104.1061396_30.65590641.jpg,Q087__cd_471132_104.1061396_30.65590641.jpg,D:\StreetView_Project\03_Output\clip_knn\questionnaire_sample_k25_500_added_200\08F_final500_freeze_run_20260728_145702\01_final_flat_500\Q087__cd_471132_104.1061396_30.65590641.jpg,frozen_08F,D:\StreetView_Project\03_Output\clip_knn\questionnaire_sample_k25_500_added_200\08D_spatial_visual_proximity_check_run_20260728_143220
Q088,existing_300,CD_416908,chengdu,104.0795885,30.69722933,201904,cd_416908_104.079588457_30.6972293316.jpg,D:\StreetView_Project\01_Data\Street_Images\chengdu\cd_streetview\cd_416908_104.079588457_30.6972293316.jpg,14,0.3696738481521606,edge,商业生活性街道/街边商业界面,Q088__cd_416908_104.0795885_30.69722933.jpg,D:\StreetView_Project\03_Output\clip_knn\questionnaire_sample_k25_500_added_200\08F_final500_freeze_run_20260728_145702\01_final_flat_500\Q088__cd_416908_104.0795885_30.69722933.jpg,CD_416908,False,False,not_applicable_existing_300,Q088__Q088_cd_416908_104.079588457_30.6972293316.jpg,D:\StreetView_Project\03_Output\clip_knn\questionnaire_sample_k25_300\02_images_main\_final_flat_300_for_check\Q088__Q088_cd_416908_104.079588457_30.6972293316.jpg,,201904,cd_416908_104.079588457_30.6972293316.jpg,D:\StreetView_Project\01_Data\Street_Images\chengdu\cd_streetview\cd_416908_104.079588457_30.6972293316.jpg,D:\StreetView_Project\01_Data\Street_Images\chengdu\cd_streetview\cd_416908_104.079588457_30.6972293316.jpg,0.3696738481521606,D:\StreetView_Project\03_Output\clip_knn\questionnaire_sample_k25_300\02_images_main\_final_flat_300_for_check\Q088__Q088_cd_416908_104.079588457_30.6972293316.jpg,deae3911568d02a19e7f207ad38b2b2a143b51d72a6eafb0697e458b0cdee5fc,Q088__cd_416908_104.0795885_30.69722933.jpg,D:\StreetView_Project\03_Output\clip_knn\questionnaire_sample_k25_500_added_200\08D_spatial_visual_proximity_check_run_20260728_143220\01_preliminary_flat_500\Q088__cd_416908_104.0795885_30.69722933.jpg,Q088__cd_416908_104.0795885_30.69722933.jpg,D:\StreetView_Project\03_Output\clip_knn\questionnaire_sample_k25_500_added_200\08F_final500_freeze_run_20260728_145702\01_final_flat_500\Q088__cd_416908_104.0795885_30.69722933.jpg,frozen_08F,D:\StreetView_Project\03_Output\clip_knn\questionnaire_sample_k25_500_added_200\08D_spatial_visual_proximity_check_run_20260728_143220
Q089,existing_300,CD_420303,chengdu,104.0502884,30.72390416,201904,cd_420303_104.050288361_30.7239041554.jpg,D:\StreetView_Project\01_Data\Street_Images\chengdu\cd_streetview\cd_420303_104.050288361_30.7239041554.jpg,14,0.2865378260612488,middle,商业生活性街道/街边商业界面,Q089__cd_420303_104.0502884_30.72390416.jpg,D:\StreetView_Project\03_Output\clip_knn\questionnaire_sample_k25_500_added_200\08F_final500_freeze_run_20260728_145702\01_final_flat_500\Q089__cd_420303_104.0502884_30.72390416.jpg,CD_420303,False,False,not_applicable_existing_300,Q089__Q089_cd_420303_104.050288361_30.7239041554.jpg,D:\StreetView_Project\03_Output\clip_knn\questionnaire_sample_k25_300\02_images_main\_final_flat_300_for_check\Q089__Q089_cd_420303_104.050288361_30.7239041554.jpg,,201904,cd_420303_104.050288361_30.7239041554.jpg,D:\StreetView_Project\01_Data\Street_Images\chengdu\cd_streetview\cd_420303_104.050288361_30.7239041554.jpg,D:\StreetView_Project\01_Data\Street_Images\chengdu\cd_streetview\cd_420303_104.050288361_30.7239041554.jpg,0.2865378260612488,D:\StreetView_Project\03_Output\clip_knn\questionnaire_sample_k25_300\02_images_main\_final_flat_300_for_check\Q089__Q089_cd_420303_104.050288361_30.7239041554.jpg,2e47fa5df6bcc47bfbcfc5d43fa1f0520405bbaf1023525740dccbc12a0507d7,Q089__cd_420303_104.0502884_30.72390416.jpg,D:\StreetView_Project\03_Output\clip_knn\questionnaire_sample_k25_500_added_200\08D_spatial_visual_proximity_check_run_20260728_143220\01_preliminary_flat_500\Q089__cd_420303_104.0502884_30.72390416.jpg,Q089__cd_420303_104.0502884_30.72390416.jpg,D:\StreetView_Project\03_Output\clip_knn\questionnaire_sample_k25_500_added_200\08F_final500_freeze_run_20260728_145702\01_final_flat_500\Q089__cd_420303_104.0502884_30.72390416.jpg,frozen_08F,D:\StreetView_Project\03_Output\clip_knn\questionnaire_sample_k25_500_added_200\08D_spatial_visual_proximity_check_run_20260728_143220
Q090,existing_300,CD_466034,chengdu,104.0228454,30.62828327,201707,cd_466034_104.022845381_30.6282832731.jpg,D:\StreetView_Project\01_Data\Street_Images\chengdu\cd_streetview\cd_466034_104.022845381_30.6282832731.jpg,14,0.2725315690040588,middle,商业生活性街道/街边商业界面,Q090__cd_466034_104.0228454_30.62828327.jpg,D:\StreetView_Project\03_Output\clip_knn\questionnaire_sample_k25_500_added_200\08F_final500_freeze_run_20260728_145702\01_final_flat_500\Q090__cd_466034_104.0228454_30.62828327.jpg,CD_466034,False,False,not_applicable_existing_300,Q090__Q090_cd_466034_104.022845381_30.6282832731.jpg,D:\StreetView_Project\03_Output\clip_knn\questionnaire_sample_k25_300\02_images_main\_final_flat_300_for_check\Q090__Q090_cd_466034_104.022845381_30.6282832731.jpg,,201707,cd_466034_104.022845381_30.6282832731.jpg,D:\StreetView_Project\01_Data\Street_Images\chengdu\cd_streetview\cd_466034_104.022845381_30.6282832731.jpg,D:\StreetView_Project\01_Data\Street_Images\chengdu\cd_streetview\cd_466034_104.022845381_30.6282832731.jpg,0.2725315690040588,D:\StreetView_Project\03_Output\clip_knn\questionnaire_sample_k25_300\02_images_main\_final_flat_300_for_check\Q090__Q090_cd_466034_104.022845381_30.6282832731.jpg,09973e1010b76d98b87fcbc480624d95a5f93d4804d087c682db64a9d58555f3,Q090__cd_466034_104.0228454_30.62828327.jpg,D:\StreetView_Project\03_Output\clip_knn\questionnaire_sample_k25_500_added_200\08D_spatial_visual_proximity_check_run_20260728_143220\01_preliminary_flat_500\Q090__cd_466034_104.0228454_30.62828327.jpg,Q090__cd_466034_104.0228454_30.62828327.jpg,D:\StreetView_Project\03_Output\clip_knn\questionnaire_sample_k25_500_added_200\08F_final500_freeze_run_20260728_145702\01_final_flat_500\Q090__cd_466034_104.0228454_30.62828327.jpg,frozen_08F,D:\StreetView_Project\03_Output\clip_knn\questionnaire_sample_k25_500_added_200\08D_spatial_visual_proximity_check_run_20260728_143220
Q091,existing_300,CD_413022,chengdu,104.0885245,30.71423644,202304,cd_413022_104.088524486_30.7142364362.jpg,D:\StreetView_Project\01_Data\Street_Images\chengdu\cd_streetview\cd_413022_104.088524486_30.7142364362.jpg,14,0.3340131938457489,edge,商业生活性街道/街边商业界面,Q091__cd_413022_104.0885245_30.71423644.jpg,D:\StreetView_Project\03_Output\clip_knn\questionnaire_sample_k25_500_added_200\08F_final500_freeze_run_20260728_145702\01_final_flat_500\Q091__cd_413022_104.0885245_30.71423644.jpg,CD_413022,False,False,not_applicable_existing_300,Q091__Q091_cd_413022_104.088524486_30.7142364362.jpg,D:\StreetView_Project\03_Output\clip_knn\questionnaire_sample_k25_300\02_images_main\_final_flat_300_for_check\Q091__Q091_cd_413022_104.088524486_30.7142364362.jpg,,202304,cd_413022_104.088524486_30.7142364362.jpg,D:\StreetView_Project\01_Data\Street_Images\chengdu\cd_streetview\cd_413022_104.088524486_30.7142364362.jpg,D:\StreetView_Project\01_Data\Street_Images\chengdu\cd_streetview\cd_413022_104.088524486_30.7142364362.jpg,0.3340131938457489,D:\StreetView_Project\03_Output\clip_knn\questionnaire_sample_k25_300\02_images_main\_final_flat_300_for_check\Q091__Q091_cd_413022_104.088524486_30.7142364362.jpg,5d5bacccc765691b2afa39b4e49c1dad276a3a289623e57e5d3f4c6224035a5e,Q091__cd_413022_104.0885245_30.71423644.jpg,D:\StreetView_Project\03_Output\clip_knn\questionnaire_sample_k25_500_added_200\08D_spatial_visual_proximity_check_run_20260728_143220\01_preliminary_flat_500\Q091__cd_413022_104.0885245_30.71423644.jpg,Q091__cd_413022_104.0885245_30.71423644.jpg,D:\StreetView_Project\03_Output\clip_knn\questionnaire_sample_k25_500_added_200\08F_final500_freeze_run_20260728_145702\01_final_flat_500\Q091__cd_413022_104.0885245_30.71423644.jpg,frozen_08F,D:\StreetView_Project\03_Output\clip_knn\questionnaire_sample_k25_500_added_200\08D_spatial_visual_proximity_check_run_20260728_143220
Q092,existing_300,CD_468263,chengdu,104.0695442,30.6150538,202203,cd_468263_104.069544177_30.6150537998.jpg,D:\StreetView_Project\01_Data\Street_Images\chengdu\cd_streetview\cd_468263_104.069544177_30.6150537998.jpg,15,0.202777087688446,center,重庆高密商业/居住混合主干路,Q092__cd_468263_104.0695442_30.6150538.jpg,D:\StreetView_Project\03_Output\clip_knn\questionnaire_sample_k25_500_added_200\08F_final500_freeze_run_20260728_145702\01_final_flat_500\Q092__cd_468263_104.0695442_30.6150538.jpg,CD_468263,False,False,not_applicable_existing_300,Q092__Q092_cd_468263_104.069544177_30.6150537998.jpg,D:\StreetView_Project\03_Output\clip_knn\questionnaire_sample_k25_300\02_images_main\_final_flat_300_for_check\Q092__Q092_cd_468263_104.069544177_30.6150537998.jpg,,202203,cd_468263_104.069544177_30.6150537998.jpg,D:\StreetView_Project\01_Data\Street_Images\chengdu\cd_streetview\cd_468263_104.069544177_30.6150537998.jpg,D:\StreetView_Project\01_Data\Street_Images\chengdu\cd_streetview\cd_468263_104.069544177_30.6150537998.jpg,0.202777087688446,D:\StreetView_Project\03_Output\clip_knn\questionnaire_sample_k25_300\02_images_main\_final_flat_300_for_check\Q092__Q092_cd_468263_104.069544177_30.6150537998.jpg,b4e9fd2778e993ececa4054e0e9774c5ffa7d3d5511ebb1d7921b479206f9cd6,Q092__cd_468263_104.0695442_30.6150538.jpg,D:\StreetView_Project\03_Output\clip_knn\questionnaire_sample_k25_500_added_200\08D_spatial_visual_proximity_check_run_20260728_143220\01_preliminary_flat_500\Q092__cd_468263_104.0695442_30.6150538.jpg,Q092__cd_468263_104.0695442_30.6150538.jpg,D:\StreetView_Project\03_Output\clip_knn\questionnaire_sample_k25_500_added_200\08F_final500_freeze_run_20260728_145702\01_final_flat_500\Q092__cd_468263_104.0695442_30.6150538.jpg,frozen_08F,D:\StreetView_Project\03_Output\clip_knn\questionnaire_sample_k25_500_added_200\08D_spatial_visual_proximity_check_run_20260728_143220
Q093,existing_300,CD_462155,chengdu,103.9987009,30.66096277,201707,cd_462155_103.998700855_30.6609627682.jpg,D:\StreetView_Project\01_Data\Street_Images\chengdu\cd_streetview\cd_462155_103.998700855_30.6609627682.jpg,15,0.2223454564809799,center,重庆高密商业/居住混合主干路,Q093__cd_462155_103.9987009_30.66096277.jpg,D:\StreetView_Project\03_Output\clip_knn\questionnaire_sample_k25_500_added_200\08F_final500_freeze_run_20260728_145702\01_final_flat_500\Q093__cd_462155_103.9987009_30.66096277.jpg,CD_462155,False,False,not_applicable_existing_300,Q093__Q093_cd_462155_103.998700855_30.6609627682.jpg,D:\StreetView_Project\03_Output\clip_knn\questionnaire_sample_k25_300\02_images_main\_final_flat_300_for_check\Q093__Q093_cd_462155_103.998700855_30.6609627682.jpg,,201707,cd_462155_103.998700855_30.6609627682.jpg,D:\StreetView_Project\01_Data\Street_Images\chengdu\cd_streetview\cd_462155_103.998700855_30.6609627682.jpg,D:\StreetView_Project\01_Data\Street_Images\chengdu\cd_streetview\cd_462155_103.998700855_30.6609627682.jpg,0.2223454564809799,D:\StreetView_Project\03_Output\clip_knn\questionnaire_sample_k25_300\02_images_main\_final_flat_300_for_check\Q093__Q093_cd_462155_103.998700855_30.6609627682.jpg,2e52b69c11955fd20ecf42f27ed06f44e3375dfa5287720e7308f120f78ad4f5,Q093__cd_462155_103.9987009_30.66096277.jpg,D:\StreetView_Project\03_Output\clip_knn\questionnaire_sample_k25_500_added_200\08D_spatial_visual_proximity_check_run_20260728_143220\01_preliminary_flat_500\Q093__cd_462155_103.9987009_30.66096277.jpg,Q093__cd_462155_103.9987009_30.66096277.jpg,D:\StreetView_Project\03_Output\clip_knn\questionnaire_sample_k25_500_added_200\08F_final500_freeze_run_20260728_145702\01_final_flat_500\Q093__cd_462155_103.9987009_30.66096277.jpg,frozen_08F,D:\StreetView_Project\03_Output\clip_knn\questionnaire_sample_k25_500_added_200\08D_spatial_visual_proximity_check_run_20260728_143220
Q094,existing_300,CD_411828,chengdu,104.1004429,30.7014864,201707,cd_411828_104.100442887_30.7014864011.jpg,D:\StreetView_Project\01_Data\Street_Images\chengdu\cd_streetview\cd_411828_104.100442887_30.7014864011.jpg,15,0.2372696548700333,middle,重庆高密商业/居住混合主干路,Q094__cd_411828_104.1004429_30.7014864.jpg,D:\StreetView_Project\03_Output\clip_knn\questionnaire_sample_k25_500_added_200\08F_final500_freeze_run_20260728_145702\01_final_flat_500\Q094__cd_411828_104.1004429_30.7014864.jpg,CD_411828,False,False,not_applicable_existing_300,Q094__Q094_cd_411828_104.100442887_30.7014864011.jpg,D:\StreetView_Project\03_Output\clip_knn\questionnaire_sample_k25_300\02_images_main\_final_flat_300_for_check\Q094__Q094_cd_411828_104.100442887_30.7014864011.jpg,,201707,cd_411828_104.100442887_30.7014864011.jpg,D:\StreetView_Project\01_Data\Street_Images\chengdu\cd_streetview\cd_411828_104.100442887_30.7014864011.jpg,D:\StreetView_Project\01_Data\Street_Images\chengdu\cd_streetview\cd_411828_104.100442887_30.7014864011.jpg,0.2372696548700333,D:\StreetView_Project\03_Output\clip_knn\questionnaire_sample_k25_300\02_images_main\_final_flat_300_for_check\Q094__Q094_cd_411828_104.100442887_30.7014864011.jpg,e8d2f0129cc89e65a7e125c324f21ad6844c20ed0a11e0847f3b19a186986d0e,Q094__cd_411828_104.1004429_30.7014864.jpg,D:\StreetView_Project\03_Output\clip_knn\questionnaire_sample_k25_500_added_200\08D_spatial_visual_proximity_check_run_20260728_143220\01_preliminary_flat_500\Q094__cd_411828_104.1004429_30.7014864.jpg,Q094__cd_411828_104.1004429_30.7014864.jpg,D:\StreetView_Project\03_Output\clip_knn\questionnaire_sample_k25_500_added_200\08F_final500_freeze_run_20260728_145702\01_final_flat_500\Q094__cd_411828_104.1004429_30.7014864.jpg,frozen_08F,D:\StreetView_Project\03_Output\clip_knn\questionnaire_sample_k25_500_added_200\08D_spatial_visual_proximity_check_run_20260728_143220
Q095,existing_300,CD_51505,chengdu,104.0766289,30.61075925,201707,cd_51505_104.076628919_30.6107592498.jpg,D:\StreetView_Project\01_Data\Street_Images\chengdu\cd_streetview\cd_51505_104.076628919_30.6107592498.jpg,15,0.1984338611364365,center,重庆高密商业/居住混合主干路,Q095__cd_51505_104.0766289_30.61075925.jpg,D:\StreetView_Project\03_Output\clip_knn\questionnaire_sample_k25_500_added_200\08F_final500_freeze_run_20260728_145702\01_final_flat_500\Q095__cd_51505_104.0766289_30.61075925.jpg,CD_51505,False,False,not_applicable_existing_300,Q095__Q095_cd_51505_104.076628919_30.6107592498.jpg,D:\StreetView_Project\03_Output\clip_knn\questionnaire_sample_k25_300\02_images_main\_final_flat_300_for_check\Q095__Q095_cd_51505_104.076628919_30.6107592498.jpg,,201707,cd_51505_104.076628919_30.6107592498.jpg,D:\StreetView_Project\01_Data\Street_Images\chengdu\cd_streetview\cd_51505_104.076628919_30.6107592498.jpg,D:\StreetView_Project\01_Data\Street_Images\chengdu\cd_streetview\cd_51505_104.076628919_30.6107592498.jpg,0.1984338611364365,D:\StreetView_Project\03_Output\clip_knn\questionnaire_sample_k25_300\02_images_main\_final_flat_300_for_check\Q095__Q095_cd_51505_104.076628919_30.6107592498.jpg,69c8d64603beb21753029bf7198f548463d70d123c6828ad7865b1cf625ae179,Q095__cd_51505_104.0766289_30.61075925.jpg,D:\StreetView_Project\03_Output\clip_knn\questionnaire_sample_k25_500_added_200\08D_spatial_visual_proximity_check_run_20260728_143220\01_preliminary_flat_500\Q095__cd_51505_104.0766289_30.61075925.jpg,Q095__cd_51505_104.0766289_30.61075925.jpg,D:\StreetView_Project\03_Output\clip_knn\questionnaire_sample_k25_500_added_200\08F_final500_freeze_run_20260728_145702\01_final_flat_500\Q095__cd_51505_104.0766289_30.61075925.jpg,frozen_08F,D:\StreetView_Project\03_Output\clip_knn\questionnaire_sample_k25_500_added_200\08D_spatial_visual_proximity_check_run_20260728_143220
Q096,existing_300,CD_414081,chengdu,104.0429797,30.6890737,202003,cd_414081_104.042979691_30.6890736954.jpg,D:\StreetView_Project\01_Data\Street_Images\chengdu\cd_streetview\cd_414081_104.042979691_30.6890736954.jpg,16,0.2717199921607971,center,树荫居住支路/高绿量社区道路,Q096__cd_414081_104.0429797_30.6890737.jpg,D:\StreetView_Project\03_Output\clip_knn\questionnaire_sample_k25_500_added_200\08F_final500_freeze_run_20260728_145702\01_final_flat_500\Q096__cd_414081_104.0429797_30.6890737.jpg,CD_414081,False,False,not_applicable_existing_300,Q096__Q096_cd_414081_104.042979691_30.6890736954.jpg,D:\StreetView_Project\03_Output\clip_knn\questionnaire_sample_k25_300\02_images_main\_final_flat_300_for_check\Q096__Q096_cd_414081_104.042979691_30.6890736954.jpg,,202003,cd_414081_104.042979691_30.6890736954.jpg,D:\StreetView_Project\01_Data\Street_Images\chengdu\cd_streetview\cd_414081_104.042979691_30.6890736954.jpg,D:\StreetView_Project\01_Data\Street_Images\chengdu\cd_streetview\cd_414081_104.042979691_30.6890736954.jpg,0.2717199921607971,D:\StreetView_Project\03_Output\clip_knn\questionnaire_sample_k25_300\02_images_main\_final_flat_300_for_check\Q096__Q096_cd_414081_104.042979691_30.6890736954.jpg,1d0e5dcc156ef1917363b044f136bb763e7517d41eb17b0c23c8efaf861ab789,Q096__cd_414081_104.0429797_30.6890737.jpg,D:\StreetView_Project\03_Output\clip_knn\questionnaire_sample_k25_500_added_200\08D_spatial_visual_proximity_check_run_20260728_143220\01_preliminary_flat_500\Q096__cd_414081_104.0429797_30.6890737.jpg,Q096__cd_414081_104.0429797_30.6890737.jpg,D:\StreetView_Project\03_Output\clip_knn\questionnaire_sample_k25_500_added_200\08F_final500_freeze_run_20260728_145702\01_final_flat_500\Q096__cd_414081_104.0429797_30.6890737.jpg,frozen_08F,D:\StreetView_Project\03_Output\clip_knn\questionnaire_sample_k25_500_added_200\08D_spatial_visual_proximity_check_run_20260728_143220
Q097,existing_300,CD_470368,chengdu,104.110433,30.65851969,201903,cd_470368_104.110432964_30.6585196938.jpg,D:\StreetView_Project\01_Data\Street_Images\chengdu\cd_streetview\cd_470368_104.110432964_30.6585196938.jpg,16,0.3425407707691193,edge,树荫居住支路/高绿量社区道路,Q097__cd_470368_104.110433_30.65851969.jpg,D:\StreetView_Project\03_Output\clip_knn\questionnaire_sample_k25_500_added_200\08F_final500_freeze_run_20260728_145702\01_final_flat_500\Q097__cd_470368_104.110433_30.65851969.jpg,CD_470368,False,False,not_applicable_existing_300,Q097__Q097_cd_470368_104.110432964_30.6585196938.jpg,D:\StreetView_Project\03_Output\clip_knn\questionnaire_sample_k25_300\02_images_main\_final_flat_300_for_check\Q097__Q097_cd_470368_104.110432964_30.6585196938.jpg,,201903,cd_470368_104.110432964_30.6585196938.jpg,D:\StreetView_Project\01_Data\Street_Images\chengdu\cd_streetview\cd_470368_104.110432964_30.6585196938.jpg,D:\StreetView_Project\01_Data\Street_Images\chengdu\cd_streetview\cd_470368_104.110432964_30.6585196938.jpg,0.3425407707691193,D:\StreetView_Project\03_Output\clip_knn\questionnaire_sample_k25_300\02_images_main\_final_flat_300_for_check\Q097__Q097_cd_470368_104.110432964_30.6585196938.jpg,724c69c2602835c52ffd4cf211df6975aa21d90eb41a373fd9761c94e0be4baa,Q097__cd_470368_104.110433_30.65851969.jpg,D:\StreetView_Project\03_Output\clip_knn\questionnaire_sample_k25_500_added_200\08D_spatial_visual_proximity_check_run_20260728_143220\01_preliminary_flat_500\Q097__cd_470368_104.110433_30.65851969.jpg,Q097__cd_470368_104.110433_30.65851969.jpg,D:\StreetView_Project\03_Output\clip_knn\questionnaire_sample_k25_500_added_200\08F_final500_freeze_run_20260728_145702\01_final_flat_500\Q097__cd_470368_104.110433_30.65851969.jpg,frozen_08F,D:\StreetView_Project\03_Output\clip_knn\questionnaire_sample_k25_500_added_200\08D_spatial_visual_proximity_check_run_20260728_143220
Q098,existing_300,CD_421115,chengdu,104.0176236,30.69910435,201707,cd_421115_104.017623559_30.6991043475.jpg,D:\StreetView_Project\01_Data\Street_Images\chengdu\cd_streetview\cd_421115_104.017623559_30.6991043475.jpg,16,0.2699399292469025,center,树荫居住支路/高绿量社区道路,Q098__cd_421115_104.0176236_30.69910435.jpg,D:\StreetView_Project\03_Output\clip_knn\questionnaire_sample_k25_500_added_200\08F_final500_freeze_run_20260728_145702\01_final_flat_500\Q098__cd_421115_104.0176236_30.69910435.jpg,CD_421115,False,False,not_applicable_existing_300,Q098__Q098_cd_421115_104.017623559_30.6991043475.jpg,D:\StreetView_Project\03_Output\clip_knn\questionnaire_sample_k25_300\02_images_main\_final_flat_300_for_check\Q098__Q098_cd_421115_104.017623559_30.6991043475.jpg,,201707,cd_421115_104.017623559_30.6991043475.jpg,D:\StreetView_Project\01_Data\Street_Images\chengdu\cd_streetview\cd_421115_104.017623559_30.6991043475.jpg,D:\StreetView_Project\01_Data\Street_Images\chengdu\cd_streetview\cd_421115_104.017623559_30.6991043475.jpg,0.2699399292469025,D:\StreetView_Project\03_Output\clip_knn\questionnaire_sample_k25_300\02_images_main\_final_flat_300_for_check\Q098__Q098_cd_421115_104.017623559_30.6991043475.jpg,8c03a89e7c6e5a440df4b7c9e9f7c05ee3013c9200c41d5b5cab9fac88424c01,Q098__cd_421115_104.0176236_30.69910435.jpg,D:\StreetView_Project\03_Output\clip_knn\questionnaire_sample_k25_500_added_200\08D_spatial_visual_proximity_check_run_20260728_143220\01_preliminary_flat_500\Q098__cd_421115_104.0176236_30.69910435.jpg,Q098__cd_421115_104.0176236_30.69910435.jpg,D:\StreetView_Project\03_Output\clip_knn\questionnaire_sample_k25_500_added_200\08F_final500_freeze_run_20260728_145702\01_final_flat_500\Q098__cd_421115_104.0176236_30.69910435.jpg,frozen_08F,D:\StreetView_Project\03_Output\clip_knn\questionnaire_sample_k25_500_added_200\08D_spatial_visual_proximity_check_run_20260728_143220
Q099,existing_300,CD_454357,chengdu,103.9988652,30.65087681,201611,cd_454357_103.998865221_30.6508768081.jpg,D:\StreetView_Project\01_Data\Street_Images\chengdu\cd_streetview\cd_454357_103.998865221_30.6508768081.jpg,16,0.258249431848526,center,树荫居住支路/高绿量社区道路,Q099__cd_454357_103.9988652_30.65087681.jpg,D:\StreetView_Project\03_Output\clip_knn\questionnaire_sample_k25_500_added_200\08F_final500_freeze_run_20260728_145702\01_final_flat_500\Q099__cd_454357_103.9988652_30.65087681.jpg,CD_454357,False,False,not_applicable_existing_300,Q099__Q099_cd_454357_103.998865221_30.6508768081.jpg,D:\StreetView_Project\03_Output\clip_knn\questionnaire_sample_k25_300\02_images_main\_final_flat_300_for_check\Q099__Q099_cd_454357_103.998865221_30.6508768081.jpg,,201611,cd_454357_103.998865221_30.6508768081.jpg,D:\StreetView_Project\01_Data\Street_Images\chengdu\cd_streetview\cd_454357_103.998865221_30.6508768081.jpg,D:\StreetView_Project\01_Data\Street_Images\chengdu\cd_streetview\cd_454357_103.998865221_30.6508768081.jpg,0.258249431848526,D:\StreetView_Project\03_Output\clip_knn\questionnaire_sample_k25_300\02_images_main\_final_flat_300_for_check\Q099__Q099_cd_454357_103.998865221_30.6508768081.jpg,b3b8747d17cae2f177632ccfc88408459e1543470eb92240579f1c8e35cf8516,Q099__cd_454357_103.9988652_30.65087681.jpg,D:\StreetView_Project\03_Output\clip_knn\questionnaire_sample_k25_500_added_200\08D_spatial_visual_proximity_check_run_20260728_143220\01_preliminary_flat_500\Q099__cd_454357_103.9988652_30.65087681.jpg,Q099__cd_454357_103.9988652_30.65087681.jpg,D:\StreetView_Project\03_Output\clip_knn\questionnaire_sample_k25_500_added_200\08F_final500_freeze_run_20260728_145702\01_final_flat_500\Q099__cd_454357_103.9988652_30.65087681.jpg,frozen_08F,D:\StreetView_Project\03_Output\clip_knn\questionnaire_sample_k25_500_added_200\08D_spatial_visual_proximity_check_run_20260728_143220
Q100,existing_300,CD_469626,chengdu,104.0211743,30.64231537,201707,cd_469626_104.02117428_30.6423153705.jpg,D:\StreetView_Project\01_Data\Street_Images\chengdu\cd_streetview\cd_469626_104.02117428_30.6423153705.jpg,16,0.342885434627533,edge,树荫居住支路/高绿量社区道路,Q100__cd_469626_104.0211743_30.64231537.jpg,D:\StreetView_Project\03_Output\clip_knn\questionnaire_sample_k25_500_added_200\08F_final500_freeze_run_20260728_145702\01_final_flat_500\Q100__cd_469626_104.0211743_30.64231537.jpg,CD_469626,False,False,not_applicable_existing_300,Q100__Q100_cd_469626_104.02117428_30.6423153705.jpg,D:\StreetView_Project\03_Output\clip_knn\questionnaire_sample_k25_300\02_images_main\_final_flat_300_for_check\Q100__Q100_cd_469626_104.02117428_30.6423153705.jpg,,201707,cd_469626_104.02117428_30.6423153705.jpg,D:\StreetView_Project\01_Data\Street_Images\chengdu\cd_streetview\cd_469626_104.02117428_30.6423153705.jpg,D:\StreetView_Project\01_Data\Street_Images\chengdu\cd_streetview\cd_469626_104.02117428_30.6423153705.jpg,0.342885434627533,D:\StreetView_Project\03_Output\clip_knn\questionnaire_sample_k25_300\02_images_main\_final_flat_300_for_check\Q100__Q100_cd_469626_104.02117428_30.6423153705.jpg,d4b0d3eb794e5e33623e6d85727b5f9e168a5ec1e156462cd1e3003fd8001353,Q100__cd_469626_104.0211743_30.64231537.jpg,D:\StreetView_Project\03_Output\clip_knn\questionnaire_sample_k25_500_added_200\08D_spatial_visual_proximity_check_run_20260728_143220\01_preliminary_flat_500\Q100__cd_469626_104.0211743_30.64231537.jpg,Q100__cd_469626_104.0211743_30.64231537.jpg,D:\StreetView_Project\03_Output\clip_knn\questionnaire_sample_k25_500_added_200\08F_final500_freeze_run_20260728_145702\01_final_flat_500\Q100__cd_469626_104.0211743_30.64231537.jpg,frozen_08F,D:\StreetView_Project\03_Output\clip_knn\questionnaire_sample_k25_500_added_200\08D_spatial_visual_proximity_check_run_20260728_143220
Q101,existing_300,CD_412293,chengdu,104.0766459,30.71831047,202304,cd_412293_104.07664588_30.7183104675.jpg,D:\StreetView_Project\01_Data\Street_Images\chengdu\cd_streetview\cd_412293_104.07664588_30.7183104675.jpg,17,0.2057323604822159,center,成都生活性街道/社区商业道路,Q101__cd_412293_104.0766459_30.71831047.jpg,D:\StreetView_Project\03_Output\clip_knn\questionnaire_sample_k25_500_added_200\08F_final500_freeze_run_20260728_145702\01_final_flat_500\Q101__cd_412293_104.0766459_30.71831047.jpg,CD_412293,False,False,not_applicable_existing_300,Q101__Q101_cd_412293_104.07664588_30.7183104675.jpg,D:\StreetView_Project\03_Output\clip_knn\questionnaire_sample_k25_300\02_images_main\_final_flat_300_for_check\Q101__Q101_cd_412293_104.07664588_30.7183104675.jpg,,202304,cd_412293_104.07664588_30.7183104675.jpg,D:\StreetView_Project\01_Data\Street_Images\chengdu\cd_streetview\cd_412293_104.07664588_30.7183104675.jpg,D:\StreetView_Project\01_Data\Street_Images\chengdu\cd_streetview\cd_412293_104.07664588_30.7183104675.jpg,0.2057323604822159,D:\StreetView_Project\03_Output\clip_knn\questionnaire_sample_k25_300\02_images_main\_final_flat_300_for_check\Q101__Q101_cd_412293_104.07664588_30.7183104675.jpg,7d0df3ed35af371f22eb46df7dfe3a48cce92fbee03e997f664a4a212849ce8d,Q101__cd_412293_104.0766459_30.71831047.jpg,D:\StreetView_Project\03_Output\clip_knn\questionnaire_sample_k25_500_added_200\08D_spatial_visual_proximity_check_run_20260728_143220\01_preliminary_flat_500\Q101__cd_412293_104.0766459_30.71831047.jpg,Q101__cd_412293_104.0766459_30.71831047.jpg,D:\StreetView_Project\03_Output\clip_knn\questionnaire_sample_k25_500_added_200\08F_final500_freeze_run_20260728_145702\01_final_flat_500\Q101__cd_412293_104.0766459_30.71831047.jpg,frozen_08F,D:\StreetView_Project\03_Output\clip_knn\questionnaire_sample_k25_500_added_200\08D_spatial_visual_proximity_check_run_20260728_143220
Q102,existing_300,CD_473655,chengdu,104.0600019,30.65693068,202003,cd_473655_104.060001881_30.6569306823.jpg,D:\StreetView_Project\01_Data\Street_Images\chengdu\cd_streetview\cd_473655_104.060001881_30.6569306823.jpg,17,0.2220291197299957,center,成都生活性街道/社区商业道路,Q102__cd_473655_104.0600019_30.65693068.jpg,D:\StreetView_Project\03_Output\clip_knn\questionnaire_sample_k25_500_added_200\08F_final500_freeze_run_20260728_145702\01_final_flat_500\Q102__cd_473655_104.0600019_30.65693068.jpg,CD_473655,False,False,not_applicable_existing_300,Q102__Q102_cd_473655_104.060001881_30.6569306823.jpg,D:\StreetView_Project\03_Output\clip_knn\questionnaire_sample_k25_300\02_images_main\_final_flat_300_for_check\Q102__Q102_cd_473655_104.060001881_30.6569306823.jpg,,202003,cd_473655_104.060001881_30.6569306823.jpg,D:\StreetView_Project\01_Data\Street_Images\chengdu\cd_streetview\cd_473655_104.060001881_30.6569306823.jpg,D:\StreetView_Project\01_Data\Street_Images\chengdu\cd_streetview\cd_473655_104.060001881_30.6569306823.jpg,0.2220291197299957,D:\StreetView_Project\03_Output\clip_knn\questionnaire_sample_k25_300\02_images_main\_final_flat_300_for_check\Q102__Q102_cd_473655_104.060001881_30.6569306823.jpg,d001544e9ce48c51ad6b79d24a07917e95f43a6be603f023a99f08c8b0ad8fd2,Q102__cd_473655_104.0600019_30.65693068.jpg,D:\StreetView_Project\03_Output\clip_knn\questionnaire_sample_k25_500_added_200\08D_spatial_visual_proximity_check_run_20260728_143220\01_preliminary_flat_500\Q102__cd_473655_104.0600019_30.65693068.jpg,Q102__cd_473655_104.0600019_30.65693068.jpg,D:\StreetView_Project\03_Output\clip_knn\questionnaire_sample_k25_500_added_200\08F_final500_freeze_run_20260728_145702\01_final_flat_500\Q102__cd_473655_104.0600019_30.65693068.jpg,frozen_08F,D:\StreetView_Project\03_Output\clip_knn\questionnaire_sample_k25_500_added_200\08D_spatial_visual_proximity_check_run_20260728_143220
Q103,existing_300,CD_412283,chengdu,104.0742097,30.71001255,202002,cd_412283_104.074209697_30.7100125532.jpg,D:\StreetView_Project\01_Data\Street_Images\chengdu\cd_streetview\cd_412283_104.074209697_30.7100125532.jpg,17,0.2142214328050613,center,成都生活性街道/社区商业道路,Q103__cd_412283_104.0742097_30.71001255.jpg,D:\StreetView_Project\03_Output\clip_knn\questionnaire_sample_k25_500_added_200\08F_final500_freeze_run_20260728_145702\01_final_flat_500\Q103__cd_412283_104.0742097_30.71001255.jpg,CD_412283,False,False,not_applicable_existing_300,Q103__Q103_cd_412283_104.074209697_30.7100125532.jpg,D:\StreetView_Project\03_Output\clip_knn\questionnaire_sample_k25_300\02_images_main\_final_flat_300_for_check\Q103__Q103_cd_412283_104.074209697_30.7100125532.jpg,,202002,cd_412283_104.074209697_30.7100125532.jpg,D:\StreetView_Project\01_Data\Street_Images\chengdu\cd_streetview\cd_412283_104.074209697_30.7100125532.jpg,D:\StreetView_Project\01_Data\Street_Images\chengdu\cd_streetview\cd_412283_104.074209697_30.7100125532.jpg,0.2142214328050613,D:\StreetView_Project\03_Output\clip_knn\questionnaire_sample_k25_300\02_images_main\_final_flat_300_for_check\Q103__Q103_cd_412283_104.074209697_30.7100125532.jpg,6cae558e751747220b01123922f0022e24f8b67e395ea7b74f583e761983cb81,Q103__cd_412283_104.0742097_30.71001255.jpg,D:\StreetView_Project\03_Output\clip_knn\questionnaire_sample_k25_500_added_200\08D_spatial_visual_proximity_check_run_20260728_143220\01_preliminary_flat_500\Q103__cd_412283_104.0742097_30.71001255.jpg,Q103__cd_412283_104.0742097_30.71001255.jpg,D:\StreetView_Project\03_Output\clip_knn\questionnaire_sample_k25_500_added_200\08F_final500_freeze_run_20260728_145702\01_final_flat_500\Q103__cd_412283_104.0742097_30.71001255.jpg,frozen_08F,D:\StreetView_Project\03_Output\clip_knn\questionnaire_sample_k25_500_added_200\08D_spatial_visual_proximity_check_run_20260728_143220
Q104,existing_300,CD_469998,chengdu,104.0499013,30.62035916,202002,cd_469998_104.049901318_30.6203591649.jpg,D:\StreetView_Project\01_Data\Street_Images\chengdu\cd_streetview\cd_469998_104.049901318_30.6203591649.jpg,17,0.2166267484426498,center,成都生活性街道/社区商业道路,Q104__cd_469998_104.0499013_30.62035916.jpg,D:\StreetView_Project\03_Output\clip_knn\questionnaire_sample_k25_500_added_200\08F_final500_freeze_run_20260728_145702\01_final_flat_500\Q104__cd_469998_104.0499013_30.62035916.jpg,CD_469998,False,False,not_applicable_existing_300,Q104__Q104_cd_469998_104.049901318_30.6203591649.jpg,D:\StreetView_Project\03_Output\clip_knn\questionnaire_sample_k25_300\02_images_main\_final_flat_300_for_check\Q104__Q104_cd_469998_104.049901318_30.6203591649.jpg,,202002,cd_469998_104.049901318_30.6203591649.jpg,D:\StreetView_Project\01_Data\Street_Images\chengdu\cd_streetview\cd_469998_104.049901318_30.6203591649.jpg,D:\StreetView_Project\01_Data\Street_Images\chengdu\cd_streetview\cd_469998_104.049901318_30.6203591649.jpg,0.2166267484426498,D:\StreetView_Project\03_Output\clip_knn\questionnaire_sample_k25_300\02_images_main\_final_flat_300_for_check\Q104__Q104_cd_469998_104.049901318_30.6203591649.jpg,1264058174f039bfeaa16d33ab65607c7e94b99b8a82dce117bf67ffefd45aad,Q104__cd_469998_104.0499013_30.62035916.jpg,D:\StreetView_Project\03_Output\clip_knn\questionnaire_sample_k25_500_added_200\08D_spatial_visual_proximity_check_run_20260728_143220\01_preliminary_flat_500\Q104__cd_469998_104.0499013_30.62035916.jpg,Q104__cd_469998_104.0499013_30.62035916.jpg,D:\StreetView_Project\03_Output\clip_knn\questionnaire_sample_k25_500_added_200\08F_final500_freeze_run_20260728_145702\01_final_flat_500\Q104__cd_469998_104.0499013_30.62035916.jpg,frozen_08F,D:\StreetView_Project\03_Output\clip_knn\questionnaire_sample_k25_500_added_200\08D_spatial_visual_proximity_check_run_20260728_143220
Q105,existing_300,CD_413471,chengdu,104.0679807,30.71027259,202304,cd_413471_104.067980677_30.7102725895.jpg,D:\StreetView_Project\01_Data\Street_Images\chengdu\cd_streetview\cd_413471_104.067980677_30.7102725895.jpg,17,0.2565061450004578,middle,成都生活性街道/社区商业道路,Q105__cd_413471_104.0679807_30.71027259.jpg,D:\StreetView_Project\03_Output\clip_knn\questionnaire_sample_k25_500_added_200\08F_final500_freeze_run_20260728_145702\01_final_flat_500\Q105__cd_413471_104.0679807_30.71027259.jpg,CD_413471,False,False,not_applicable_existing_300,Q105__Q105_cd_413471_104.067980677_30.7102725895.jpg,D:\StreetView_Project\03_Output\clip_knn\questionnaire_sample_k25_300\02_images_main\_final_flat_300_for_check\Q105__Q105_cd_413471_104.067980677_30.7102725895.jpg,,202304,cd_413471_104.067980677_30.7102725895.jpg,D:\StreetView_Project\01_Data\Street_Images\chengdu\cd_streetview\cd_413471_104.067980677_30.7102725895.jpg,D:\StreetView_Project\01_Data\Street_Images\chengdu\cd_streetview\cd_413471_104.067980677_30.7102725895.jpg,0.2565061450004578,D:\StreetView_Project\03_Output\clip_knn\questionnaire_sample_k25_300\02_images_main\_final_flat_300_for_check\Q105__Q105_cd_413471_104.067980677_30.7102725895.jpg,441c6ef1eec6b36df729a8e9d2481ee43b4c97ffe22c80a256873db478b8392b,Q105__cd_413471_104.0679807_30.71027259.jpg,D:\StreetView_Project\03_Output\clip_knn\questionnaire_sample_k25_500_added_200\08D_spatial_visual_proximity_check_run_20260728_143220\01_preliminary_flat_500\Q105__cd_413471_104.0679807_30.71027259.jpg,Q105__cd_413471_104.0679807_30.71027259.jpg,D:\StreetView_Project\03_Output\clip_knn\questionnaire_sample_k25_500_added_200\08F_final500_freeze_run_20260728_145702\01_final_flat_500\Q105__cd_413471_104.0679807_30.71027259.jpg,frozen_08F,D:\StreetView_Project\03_Output\clip_knn\questionnaire_sample_k25_500_added_200\08D_spatial_visual_proximity_check_run_20260728_143220
Q106,existing_300,CD_43941,chengdu,103.9959697,30.65262236,202303,cd_43941_103.995969726_30.6526223574.jpg,D:\StreetView_Project\01_Data\Street_Images\chengdu\cd_streetview\cd_43941_103.995969726_30.6526223574.jpg,17,0.2613603174686432,middle,成都生活性街道/社区商业道路,Q106__cd_43941_103.9959697_30.65262236.jpg,D:\StreetView_Project\03_Output\clip_knn\questionnaire_sample_k25_500_added_200\08F_final500_freeze_run_20260728_145702\01_final_flat_500\Q106__cd_43941_103.9959697_30.65262236.jpg,CD_43941,False,False,not_applicable_existing_300,Q106__Q106_cd_43941_103.995969726_30.6526223574.jpg,D:\StreetView_Project\03_Output\clip_knn\questionnaire_sample_k25_300\02_images_main\_final_flat_300_for_check\Q106__Q106_cd_43941_103.995969726_30.6526223574.jpg,,202303,cd_43941_103.995969726_30.6526223574.jpg,D:\StreetView_Project\01_Data\Street_Images\chengdu\cd_streetview\cd_43941_103.995969726_30.6526223574.jpg,D:\StreetView_Project\01_Data\Street_Images\chengdu\cd_streetview\cd_43941_103.995969726_30.6526223574.jpg,0.2613603174686432,D:\StreetView_Project\03_Output\clip_knn\questionnaire_sample_k25_300\02_images_main\_final_flat_300_for_check\Q106__Q106_cd_43941_103.995969726_30.6526223574.jpg,ae4f389c1ffbaa81668931b4982478df4f549f8204c95c6e2538baf650097c23,Q106__cd_43941_103.9959697_30.65262236.jpg,D:\StreetView_Project\03_Output\clip_knn\questionnaire_sample_k25_500_added_200\08D_spatial_visual_proximity_check_run_20260728_143220\01_preliminary_flat_500\Q106__cd_43941_103.9959697_30.65262236.jpg,Q106__cd_43941_103.9959697_30.65262236.jpg,D:\StreetView_Project\03_Output\clip_knn\questionnaire_sample_k25_500_added_200\08F_final500_freeze_run_20260728_145702\01_final_flat_500\Q106__cd_43941_103.9959697_30.65262236.jpg,frozen_08F,D:\StreetView_Project\03_Output\clip_knn\questionnaire_sample_k25_500_added_200\08D_spatial_visual_proximity_check_run_20260728_143220
Q107,existing_300,CD_468578,chengdu,104.0771082,30.61744696,202303,cd_468578_104.077108241_30.6174469629.jpg,D:\StreetView_Project\01_Data\Street_Images\chengdu\cd_streetview\cd_468578_104.077108241_30.6174469629.jpg,17,0.2054143399000168,center,成都生活性街道/社区商业道路,Q107__cd_468578_104.0771082_30.61744696.jpg,D:\StreetView_Project\03_Output\clip_knn\questionnaire_sample_k25_500_added_200\08F_final500_freeze_run_20260728_145702\01_final_flat_500\Q107__cd_468578_104.0771082_30.61744696.jpg,CD_468578,False,False,not_applicable_existing_300,Q107__Q107_cd_468578_104.077108241_30.6174469629.jpg,D:\StreetView_Project\03_Output\clip_knn\questionnaire_sample_k25_300\02_images_main\_final_flat_300_for_check\Q107__Q107_cd_468578_104.077108241_30.6174469629.jpg,,202303,cd_468578_104.077108241_30.6174469629.jpg,D:\StreetView_Project\01_Data\Street_Images\chengdu\cd_streetview\cd_468578_104.077108241_30.6174469629.jpg,D:\StreetView_Project\01_Data\Street_Images\chengdu\cd_streetview\cd_468578_104.077108241_30.6174469629.jpg,0.2054143399000168,D:\StreetView_Project\03_Output\clip_knn\questionnaire_sample_k25_300\02_images_main\_final_flat_300_for_check\Q107__Q107_cd_468578_104.077108241_30.6174469629.jpg,80b9b67d179b1558cad4005ca6ce28ecd9bf35f81d2cbb28f301cd87a2ec49be,Q107__cd_468578_104.0771082_30.61744696.jpg,D:\StreetView_Project\03_Output\clip_knn\questionnaire_sample_k25_500_added_200\08D_spatial_visual_proximity_check_run_20260728_143220\01_preliminary_flat_500\Q107__cd_468578_104.0771082_30.61744696.jpg,Q107__cd_468578_104.0771082_30.61744696.jpg,D:\StreetView_Project\03_Output\clip_knn\questionnaire_sample_k25_500_added_200\08F_final500_freeze_run_20260728_145702\01_final_flat_500\Q107__cd_468578_104.0771082_30.61744696.jpg,frozen_08F,D:\StreetView_Project\03_Output\clip_knn\questionnaire_sample_k25_500_added_200\08D_spatial_visual_proximity_check_run_20260728_143220
Q108,existing_300,CD_54451,chengdu,104.0998966,30.66327858,202303,cd_54451_104.099896572_30.6632785808.jpg,D:\StreetView_Project\01_Data\Street_Images\chengdu\cd_streetview\cd_54451_104.099896572_30.6632785808.jpg,17,0.2995220422744751,edge,成都生活性街道/社区商业道路,Q108__cd_54451_104.0998966_30.66327858.jpg,D:\StreetView_Project\03_Output\clip_knn\questionnaire_sample_k25_500_added_200\08F_final500_freeze_run_20260728_145702\01_final_flat_500\Q108__cd_54451_104.0998966_30.66327858.jpg,CD_54451,False,False,not_applicable_existing_300,Q108__Q108_cd_54451_104.099896572_30.6632785808.jpg,D:\StreetView_Project\03_Output\clip_knn\questionnaire_sample_k25_300\02_images_main\_final_flat_300_for_check\Q108__Q108_cd_54451_104.099896572_30.6632785808.jpg,,202303,cd_54451_104.099896572_30.6632785808.jpg,D:\StreetView_Project\01_Data\Street_Images\chengdu\cd_streetview\cd_54451_104.099896572_30.6632785808.jpg,D:\StreetView_Project\01_Data\Street_Images\chengdu\cd_streetview\cd_54451_104.099896572_30.6632785808.jpg,0.2995220422744751,D:\StreetView_Project\03_Output\clip_knn\questionnaire_sample_k25_300\02_images_main\_final_flat_300_for_check\Q108__Q108_cd_54451_104.099896572_30.6632785808.jpg,121159d2988d99525e6e992b4deb338ed0c89dfee8d4f6ca891d9c66e4bda4cf,Q108__cd_54451_104.0998966_30.66327858.jpg,D:\StreetView_Project\03_Output\clip_knn\questionnaire_sample_k25_500_added_200\08D_spatial_visual_proximity_check_run_20260728_143220\01_preliminary_flat_500\Q108__cd_54451_104.0998966_30.66327858.jpg,Q108__cd_54451_104.0998966_30.66327858.jpg,D:\StreetView_Project\03_Output\clip_knn\questionnaire_sample_k25_500_added_200\08F_final500_freeze_run_20260728_145702\01_final_flat_500\Q108__cd_54451_104.0998966_30.66327858.jpg,frozen_08F,D:\StreetView_Project\03_Output\clip_knn\questionnaire_sample_k25_500_added_200\08D_spatial_visual_proximity_check_run_20260728_143220
Q109,existing_300,CD_472888,chengdu,104.0885595,30.65848958,202303,cd_472888_104.088559454_30.6584895793.jpg,D:\StreetView_Project\01_Data\Street_Images\chengdu\cd_streetview\cd_472888_104.088559454_30.6584895793.jpg,17,0.2771285176277161,edge,成都生活性街道/社区商业道路,Q109__cd_472888_104.0885595_30.65848958.jpg,D:\StreetView_Project\03_Output\clip_knn\questionnaire_sample_k25_500_added_200\08F_final500_freeze_run_20260728_145702\01_final_flat_500\Q109__cd_472888_104.0885595_30.65848958.jpg,CD_472888,False,False,not_applicable_existing_300,Q109__Q109_cd_472888_104.088559454_30.6584895793.jpg,D:\StreetView_Project\03_Output\clip_knn\questionnaire_sample_k25_300\02_images_main\_final_flat_300_for_check\Q109__Q109_cd_472888_104.088559454_30.6584895793.jpg,,202303,cd_472888_104.088559454_30.6584895793.jpg,D:\StreetView_Project\01_Data\Street_Images\chengdu\cd_streetview\cd_472888_104.088559454_30.6584895793.jpg,D:\StreetView_Project\01_Data\Street_Images\chengdu\cd_streetview\cd_472888_104.088559454_30.6584895793.jpg,0.2771285176277161,D:\StreetView_Project\03_Output\clip_knn\questionnaire_sample_k25_300\02_images_main\_final_flat_300_for_check\Q109__Q109_cd_472888_104.088559454_30.6584895793.jpg,7a24efc532f43c0813035958924fdfa8f0ec427c5e39ca47e3fa76f03965eae1,Q109__cd_472888_104.0885595_30.65848958.jpg,D:\StreetView_Project\03_Output\clip_knn\questionnaire_sample_k25_500_added_200\08D_spatial_visual_proximity_check_run_20260728_143220\01_preliminary_flat_500\Q109__cd_472888_104.0885595_30.65848958.jpg,Q109__cd_472888_104.0885595_30.65848958.jpg,D:\StreetView_Project\03_Output\clip_knn\questionnaire_sample_k25_500_added_200\08F_final500_freeze_run_20260728_145702\01_final_flat_500\Q109__cd_472888_104.0885595_30.65848958.jpg,frozen_08F,D:\StreetView_Project\03_Output\clip_knn\questionnaire_sample_k25_500_added_200\08D_spatial_visual_proximity_check_run_20260728_143220
Q110,existing_300,CD_417637,chengdu,104.0468505,30.69980151,201707,cd_417637_104.04685049_30.6998015079.jpg,D:\StreetView_Project\01_Data\Street_Images\chengdu\cd_streetview\cd_417637_104.04685049_30.6998015079.jpg,18,0.215851753950119,center,开敞绿化道路/公园边界道路,Q110__cd_417637_104.0468505_30.69980151.jpg,D:\StreetView_Project\03_Output\clip_knn\questionnaire_sample_k25_500_added_200\08F_final500_freeze_run_20260728_145702\01_final_flat_500\Q110__cd_417637_104.0468505_30.69980151.jpg,CD_417637,False,False,not_applicable_existing_300,Q110__Q110_cd_417637_104.04685049_30.6998015079.jpg,D:\StreetView_Project\03_Output\clip_knn\questionnaire_sample_k25_300\02_images_main\_final_flat_300_for_check\Q110__Q110_cd_417637_104.04685049_30.6998015079.jpg,,201707,cd_417637_104.04685049_30.6998015079.jpg,D:\StreetView_Project\01_Data\Street_Images\chengdu\cd_streetview\cd_417637_104.04685049_30.6998015079.jpg,D:\StreetView_Project\01_Data\Street_Images\chengdu\cd_streetview\cd_417637_104.04685049_30.6998015079.jpg,0.215851753950119,D:\StreetView_Project\03_Output\clip_knn\questionnaire_sample_k25_300\02_images_main\_final_flat_300_for_check\Q110__Q110_cd_417637_104.04685049_30.6998015079.jpg,119114479928ba03bde4beeab2bb644a50e321abc9fb52156bee158351ddb784,Q110__cd_417637_104.0468505_30.69980151.jpg,D:\StreetView_Project\03_Output\clip_knn\questionnaire_sample_k25_500_added_200\08D_spatial_visual_proximity_check_run_20260728_143220\01_preliminary_flat_500\Q110__cd_417637_104.0468505_30.69980151.jpg,Q110__cd_417637_104.0468505_30.69980151.jpg,D:\StreetView_Project\03_Output\clip_knn\questionnaire_sample_k25_500_added_200\08F_final500_freeze_run_20260728_145702\01_final_flat_500\Q110__cd_417637_104.0468505_30.69980151.jpg,frozen_08F,D:\StreetView_Project\03_Output\clip_knn\questionnaire_sample_k25_500_added_200\08D_spatial_visual_proximity_check_run_20260728_143220
Q111,existing_300,CD_467460,chengdu,104.1127974,30.61232696,201903,cd_467460_104.112797448_30.6123269599.jpg,D:\StreetView_Project\01_Data\Street_Images\chengdu\cd_streetview\cd_467460_104.112797448_30.6123269599.jpg,18,0.235103502869606,center,开敞绿化道路/公园边界道路,Q111__cd_467460_104.1127974_30.61232696.jpg,D:\StreetView_Project\03_Output\clip_knn\questionnaire_sample_k25_500_added_200\08F_final500_freeze_run_20260728_145702\01_final_flat_500\Q111__cd_467460_104.1127974_30.61232696.jpg,CD_467460,False,False,not_applicable_existing_300,Q111__Q111_cd_467460_104.112797448_30.6123269599.jpg,D:\StreetView_Project\03_Output\clip_knn\questionnaire_sample_k25_300\02_images_main\_final_flat_300_for_check\Q111__Q111_cd_467460_104.112797448_30.6123269599.jpg,,201903,cd_467460_104.112797448_30.6123269599.jpg,D:\StreetView_Project\01_Data\Street_Images\chengdu\cd_streetview\cd_467460_104.112797448_30.6123269599.jpg,D:\StreetView_Project\01_Data\Street_Images\chengdu\cd_streetview\cd_467460_104.112797448_30.6123269599.jpg,0.235103502869606,D:\StreetView_Project\03_Output\clip_knn\questionnaire_sample_k25_300\02_images_main\_final_flat_300_for_check\Q111__Q111_cd_467460_104.112797448_30.6123269599.jpg,ddb8d8936bc54f7e47edd09497d56234dcf88579cdded20deec7700798b71e18,Q111__cd_467460_104.1127974_30.61232696.jpg,D:\StreetView_Project\03_Output\clip_knn\questionnaire_sample_k25_500_added_200\08D_spatial_visual_proximity_check_run_20260728_143220\01_preliminary_flat_500\Q111__cd_467460_104.1127974_30.61232696.jpg,Q111__cd_467460_104.1127974_30.61232696.jpg,D:\StreetView_Project\03_Output\clip_knn\questionnaire_sample_k25_500_added_200\08F_final500_freeze_run_20260728_145702\01_final_flat_500\Q111__cd_467460_104.1127974_30.61232696.jpg,frozen_08F,D:\StreetView_Project\03_Output\clip_knn\questionnaire_sample_k25_500_added_200\08D_spatial_visual_proximity_check_run_20260728_143220
Q112,existing_300,CD_221762,chengdu,104.142498,30.71173417,201707,cd_221762_104.142498047_30.711734168.jpg,D:\StreetView_Project\01_Data\Street_Images\chengdu\cd_streetview\cd_221762_104.142498047_30.711734168.jpg,18,0.2484196722507477,center,开敞绿化道路/公园边界道路,Q112__cd_221762_104.142498_30.71173417.jpg,D:\StreetView_Project\03_Output\clip_knn\questionnaire_sample_k25_500_added_200\08F_final500_freeze_run_20260728_145702\01_final_flat_500\Q112__cd_221762_104.142498_30.71173417.jpg,CD_221762,False,False,not_applicable_existing_300,Q112__Q112_cd_221762_104.142498047_30.711734168.jpg,D:\StreetView_Project\03_Output\clip_knn\questionnaire_sample_k25_300\02_images_main\_final_flat_300_for_check\Q112__Q112_cd_221762_104.142498047_30.711734168.jpg,,201707,cd_221762_104.142498047_30.711734168.jpg,D:\StreetView_Project\01_Data\Street_Images\chengdu\cd_streetview\cd_221762_104.142498047_30.711734168.jpg,D:\StreetView_Project\01_Data\Street_Images\chengdu\cd_streetview\cd_221762_104.142498047_30.711734168.jpg,0.2484196722507477,D:\StreetView_Project\03_Output\clip_knn\questionnaire_sample_k25_300\02_images_main\_final_flat_300_for_check\Q112__Q112_cd_221762_104.142498047_30.711734168.jpg,91d5ec57b98bacf94f3c2e41d50b46a1895161a8db078b3bddc052d7e5383614,Q112__cd_221762_104.142498_30.71173417.jpg,D:\StreetView_Project\03_Output\clip_knn\questionnaire_sample_k25_500_added_200\08D_spatial_visual_proximity_check_run_20260728_143220\01_preliminary_flat_500\Q112__cd_221762_104.142498_30.71173417.jpg,Q112__cd_221762_104.142498_30.71173417.jpg,D:\StreetView_Project\03_Output\clip_knn\questionnaire_sample_k25_500_added_200\08F_final500_freeze_run_20260728_145702\01_final_flat_500\Q112__cd_221762_104.142498_30.71173417.jpg,frozen_08F,D:\StreetView_Project\03_Output\clip_knn\questionnaire_sample_k25_500_added_200\08D_spatial_visual_proximity_check_run_20260728_143220
Q113,existing_300,CD_35670,chengdu,104.0246616,30.71233343,201707,cd_35670_104.024661615_30.7123334304.jpg,D:\StreetView_Project\01_Data\Street_Images\chengdu\cd_streetview\cd_35670_104.024661615_30.7123334304.jpg,18,0.2339956760406494,center,开敞绿化道路/公园边界道路,Q113__cd_35670_104.0246616_30.71233343.jpg,D:\StreetView_Project\03_Output\clip_knn\questionnaire_sample_k25_500_added_200\08F_final500_freeze_run_20260728_145702\01_final_flat_500\Q113__cd_35670_104.0246616_30.71233343.jpg,CD_35670,False,False,not_applicable_existing_300,Q113__Q113_cd_35670_104.024661615_30.7123334304.jpg,D:\StreetView_Project\03_Output\clip_knn\questionnaire_sample_k25_300\02_images_main\_final_flat_300_for_check\Q113__Q113_cd_35670_104.024661615_30.7123334304.jpg,,201707,cd_35670_104.024661615_30.7123334304.jpg,D:\StreetView_Project\01_Data\Street_Images\chengdu\cd_streetview\cd_35670_104.024661615_30.7123334304.jpg,D:\StreetView_Project\01_Data\Street_Images\chengdu\cd_streetview\cd_35670_104.024661615_30.7123334304.jpg,0.2339956760406494,D:\StreetView_Project\03_Output\clip_knn\questionnaire_sample_k25_300\02_images_main\_final_flat_300_for_check\Q113__Q113_cd_35670_104.024661615_30.7123334304.jpg,b72350166f8f9d62335fd3cf74c40661fd3e33dfbbcc9eb6fb68408f8d3ca9b3,Q113__cd_35670_104.0246616_30.71233343.jpg,D:\StreetView_Project\03_Output\clip_knn\questionnaire_sample_k25_500_added_200\08D_spatial_visual_proximity_check_run_20260728_143220\01_preliminary_flat_500\Q113__cd_35670_104.0246616_30.71233343.jpg,Q113__cd_35670_104.0246616_30.71233343.jpg,D:\StreetView_Project\03_Output\clip_knn\questionnaire_sample_k25_500_added_200\08F_final500_freeze_run_20260728_145702\01_final_flat_500\Q113__cd_35670_104.0246616_30.71233343.jpg,frozen_08F,D:\StreetView_Project\03_Output\clip_knn\questionnaire_sample_k25_500_added_200\08D_spatial_visual_proximity_check_run_20260728_143220
Q114,existing_300,CD_413974,chengdu,104.0584653,30.72183277,201611,cd_413974_104.058465341_30.7218327736.jpg,D:\StreetView_Project\01_Data\Street_Images\chengdu\cd_streetview\cd_413974_104.058465341_30.7218327736.jpg,18,0.2629473805427551,middle,开敞绿化道路/公园边界道路,Q114__cd_413974_104.0584653_30.72183277.jpg,D:\StreetView_Project\03_Output\clip_knn\questionnaire_sample_k25_500_added_200\08F_final500_freeze_run_20260728_145702\01_final_flat_500\Q114__cd_413974_104.0584653_30.72183277.jpg,CD_413974,False,False,not_applicable_existing_300,Q114__Q114_cd_413974_104.058465341_30.7218327736.jpg,D:\StreetView_Project\03_Output\clip_knn\questionnaire_sample_k25_300\02_images_main\_final_flat_300_for_check\Q114__Q114_cd_413974_104.058465341_30.7218327736.jpg,,201611,cd_413974_104.058465341_30.7218327736.jpg,D:\StreetView_Project\01_Data\Street_Images\chengdu\cd_streetview\cd_413974_104.058465341_30.7218327736.jpg,D:\StreetView_Project\01_Data\Street_Images\chengdu\cd_streetview\cd_413974_104.058465341_30.7218327736.jpg,0.2629473805427551,D:\StreetView_Project\03_Output\clip_knn\questionnaire_sample_k25_300\02_images_main\_final_flat_300_for_check\Q114__Q114_cd_413974_104.058465341_30.7218327736.jpg,aa63fa8de24620bf19bfb51de9a85c00afc1176efe1f1034eb8015fc7d284690,Q114__cd_413974_104.0584653_30.72183277.jpg,D:\StreetView_Project\03_Output\clip_knn\questionnaire_sample_k25_500_added_200\08D_spatial_visual_proximity_check_run_20260728_143220\01_preliminary_flat_500\Q114__cd_413974_104.0584653_30.72183277.jpg,Q114__cd_413974_104.0584653_30.72183277.jpg,D:\StreetView_Project\03_Output\clip_knn\questionnaire_sample_k25_500_added_200\08F_final500_freeze_run_20260728_145702\01_final_flat_500\Q114__cd_413974_104.0584653_30.72183277.jpg,frozen_08F,D:\StreetView_Project\03_Output\clip_knn\questionnaire_sample_k25_500_added_200\08D_spatial_visual_proximity_check_run_20260728_143220
Q115,existing_300,CD_463347,chengdu,104.0089491,30.66359136,202303,cd_463347_104.008949102_30.6635913582.jpg,D:\StreetView_Project\01_Data\Street_Images\chengdu\cd_streetview\cd_463347_104.008949102_30.6635913582.jpg,18,0.2766193151473999,middle,开敞绿化道路/公园边界道路,Q115__cd_463347_104.0089491_30.66359136.jpg,D:\StreetView_Project\03_Output\clip_knn\questionnaire_sample_k25_500_added_200\08F_final500_freeze_run_20260728_145702\01_final_flat_500\Q115__cd_463347_104.0089491_30.66359136.jpg,CD_463347,False,False,not_applicable_existing_300,Q115__Q115_cd_463347_104.008949102_30.6635913582.jpg,D:\StreetView_Project\03_Output\clip_knn\questionnaire_sample_k25_300\02_images_main\_final_flat_300_for_check\Q115__Q115_cd_463347_104.008949102_30.6635913582.jpg,,202303,cd_463347_104.008949102_30.6635913582.jpg,D:\StreetView_Project\01_Data\Street_Images\chengdu\cd_streetview\cd_463347_104.008949102_30.6635913582.jpg,D:\StreetView_Project\01_Data\Street_Images\chengdu\cd_streetview\cd_463347_104.008949102_30.6635913582.jpg,0.2766193151473999,D:\StreetView_Project\03_Output\clip_knn\questionnaire_sample_k25_300\02_images_main\_final_flat_300_for_check\Q115__Q115_cd_463347_104.008949102_30.6635913582.jpg,ccda937fec80fdeb5e10ce2578fc9c6937c35d6a32902ea21a233f8d20be5e7e,Q115__cd_463347_104.0089491_30.66359136.jpg,D:\StreetView_Project\03_Output\clip_knn\questionnaire_sample_k25_500_added_200\08D_spatial_visual_proximity_check_run_20260728_143220\01_preliminary_flat_500\Q115__cd_463347_104.0089491_30.66359136.jpg,Q115__cd_463347_104.0089491_30.66359136.jpg,D:\StreetView_Project\03_Output\clip_knn\questionnaire_sample_k25_500_added_200\08F_final500_freeze_run_20260728_145702\01_final_flat_500\Q115__cd_463347_104.0089491_30.66359136.jpg,frozen_08F,D:\StreetView_Project\03_Output\clip_knn\questionnaire_sample_k25_500_added_200\08D_spatial_visual_proximity_check_run_20260728_143220
Q116,existing_300,CD_463955,chengdu,104.0402601,30.6120164,202303,cd_463955_104.040260071_30.6120164015.jpg,D:\StreetView_Project\01_Data\Street_Images\chengdu\cd_streetview\cd_463955_104.040260071_30.6120164015.jpg,18,0.2941704094409943,edge,开敞绿化道路/公园边界道路,Q116__cd_463955_104.0402601_30.6120164.jpg,D:\StreetView_Project\03_Output\clip_knn\questionnaire_sample_k25_500_added_200\08F_final500_freeze_run_20260728_145702\01_final_flat_500\Q116__cd_463955_104.0402601_30.6120164.jpg,CD_463955,False,False,not_applicable_existing_300,Q116__Q116_cd_463955_104.040260071_30.6120164015.jpg,D:\StreetView_Project\03_Output\clip_knn\questionnaire_sample_k25_300\02_images_main\_final_flat_300_for_check\Q116__Q116_cd_463955_104.040260071_30.6120164015.jpg,,202303,cd_463955_104.040260071_30.6120164015.jpg,D:\StreetView_Project\01_Data\Street_Images\chengdu\cd_streetview\cd_463955_104.040260071_30.6120164015.jpg,D:\StreetView_Project\01_Data\Street_Images\chengdu\cd_streetview\cd_463955_104.040260071_30.6120164015.jpg,0.2941704094409943,D:\StreetView_Project\03_Output\clip_knn\questionnaire_sample_k25_300\02_images_main\_final_flat_300_for_check\Q116__Q116_cd_463955_104.040260071_30.6120164015.jpg,d1eb5b322f54a4650900765ca710ac5b95d32fa192bf8745837eef92d150b62f,Q116__cd_463955_104.0402601_30.6120164.jpg,D:\StreetView_Project\03_Output\clip_knn\questionnaire_sample_k25_500_added_200\08D_spatial_visual_proximity_check_run_20260728_143220\01_preliminary_flat_500\Q116__cd_463955_104.0402601_30.6120164.jpg,Q116__cd_463955_104.0402601_30.6120164.jpg,D:\StreetView_Project\03_Output\clip_knn\questionnaire_sample_k25_500_added_200\08F_final500_freeze_run_20260728_145702\01_final_flat_500\Q116__cd_463955_104.0402601_30.6120164.jpg,frozen_08F,D:\StreetView_Project\03_Output\clip_knn\questionnaire_sample_k25_500_added_200\08D_spatial_visual_proximity_check_run_20260728_143220
Q117,existing_300,CD_413707,chengdu,104.097414,30.70011319,202304,cd_413707_104.097413988_30.7001131881.jpg,D:\StreetView_Project\01_Data\Street_Images\chengdu\cd_streetview\cd_413707_104.097413988_30.7001131881.jpg,19,0.2582513391971588,center,晴天开敞主干路/低密道路,Q117__cd_413707_104.097414_30.70011319.jpg,D:\StreetView_Project\03_Output\clip_knn\questionnaire_sample_k25_500_added_200\08F_final500_freeze_run_20260728_145702\01_final_flat_500\Q117__cd_413707_104.097414_30.70011319.jpg,CD_413707,False,False,not_applicable_existing_300,Q117__Q117_cd_413707_104.097413988_30.7001131881.jpg,D:\StreetView_Project\03_Output\clip_knn\questionnaire_sample_k25_300\02_images_main\_final_flat_300_for_check\Q117__Q117_cd_413707_104.097413988_30.7001131881.jpg,,202304,cd_413707_104.097413988_30.7001131881.jpg,D:\StreetView_Project\01_Data\Street_Images\chengdu\cd_streetview\cd_413707_104.097413988_30.7001131881.jpg,D:\StreetView_Project\01_Data\Street_Images\chengdu\cd_streetview\cd_413707_104.097413988_30.7001131881.jpg,0.2582513391971588,D:\StreetView_Project\03_Output\clip_knn\questionnaire_sample_k25_300\02_images_main\_final_flat_300_for_check\Q117__Q117_cd_413707_104.097413988_30.7001131881.jpg,dd4ca13e09c06aabb8d40ada08fbb91d76220c4c458548c2629a7e20a0d9657f,Q117__cd_413707_104.097414_30.70011319.jpg,D:\StreetView_Project\03_Output\clip_knn\questionnaire_sample_k25_500_added_200\08D_spatial_visual_proximity_check_run_20260728_143220\01_preliminary_flat_500\Q117__cd_413707_104.097414_30.70011319.jpg,Q117__cd_413707_104.097414_30.70011319.jpg,D:\StreetView_Project\03_Output\clip_knn\questionnaire_sample_k25_500_added_200\08F_final500_freeze_run_20260728_145702\01_final_flat_500\Q117__cd_413707_104.097414_30.70011319.jpg,frozen_08F,D:\StreetView_Project\03_Output\clip_knn\questionnaire_sample_k25_500_added_200\08D_spatial_visual_proximity_check_run_20260728_143220
Q118,existing_300,CD_58489,chengdu,104.125946,30.63887939,202304,cd_58489_104.125946035_30.6388793895.jpg,D:\StreetView_Project\01_Data\Street_Images\chengdu\cd_streetview\cd_58489_104.125946035_30.6388793895.jpg,19,0.256217896938324,center,晴天开敞主干路/低密道路,Q118__cd_58489_104.125946_30.63887939.jpg,D:\StreetView_Project\03_Output\clip_knn\questionnaire_sample_k25_500_added_200\08F_final500_freeze_run_20260728_145702\01_final_flat_500\Q118__cd_58489_104.125946_30.63887939.jpg,CD_58489,False,False,not_applicable_existing_300,Q118__Q118_cd_58489_104.125946035_30.6388793895.jpg,D:\StreetView_Project\03_Output\clip_knn\questionnaire_sample_k25_300\02_images_main\_final_flat_300_for_check\Q118__Q118_cd_58489_104.125946035_30.6388793895.jpg,,202304,cd_58489_104.125946035_30.6388793895.jpg,D:\StreetView_Project\01_Data\Street_Images\chengdu\cd_streetview\cd_58489_104.125946035_30.6388793895.jpg,D:\StreetView_Project\01_Data\Street_Images\chengdu\cd_streetview\cd_58489_104.125946035_30.6388793895.jpg,0.256217896938324,D:\StreetView_Project\03_Output\clip_knn\questionnaire_sample_k25_300\02_images_main\_final_flat_300_for_check\Q118__Q118_cd_58489_104.125946035_30.6388793895.jpg,3f6b1b248c2aaa9506125c7bb86ac4330a986e3b9b8f50e209e2377b40e6f085,Q118__cd_58489_104.125946_30.63887939.jpg,D:\StreetView_Project\03_Output\clip_knn\questionnaire_sample_k25_500_added_200\08D_spatial_visual_proximity_check_run_20260728_143220\01_preliminary_flat_500\Q118__cd_58489_104.125946_30.63887939.jpg,Q118__cd_58489_104.125946_30.63887939.jpg,D:\StreetView_Project\03_Output\clip_knn\questionnaire_sample_k25_500_added_200\08F_final500_freeze_run_20260728_145702\01_final_flat_500\Q118__cd_58489_104.125946_30.63887939.jpg,frozen_08F,D:\StreetView_Project\03_Output\clip_knn\questionnaire_sample_k25_500_added_200\08D_spatial_visual_proximity_check_run_20260728_143220
Q119,existing_300,CD_35462,chengdu,104.0479474,30.71182662,202003,cd_35462_104.047947415_30.7118266219.jpg,D:\StreetView_Project\01_Data\Street_Images\chengdu\cd_streetview\cd_35462_104.047947415_30.7118266219.jpg,19,0.2980025708675385,middle,晴天开敞主干路/低密道路,Q119__cd_35462_104.0479474_30.71182662.jpg,D:\StreetView_Project\03_Output\clip_knn\questionnaire_sample_k25_500_added_200\08F_final500_freeze_run_20260728_145702\01_final_flat_500\Q119__cd_35462_104.0479474_30.71182662.jpg,CD_35462,False,False,not_applicable_existing_300,Q119__Q119_cd_35462_104.047947415_30.7118266219.jpg,D:\StreetView_Project\03_Output\clip_knn\questionnaire_sample_k25_300\02_images_main\_final_flat_300_for_check\Q119__Q119_cd_35462_104.047947415_30.7118266219.jpg,,202003,cd_35462_104.047947415_30.7118266219.jpg,D:\StreetView_Project\01_Data\Street_Images\chengdu\cd_streetview\cd_35462_104.047947415_30.7118266219.jpg,D:\StreetView_Project\01_Data\Street_Images\chengdu\cd_streetview\cd_35462_104.047947415_30.7118266219.jpg,0.2980025708675385,D:\StreetView_Project\03_Output\clip_knn\questionnaire_sample_k25_300\02_images_main\_final_flat_300_for_check\Q119__Q119_cd_35462_104.047947415_30.7118266219.jpg,346e3edf6b078230d2bdb5342b2d9236afefe113015f6104c19cd3ae2cbc7123,Q119__cd_35462_104.0479474_30.71182662.jpg,D:\StreetView_Project\03_Output\clip_knn\questionnaire_sample_k25_500_added_200\08D_spatial_visual_proximity_check_run_20260728_143220\01_preliminary_flat_500\Q119__cd_35462_104.0479474_30.71182662.jpg,Q119__cd_35462_104.0479474_30.71182662.jpg,D:\StreetView_Project\03_Output\clip_knn\questionnaire_sample_k25_500_added_200\08F_final500_freeze_run_20260728_145702\01_final_flat_500\Q119__cd_35462_104.0479474_30.71182662.jpg,frozen_08F,D:\StreetView_Project\03_Output\clip_knn\questionnaire_sample_k25_500_added_200\08D_spatial_visual_proximity_check_run_20260728_143220
Q120,existing_300,CD_54553,chengdu,104.0302201,30.65334812,201904,cd_54553_104.030220062_30.6533481221.jpg,D:\StreetView_Project\01_Data\Street_Images\chengdu\cd_streetview\cd_54553_104.030220062_30.6533481221.jpg,19,0.293608158826828,middle,晴天开敞主干路/低密道路,Q120__cd_54553_104.0302201_30.65334812.jpg,D:\StreetView_Project\03_Output\clip_knn\questionnaire_sample_k25_500_added_200\08F_final500_freeze_run_20260728_145702\01_final_flat_500\Q120__cd_54553_104.0302201_30.65334812.jpg,CD_54553,False,False,not_applicable_existing_300,Q120__Q120_cd_54553_104.030220062_30.6533481221.jpg,D:\StreetView_Project\03_Output\clip_knn\questionnaire_sample_k25_300\02_images_main\_final_flat_300_for_check\Q120__Q120_cd_54553_104.030220062_30.6533481221.jpg,,201904,cd_54553_104.030220062_30.6533481221.jpg,D:\StreetView_Project\01_Data\Street_Images\chengdu\cd_streetview\cd_54553_104.030220062_30.6533481221.jpg,D:\StreetView_Project\01_Data\Street_Images\chengdu\cd_streetview\cd_54553_104.030220062_30.6533481221.jpg,0.293608158826828,D:\StreetView_Project\03_Output\clip_knn\questionnaire_sample_k25_300\02_images_main\_final_flat_300_for_check\Q120__Q120_cd_54553_104.030220062_30.6533481221.jpg,dae2c863c093c1930bafa82cf42aad6d3dc5a9b67bf3d69aa567f04645dd2d09,Q120__cd_54553_104.0302201_30.65334812.jpg,D:\StreetView_Project\03_Output\clip_knn\questionnaire_sample_k25_500_added_200\08D_spatial_visual_proximity_check_run_20260728_143220\01_preliminary_flat_500\Q120__cd_54553_104.0302201_30.65334812.jpg,Q120__cd_54553_104.0302201_30.65334812.jpg,D:\StreetView_Project\03_Output\clip_knn\questionnaire_sample_k25_500_added_200\08F_final500_freeze_run_20260728_145702\01_final_flat_500\Q120__cd_54553_104.0302201_30.65334812.jpg,frozen_08F,D:\StreetView_Project\03_Output\clip_knn\questionnaire_sample_k25_500_added_200\08D_spatial_visual_proximity_check_run_20260728_143220
Q121,existing_300,CD_36521,chengdu,104.032788,30.716084,202304,cd_36521_104.032787959_30.716084001.jpg,D:\StreetView_Project\01_Data\Street_Images\chengdu\cd_streetview\cd_36521_104.032787959_30.716084001.jpg,19,0.2994239330291748,middle,晴天开敞主干路/低密道路,Q121__cd_36521_104.032788_30.716084.jpg,D:\StreetView_Project\03_Output\clip_knn\questionnaire_sample_k25_500_added_200\08F_final500_freeze_run_20260728_145702\01_final_flat_500\Q121__cd_36521_104.032788_30.716084.jpg,CD_36521,False,False,not_applicable_existing_300,Q121__Q121_cd_36521_104.032787959_30.716084001.jpg,D:\StreetView_Project\03_Output\clip_knn\questionnaire_sample_k25_300\02_images_main\_final_flat_300_for_check\Q121__Q121_cd_36521_104.032787959_30.716084001.jpg,,202304,cd_36521_104.032787959_30.716084001.jpg,D:\StreetView_Project\01_Data\Street_Images\chengdu\cd_streetview\cd_36521_104.032787959_30.716084001.jpg,D:\StreetView_Project\01_Data\Street_Images\chengdu\cd_streetview\cd_36521_104.032787959_30.716084001.jpg,0.2994239330291748,D:\StreetView_Project\03_Output\clip_knn\questionnaire_sample_k25_300\02_images_main\_final_flat_300_for_check\Q121__Q121_cd_36521_104.032787959_30.716084001.jpg,c242800d896f22938894d53584d6e0af3f3ca3f4ee0b8ea1632691eff5f2ffbe,Q121__cd_36521_104.032788_30.716084.jpg,D:\StreetView_Project\03_Output\clip_knn\questionnaire_sample_k25_500_added_200\08D_spatial_visual_proximity_check_run_20260728_143220\01_preliminary_flat_500\Q121__cd_36521_104.032788_30.716084.jpg,Q121__cd_36521_104.032788_30.716084.jpg,D:\StreetView_Project\03_Output\clip_knn\questionnaire_sample_k25_500_added_200\08F_final500_freeze_run_20260728_145702\01_final_flat_500\Q121__cd_36521_104.032788_30.716084.jpg,frozen_08F,D:\StreetView_Project\03_Output\clip_knn\questionnaire_sample_k25_500_added_200\08D_spatial_visual_proximity_check_run_20260728_143220
Q122,existing_300,CD_52702,chengdu,104.0429142,30.626702,202005,cd_52702_104.04291415_30.626702001.jpg,D:\StreetView_Project\01_Data\Street_Images\chengdu\cd_streetview\cd_52702_104.04291415_30.626702001.jpg,19,0.4100119173526764,edge,晴天开敞主干路/低密道路,Q122__cd_52702_104.0429142_30.626702.jpg,D:\StreetView_Project\03_Output\clip_knn\questionnaire_sample_k25_500_added_200\08F_final500_freeze_run_20260728_145702\01_final_flat_500\Q122__cd_52702_104.0429142_30.626702.jpg,CD_52702,False,False,not_applicable_existing_300,Q122__Q122_cd_52702_104.04291415_30.626702001.jpg,D:\StreetView_Project\03_Output\clip_knn\questionnaire_sample_k25_300\02_images_main\_final_flat_300_for_check\Q122__Q122_cd_52702_104.04291415_30.626702001.jpg,,202005,cd_52702_104.04291415_30.626702001.jpg,D:\StreetView_Project\01_Data\Street_Images\chengdu\cd_streetview\cd_52702_104.04291415_30.626702001.jpg,D:\StreetView_Project\01_Data\Street_Images\chengdu\cd_streetview\cd_52702_104.04291415_30.626702001.jpg,0.4100119173526764,D:\StreetView_Project\03_Output\clip_knn\questionnaire_sample_k25_300\02_images_main\_final_flat_300_for_check\Q122__Q122_cd_52702_104.04291415_30.626702001.jpg,2cfa69efd96f1727aa48c1033f75f35c74976d7d3f13979305218c68c30600e8,Q122__cd_52702_104.0429142_30.626702.jpg,D:\StreetView_Project\03_Output\clip_knn\questionnaire_sample_k25_500_added_200\08D_spatial_visual_proximity_check_run_20260728_143220\01_preliminary_flat_500\Q122__cd_52702_104.0429142_30.626702.jpg,Q122__cd_52702_104.0429142_30.626702.jpg,D:\StreetView_Project\03_Output\clip_knn\questionnaire_sample_k25_500_added_200\08F_final500_freeze_run_20260728_145702\01_final_flat_500\Q122__cd_52702_104.0429142_30.626702.jpg,frozen_08F,D:\StreetView_Project\03_Output\clip_knn\questionnaire_sample_k25_500_added_200\08D_spatial_visual_proximity_check_run_20260728_143220
Q123,existing_300,CD_466922,chengdu,104.0759301,30.61448398,202303,cd_466922_104.075930073_30.6144839762.jpg,D:\StreetView_Project\01_Data\Street_Images\chengdu\cd_streetview\cd_466922_104.075930073_30.6144839762.jpg,20,0.2836605608463287,center,林荫混合街道/绿化商业道路,Q123__cd_466922_104.0759301_30.61448398.jpg,D:\StreetView_Project\03_Output\clip_knn\questionnaire_sample_k25_500_added_200\08F_final500_freeze_run_20260728_145702\01_final_flat_500\Q123__cd_466922_104.0759301_30.61448398.jpg,CD_466922,False,False,not_applicable_existing_300,Q123__Q123_cd_466922_104.075930073_30.6144839762.jpg,D:\StreetView_Project\03_Output\clip_knn\questionnaire_sample_k25_300\02_images_main\_final_flat_300_for_check\Q123__Q123_cd_466922_104.075930073_30.6144839762.jpg,,202303,cd_466922_104.075930073_30.6144839762.jpg,D:\StreetView_Project\01_Data\Street_Images\chengdu\cd_streetview\cd_466922_104.075930073_30.6144839762.jpg,D:\StreetView_Project\01_Data\Street_Images\chengdu\cd_streetview\cd_466922_104.075930073_30.6144839762.jpg,0.2836605608463287,D:\StreetView_Project\03_Output\clip_knn\questionnaire_sample_k25_300\02_images_main\_final_flat_300_for_check\Q123__Q123_cd_466922_104.075930073_30.6144839762.jpg,fa562e9df54401d25992f6161e35198cea913b3fe6eec29dc2af3b9f2b076064,Q123__cd_466922_104.0759301_30.61448398.jpg,D:\StreetView_Project\03_Output\clip_knn\questionnaire_sample_k25_500_added_200\08D_spatial_visual_proximity_check_run_20260728_143220\01_preliminary_flat_500\Q123__cd_466922_104.0759301_30.61448398.jpg,Q123__cd_466922_104.0759301_30.61448398.jpg,D:\StreetView_Project\03_Output\clip_knn\questionnaire_sample_k25_500_added_200\08F_final500_freeze_run_20260728_145702\01_final_flat_500\Q123__cd_466922_104.0759301_30.61448398.jpg,frozen_08F,D:\StreetView_Project\03_Output\clip_knn\questionnaire_sample_k25_500_added_200\08D_spatial_visual_proximity_check_run_20260728_143220
Q124,existing_300,CD_34722,chengdu,104.1009687,30.67620408,201904,cd_34722_104.100968725_30.6762040835.jpg,D:\StreetView_Project\01_Data\Street_Images\chengdu\cd_streetview\cd_34722_104.100968725_30.6762040835.jpg,20,0.3026331663131714,middle,林荫混合街道/绿化商业道路,Q124__cd_34722_104.1009687_30.67620408.jpg,D:\StreetView_Project\03_Output\clip_knn\questionnaire_sample_k25_500_added_200\08F_final500_freeze_run_20260728_145702\01_final_flat_500\Q124__cd_34722_104.1009687_30.67620408.jpg,CD_34722,False,False,not_applicable_existing_300,Q124__Q124_cd_34722_104.100968725_30.6762040835.jpg,D:\StreetView_Project\03_Output\clip_knn\questionnaire_sample_k25_300\02_images_main\_final_flat_300_for_check\Q124__Q124_cd_34722_104.100968725_30.6762040835.jpg,,201904,cd_34722_104.100968725_30.6762040835.jpg,D:\StreetView_Project\01_Data\Street_Images\chengdu\cd_streetview\cd_34722_104.100968725_30.6762040835.jpg,D:\StreetView_Project\01_Data\Street_Images\chengdu\cd_streetview\cd_34722_104.100968725_30.6762040835.jpg,0.3026331663131714,D:\StreetView_Project\03_Output\clip_knn\questionnaire_sample_k25_300\02_images_main\_final_flat_300_for_check\Q124__Q124_cd_34722_104.100968725_30.6762040835.jpg,5f75d9a918b1e988a3ecf5e6f0db35448e3e375477027cb356610427208d3b62,Q124__cd_34722_104.1009687_30.67620408.jpg,D:\StreetView_Project\03_Output\clip_knn\questionnaire_sample_k25_500_added_200\08D_spatial_visual_proximity_check_run_20260728_143220\01_preliminary_flat_500\Q124__cd_34722_104.1009687_30.67620408.jpg,Q124__cd_34722_104.1009687_30.67620408.jpg,D:\StreetView_Project\03_Output\clip_knn\questionnaire_sample_k25_500_added_200\08F_final500_freeze_run_20260728_145702\01_final_flat_500\Q124__cd_34722_104.1009687_30.67620408.jpg,frozen_08F,D:\StreetView_Project\03_Output\clip_knn\questionnaire_sample_k25_500_added_200\08D_spatial_visual_proximity_check_run_20260728_143220
Q125,existing_300,CD_471544,chengdu,104.0417099,30.64300782,202303,cd_471544_104.041709879_30.6430078202.jpg,D:\StreetView_Project\01_Data\Street_Images\chengdu\cd_streetview\cd_471544_104.041709879_30.6430078202.jpg,20,0.2768500447273254,center,林荫混合街道/绿化商业道路,Q125__cd_471544_104.0417099_30.64300782.jpg,D:\StreetView_Project\03_Output\clip_knn\questionnaire_sample_k25_500_added_200\08F_final500_freeze_run_20260728_145702\01_final_flat_500\Q125__cd_471544_104.0417099_30.64300782.jpg,CD_471544,False,False,not_applicable_existing_300,Q125__Q125_cd_471544_104.041709879_30.6430078202.jpg,D:\StreetView_Project\03_Output\clip_knn\questionnaire_sample_k25_300\02_images_main\_final_flat_300_for_check\Q125__Q125_cd_471544_104.041709879_30.6430078202.jpg,,202303,cd_471544_104.041709879_30.6430078202.jpg,D:\StreetView_Project\01_Data\Street_Images\chengdu\cd_streetview\cd_471544_104.041709879_30.6430078202.jpg,D:\StreetView_Project\01_Data\Street_Images\chengdu\cd_streetview\cd_471544_104.041709879_30.6430078202.jpg,0.2768500447273254,D:\StreetView_Project\03_Output\clip_knn\questionnaire_sample_k25_300\02_images_main\_final_flat_300_for_check\Q125__Q125_cd_471544_104.041709879_30.6430078202.jpg,19d22a819c3436e59a89cf0e6c4c60eb047edc33491977429b8529c02865bcaf,Q125__cd_471544_104.0417099_30.64300782.jpg,D:\StreetView_Project\03_Output\clip_knn\questionnaire_sample_k25_500_added_200\08D_spatial_visual_proximity_check_run_20260728_143220\01_preliminary_flat_500\Q125__cd_471544_104.0417099_30.64300782.jpg,Q125__cd_471544_104.0417099_30.64300782.jpg,D:\StreetView_Project\03_Output\clip_knn\questionnaire_sample_k25_500_added_200\08F_final500_freeze_run_20260728_145702\01_final_flat_500\Q125__cd_471544_104.0417099_30.64300782.jpg,frozen_08F,D:\StreetView_Project\03_Output\clip_knn\questionnaire_sample_k25_500_added_200\08D_spatial_visual_proximity_check_run_20260728_143220
Q126,existing_300,CD_466972,chengdu,104.1017703,30.59976862,202304,cd_466972_104.101770313_30.5997686205.jpg,D:\StreetView_Project\01_Data\Street_Images\chengdu\cd_streetview\cd_466972_104.101770313_30.5997686205.jpg,20,0.2414844185113907,center,林荫混合街道/绿化商业道路,Q126__cd_466972_104.1017703_30.59976862.jpg,D:\StreetView_Project\03_Output\clip_knn\questionnaire_sample_k25_500_added_200\08F_final500_freeze_run_20260728_145702\01_final_flat_500\Q126__cd_466972_104.1017703_30.59976862.jpg,CD_466972,False,False,not_applicable_existing_300,Q126__Q126_cd_466972_104.101770313_30.5997686205.jpg,D:\StreetView_Project\03_Output\clip_knn\questionnaire_sample_k25_300\02_images_main\_final_flat_300_for_check\Q126__Q126_cd_466972_104.101770313_30.5997686205.jpg,,202304,cd_466972_104.101770313_30.5997686205.jpg,D:\StreetView_Project\01_Data\Street_Images\chengdu\cd_streetview\cd_466972_104.101770313_30.5997686205.jpg,D:\StreetView_Project\01_Data\Street_Images\chengdu\cd_streetview\cd_466972_104.101770313_30.5997686205.jpg,0.2414844185113907,D:\StreetView_Project\03_Output\clip_knn\questionnaire_sample_k25_300\02_images_main\_final_flat_300_for_check\Q126__Q126_cd_466972_104.101770313_30.5997686205.jpg,3db2b1b9c530fd32e04b321ef8ef6803d9c5ceb1f39755b8afa228e8792f4aaf,Q126__cd_466972_104.1017703_30.59976862.jpg,D:\StreetView_Project\03_Output\clip_knn\questionnaire_sample_k25_500_added_200\08D_spatial_visual_proximity_check_run_20260728_143220\01_preliminary_flat_500\Q126__cd_466972_104.1017703_30.59976862.jpg,Q126__cd_466972_104.1017703_30.59976862.jpg,D:\StreetView_Project\03_Output\clip_knn\questionnaire_sample_k25_500_added_200\08F_final500_freeze_run_20260728_145702\01_final_flat_500\Q126__cd_466972_104.1017703_30.59976862.jpg,frozen_08F,D:\StreetView_Project\03_Output\clip_knn\questionnaire_sample_k25_500_added_200\08D_spatial_visual_proximity_check_run_20260728_143220
Q127,existing_300,CD_466326,chengdu,104.104616,30.60566608,202304,cd_466326_104.104615973_30.6056660778.jpg,D:\StreetView_Project\01_Data\Street_Images\chengdu\cd_streetview\cd_466326_104.104615973_30.6056660778.jpg,20,0.2920055687427521,middle,林荫混合街道/绿化商业道路,Q127__cd_466326_104.104616_30.60566608.jpg,D:\StreetView_Project\03_Output\clip_knn\questionnaire_sample_k25_500_added_200\08F_final500_freeze_run_20260728_145702\01_final_flat_500\Q127__cd_466326_104.104616_30.60566608.jpg,CD_466326,False,False,not_applicable_existing_300,Q127__Q127_cd_466326_104.104615973_30.6056660778.jpg,D:\StreetView_Project\03_Output\clip_knn\questionnaire_sample_k25_300\02_images_main\_final_flat_300_for_check\Q127__Q127_cd_466326_104.104615973_30.6056660778.jpg,,202304,cd_466326_104.104615973_30.6056660778.jpg,D:\StreetView_Project\01_Data\Street_Images\chengdu\cd_streetview\cd_466326_104.104615973_30.6056660778.jpg,D:\StreetView_Project\01_Data\Street_Images\chengdu\cd_streetview\cd_466326_104.104615973_30.6056660778.jpg,0.2920055687427521,D:\StreetView_Project\03_Output\clip_knn\questionnaire_sample_k25_300\02_images_main\_final_flat_300_for_check\Q127__Q127_cd_466326_104.104615973_30.6056660778.jpg,b72b0a9b92cbbd66c85fb78085782af2e714f4264c1d2d8648cc2fe3e2bd3e00,Q127__cd_466326_104.104616_30.60566608.jpg,D:\StreetView_Project\03_Output\clip_knn\questionnaire_sample_k25_500_added_200\08D_spatial_visual_proximity_check_run_20260728_143220\01_preliminary_flat_500\Q127__cd_466326_104.104616_30.60566608.jpg,Q127__cd_466326_104.104616_30.60566608.jpg,D:\StreetView_Project\03_Output\clip_knn\questionnaire_sample_k25_500_added_200\08F_final500_freeze_run_20260728_145702\01_final_flat_500\Q127__cd_466326_104.104616_30.60566608.jpg,frozen_08F,D:\StreetView_Project\03_Output\clip_knn\questionnaire_sample_k25_500_added_200\08D_spatial_visual_proximity_check_run_20260728_143220
Q128,existing_300,CD_468453,chengdu,104.0815805,30.62593432,202303,cd_468453_104.081580511_30.6259343199.jpg,D:\StreetView_Project\01_Data\Street_Images\chengdu\cd_streetview\cd_468453_104.081580511_30.6259343199.jpg,20,0.2477722018957138,center,林荫混合街道/绿化商业道路,Q128__cd_468453_104.0815805_30.62593432.jpg,D:\StreetView_Project\03_Output\clip_knn\questionnaire_sample_k25_500_added_200\08F_final500_freeze_run_20260728_145702\01_final_flat_500\Q128__cd_468453_104.0815805_30.62593432.jpg,CD_468453,False,False,not_applicable_existing_300,Q128__Q128_cd_468453_104.081580511_30.6259343199.jpg,D:\StreetView_Project\03_Output\clip_knn\questionnaire_sample_k25_300\02_images_main\_final_flat_300_for_check\Q128__Q128_cd_468453_104.081580511_30.6259343199.jpg,,202303,cd_468453_104.081580511_30.6259343199.jpg,D:\StreetView_Project\01_Data\Street_Images\chengdu\cd_streetview\cd_468453_104.081580511_30.6259343199.jpg,D:\StreetView_Project\01_Data\Street_Images\chengdu\cd_streetview\cd_468453_104.081580511_30.6259343199.jpg,0.2477722018957138,D:\StreetView_Project\03_Output\clip_knn\questionnaire_sample_k25_300\02_images_main\_final_flat_300_for_check\Q128__Q128_cd_468453_104.081580511_30.6259343199.jpg,dc8295587a6e6b3c049e611b30663bac6327cbcf85485956d9418084acca99db,Q128__cd_468453_104.0815805_30.62593432.jpg,D:\StreetView_Project\03_Output\clip_knn\questionnaire_sample_k25_500_added_200\08D_spatial_visual_proximity_check_run_20260728_143220\01_preliminary_flat_500\Q128__cd_468453_104.0815805_30.62593432.jpg,Q128__cd_468453_104.0815805_30.62593432.jpg,D:\StreetView_Project\03_Output\clip_knn\questionnaire_sample_k25_500_added_200\08F_final500_freeze_run_20260728_145702\01_final_flat_500\Q128__cd_468453_104.0815805_30.62593432.jpg,frozen_08F,D:\StreetView_Project\03_Output\clip_knn\questionnaire_sample_k25_500_added_200\08D_spatial_visual_proximity_check_run_20260728_143220
Q129,existing_300,CD_416996,chengdu,104.069882,30.69267305,202003,cd_416996_104.069881994_30.6926730463.jpg,D:\StreetView_Project\01_Data\Street_Images\chengdu\cd_streetview\cd_416996_104.069881994_30.6926730463.jpg,20,0.3780651688575745,edge,林荫混合街道/绿化商业道路,Q129__cd_416996_104.069882_30.69267305.jpg,D:\StreetView_Project\03_Output\clip_knn\questionnaire_sample_k25_500_added_200\08F_final500_freeze_run_20260728_145702\01_final_flat_500\Q129__cd_416996_104.069882_30.69267305.jpg,CD_416996,False,False,not_applicable_existing_300,Q129__Q129_cd_416996_104.069881994_30.6926730463.jpg,D:\StreetView_Project\03_Output\clip_knn\questionnaire_sample_k25_300\02_images_main\_final_flat_300_for_check\Q129__Q129_cd_416996_104.069881994_30.6926730463.jpg,,202003,cd_416996_104.069881994_30.6926730463.jpg,D:\StreetView_Project\01_Data\Street_Images\chengdu\cd_streetview\cd_416996_104.069881994_30.6926730463.jpg,D:\StreetView_Project\01_Data\Street_Images\chengdu\cd_streetview\cd_416996_104.069881994_30.6926730463.jpg,0.3780651688575745,D:\StreetView_Project\03_Output\clip_knn\questionnaire_sample_k25_300\02_images_main\_final_flat_300_for_check\Q129__Q129_cd_416996_104.069881994_30.6926730463.jpg,ad4345829f12e096dfdb238ae27fda2319d2a0ccec35b572556d24a3cf8b3748,Q129__cd_416996_104.069882_30.69267305.jpg,D:\StreetView_Project\03_Output\clip_knn\questionnaire_sample_k25_500_added_200\08D_spatial_visual_proximity_check_run_20260728_143220\01_preliminary_flat_500\Q129__cd_416996_104.069882_30.69267305.jpg,Q129__cd_416996_104.069882_30.69267305.jpg,D:\StreetView_Project\03_Output\clip_knn\questionnaire_sample_k25_500_added_200\08F_final500_freeze_run_20260728_145702\01_final_flat_500\Q129__cd_416996_104.069882_30.69267305.jpg,frozen_08F,D:\StreetView_Project\03_Output\clip_knn\questionnaire_sample_k25_500_added_200\08D_spatial_visual_proximity_check_run_20260728_143220
Q130,existing_300,CD_53326,chengdu,104.1103058,30.65013472,202002,cd_53326_104.110305833_30.6501347217.jpg,D:\StreetView_Project\01_Data\Street_Images\chengdu\cd_streetview\cd_53326_104.110305833_30.6501347217.jpg,21,0.2009641826152802,center,开敞桥梁/滨水/城市快速路,Q130__cd_53326_104.1103058_30.65013472.jpg,D:\StreetView_Project\03_Output\clip_knn\questionnaire_sample_k25_500_added_200\08F_final500_freeze_run_20260728_145702\01_final_flat_500\Q130__cd_53326_104.1103058_30.65013472.jpg,CD_53326,False,False,not_applicable_existing_300,Q130__Q130_cd_53326_104.110305833_30.6501347217.jpg,D:\StreetView_Project\03_Output\clip_knn\questionnaire_sample_k25_300\02_images_main\_final_flat_300_for_check\Q130__Q130_cd_53326_104.110305833_30.6501347217.jpg,,202002,cd_53326_104.110305833_30.6501347217.jpg,D:\StreetView_Project\01_Data\Street_Images\chengdu\cd_streetview\cd_53326_104.110305833_30.6501347217.jpg,D:\StreetView_Project\01_Data\Street_Images\chengdu\cd_streetview\cd_53326_104.110305833_30.6501347217.jpg,0.2009641826152802,D:\StreetView_Project\03_Output\clip_knn\questionnaire_sample_k25_300\02_images_main\_final_flat_300_for_check\Q130__Q130_cd_53326_104.110305833_30.6501347217.jpg,664ba16864c79d15ed88e3e16f4acf26acfa5c8cfdf606245acec5c93e920180,Q130__cd_53326_104.1103058_30.65013472.jpg,D:\StreetView_Project\03_Output\clip_knn\questionnaire_sample_k25_500_added_200\08D_spatial_visual_proximity_check_run_20260728_143220\01_preliminary_flat_500\Q130__cd_53326_104.1103058_30.65013472.jpg,Q130__cd_53326_104.1103058_30.65013472.jpg,D:\StreetView_Project\03_Output\clip_knn\questionnaire_sample_k25_500_added_200\08F_final500_freeze_run_20260728_145702\01_final_flat_500\Q130__cd_53326_104.1103058_30.65013472.jpg,frozen_08F,D:\StreetView_Project\03_Output\clip_knn\questionnaire_sample_k25_500_added_200\08D_spatial_visual_proximity_check_run_20260728_143220
Q131,existing_300,CD_53708,chengdu,104.109623,30.64517741,202002,cd_53708_104.109622954_30.6451774082.jpg,D:\StreetView_Project\01_Data\Street_Images\chengdu\cd_streetview\cd_53708_104.109622954_30.6451774082.jpg,21,0.2221490144729614,center,开敞桥梁/滨水/城市快速路,Q131__cd_53708_104.109623_30.64517741.jpg,D:\StreetView_Project\03_Output\clip_knn\questionnaire_sample_k25_500_added_200\08F_final500_freeze_run_20260728_145702\01_final_flat_500\Q131__cd_53708_104.109623_30.64517741.jpg,CD_53708,False,False,not_applicable_existing_300,Q131__Q131_cd_53708_104.109622954_30.6451774082.jpg,D:\StreetView_Project\03_Output\clip_knn\questionnaire_sample_k25_300\02_images_main\_final_flat_300_for_check\Q131__Q131_cd_53708_104.109622954_30.6451774082.jpg,,202002,cd_53708_104.109622954_30.6451774082.jpg,D:\StreetView_Project\01_Data\Street_Images\chengdu\cd_streetview\cd_53708_104.109622954_30.6451774082.jpg,D:\StreetView_Project\01_Data\Street_Images\chengdu\cd_streetview\cd_53708_104.109622954_30.6451774082.jpg,0.2221490144729614,D:\StreetView_Project\03_Output\clip_knn\questionnaire_sample_k25_300\02_images_main\_final_flat_300_for_check\Q131__Q131_cd_53708_104.109622954_30.6451774082.jpg,b49248457bdc30d61c99a9faaed2e885903b0eb131f25a887723f50a2e3028d6,Q131__cd_53708_104.109623_30.64517741.jpg,D:\StreetView_Project\03_Output\clip_knn\questionnaire_sample_k25_500_added_200\08D_spatial_visual_proximity_check_run_20260728_143220\01_preliminary_flat_500\Q131__cd_53708_104.109623_30.64517741.jpg,Q131__cd_53708_104.109623_30.64517741.jpg,D:\StreetView_Project\03_Output\clip_knn\questionnaire_sample_k25_500_added_200\08F_final500_freeze_run_20260728_145702\01_final_flat_500\Q131__cd_53708_104.109623_30.64517741.jpg,frozen_08F,D:\StreetView_Project\03_Output\clip_knn\questionnaire_sample_k25_500_added_200\08D_spatial_visual_proximity_check_run_20260728_143220
Q132,existing_300,CD_476641,chengdu,104.1447483,30.63654271,201903,cd_476641_104.144748265_30.6365427071.jpg,D:\StreetView_Project\01_Data\Street_Images\chengdu\cd_streetview\cd_476641_104.144748265_30.6365427071.jpg,21,0.2312244027853012,center,开敞桥梁/滨水/城市快速路,Q132__cd_476641_104.1447483_30.63654271.jpg,D:\StreetView_Project\03_Output\clip_knn\questionnaire_sample_k25_500_added_200\08F_final500_freeze_run_20260728_145702\01_final_flat_500\Q132__cd_476641_104.1447483_30.63654271.jpg,CD_476641,False,False,not_applicable_existing_300,Q132__Q132_cd_476641_104.144748265_30.6365427071.jpg,D:\StreetView_Project\03_Output\clip_knn\questionnaire_sample_k25_300\02_images_main\_final_flat_300_for_check\Q132__Q132_cd_476641_104.144748265_30.6365427071.jpg,,201903,cd_476641_104.144748265_30.6365427071.jpg,D:\StreetView_Project\01_Data\Street_Images\chengdu\cd_streetview\cd_476641_104.144748265_30.6365427071.jpg,D:\StreetView_Project\01_Data\Street_Images\chengdu\cd_streetview\cd_476641_104.144748265_30.6365427071.jpg,0.2312244027853012,D:\StreetView_Project\03_Output\clip_knn\questionnaire_sample_k25_300\02_images_main\_final_flat_300_for_check\Q132__Q132_cd_476641_104.144748265_30.6365427071.jpg,6502c83b5449fbb5f8e8c25f45de01f85ccf87079488e6b54e3a76887caef95d,Q132__cd_476641_104.1447483_30.63654271.jpg,D:\StreetView_Project\03_Output\clip_knn\questionnaire_sample_k25_500_added_200\08D_spatial_visual_proximity_check_run_20260728_143220\01_preliminary_flat_500\Q132__cd_476641_104.1447483_30.63654271.jpg,Q132__cd_476641_104.1447483_30.63654271.jpg,D:\StreetView_Project\03_Output\clip_knn\questionnaire_sample_k25_500_added_200\08F_final500_freeze_run_20260728_145702\01_final_flat_500\Q132__cd_476641_104.1447483_30.63654271.jpg,frozen_08F,D:\StreetView_Project\03_Output\clip_knn\questionnaire_sample_k25_500_added_200\08D_spatial_visual_proximity_check_run_20260728_143220
Q133,existing_300,CD_53656,chengdu,104.1137243,30.66569591,201707,cd_53656_104.11372432_30.6656959067.jpg,D:\StreetView_Project\01_Data\Street_Images\chengdu\cd_streetview\cd_53656_104.11372432_30.6656959067.jpg,21,0.2039228975772858,center,开敞桥梁/滨水/城市快速路,Q133__cd_53656_104.1137243_30.66569591.jpg,D:\StreetView_Project\03_Output\clip_knn\questionnaire_sample_k25_500_added_200\08F_final500_freeze_run_20260728_145702\01_final_flat_500\Q133__cd_53656_104.1137243_30.66569591.jpg,CD_53656,False,False,not_applicable_existing_300,Q133__Q133_cd_53656_104.11372432_30.6656959067.jpg,D:\StreetView_Project\03_Output\clip_knn\questionnaire_sample_k25_300\02_images_main\_final_flat_300_for_check\Q133__Q133_cd_53656_104.11372432_30.6656959067.jpg,,201707,cd_53656_104.11372432_30.6656959067.jpg,D:\StreetView_Project\01_Data\Street_Images\chengdu\cd_streetview\cd_53656_104.11372432_30.6656959067.jpg,D:\StreetView_Project\01_Data\Street_Images\chengdu\cd_streetview\cd_53656_104.11372432_30.6656959067.jpg,0.2039228975772858,D:\StreetView_Project\03_Output\clip_knn\questionnaire_sample_k25_300\02_images_main\_final_flat_300_for_check\Q133__Q133_cd_53656_104.11372432_30.6656959067.jpg,5885029abe246e27ba5b3c0c31ad1b9e61431e350b7664047f241b93b376c423,Q133__cd_53656_104.1137243_30.66569591.jpg,D:\StreetView_Project\03_Output\clip_knn\questionnaire_sample_k25_500_added_200\08D_spatial_visual_proximity_check_run_20260728_143220\01_preliminary_flat_500\Q133__cd_53656_104.1137243_30.66569591.jpg,Q133__cd_53656_104.1137243_30.66569591.jpg,D:\StreetView_Project\03_Output\clip_knn\questionnaire_sample_k25_500_added_200\08F_final500_freeze_run_20260728_145702\01_final_flat_500\Q133__cd_53656_104.1137243_30.66569591.jpg,frozen_08F,D:\StreetView_Project\03_Output\clip_knn\questionnaire_sample_k25_500_added_200\08D_spatial_visual_proximity_check_run_20260728_143220
Q134,existing_300,CD_50704,chengdu,104.0883661,30.60859746,201903,cd_50704_104.08836609_30.6085974612.jpg,D:\StreetView_Project\01_Data\Street_Images\chengdu\cd_streetview\cd_50704_104.08836609_30.6085974612.jpg,21,0.2525970935821533,middle,开敞桥梁/滨水/城市快速路,Q134__cd_50704_104.0883661_30.60859746.jpg,D:\StreetView_Project\03_Output\clip_knn\questionnaire_sample_k25_500_added_200\08F_final500_freeze_run_20260728_145702\01_final_flat_500\Q134__cd_50704_104.0883661_30.60859746.jpg,CD_50704,False,False,not_applicable_existing_300,Q134__Q134_cd_50704_104.08836609_30.6085974612.jpg,D:\StreetView_Project\03_Output\clip_knn\questionnaire_sample_k25_300\02_images_main\_final_flat_300_for_check\Q134__Q134_cd_50704_104.08836609_30.6085974612.jpg,,201903,cd_50704_104.08836609_30.6085974612.jpg,D:\StreetView_Project\01_Data\Street_Images\chengdu\cd_streetview\cd_50704_104.08836609_30.6085974612.jpg,D:\StreetView_Project\01_Data\Street_Images\chengdu\cd_streetview\cd_50704_104.08836609_30.6085974612.jpg,0.2525970935821533,D:\StreetView_Project\03_Output\clip_knn\questionnaire_sample_k25_300\02_images_main\_final_flat_300_for_check\Q134__Q134_cd_50704_104.08836609_30.6085974612.jpg,cd5f1b84ded67209ad3c2f4efbd8fdbcddce4c05c57c10e1a03409f6b71b9fc7,Q134__cd_50704_104.0883661_30.60859746.jpg,D:\StreetView_Project\03_Output\clip_knn\questionnaire_sample_k25_500_added_200\08D_spatial_visual_proximity_check_run_20260728_143220\01_preliminary_flat_500\Q134__cd_50704_104.0883661_30.60859746.jpg,Q134__cd_50704_104.0883661_30.60859746.jpg,D:\StreetView_Project\03_Output\clip_knn\questionnaire_sample_k25_500_added_200\08F_final500_freeze_run_20260728_145702\01_final_flat_500\Q134__cd_50704_104.0883661_30.60859746.jpg,frozen_08F,D:\StreetView_Project\03_Output\clip_knn\questionnaire_sample_k25_500_added_200\08D_spatial_visual_proximity_check_run_20260728_143220
Q135,existing_300,CD_53642,chengdu,104.1129321,30.66618359,201707,cd_53642_104.112932085_30.666183592.jpg,D:\StreetView_Project\01_Data\Street_Images\chengdu\cd_streetview\cd_53642_104.112932085_30.666183592.jpg,21,0.2614775896072388,middle,开敞桥梁/滨水/城市快速路,Q135__cd_53642_104.1129321_30.66618359.jpg,D:\StreetView_Project\03_Output\clip_knn\questionnaire_sample_k25_500_added_200\08F_final500_freeze_run_20260728_145702\01_final_flat_500\Q135__cd_53642_104.1129321_30.66618359.jpg,CD_53642,False,False,not_applicable_existing_300,Q135__Q135_cd_53642_104.112932085_30.666183592.jpg,D:\StreetView_Project\03_Output\clip_knn\questionnaire_sample_k25_300\02_images_main\_final_flat_300_for_check\Q135__Q135_cd_53642_104.112932085_30.666183592.jpg,,201707,cd_53642_104.112932085_30.666183592.jpg,D:\StreetView_Project\01_Data\Street_Images\chengdu\cd_streetview\cd_53642_104.112932085_30.666183592.jpg,D:\StreetView_Project\01_Data\Street_Images\chengdu\cd_streetview\cd_53642_104.112932085_30.666183592.jpg,0.2614775896072388,D:\StreetView_Project\03_Output\clip_knn\questionnaire_sample_k25_300\02_images_main\_final_flat_300_for_check\Q135__Q135_cd_53642_104.112932085_30.666183592.jpg,ef7aec8d2197f3bf51ff8a9da1f75f285b39981053dcb0260b2bb7f5f4519c23,Q135__cd_53642_104.1129321_30.66618359.jpg,D:\StreetView_Project\03_Output\clip_knn\questionnaire_sample_k25_500_added_200\08D_spatial_visual_proximity_check_run_20260728_143220\01_preliminary_flat_500\Q135__cd_53642_104.1129321_30.66618359.jpg,Q135__cd_53642_104.1129321_30.66618359.jpg,D:\StreetView_Project\03_Output\clip_knn\questionnaire_sample_k25_500_added_200\08F_final500_freeze_run_20260728_145702\01_final_flat_500\Q135__cd_53642_104.1129321_30.66618359.jpg,frozen_08F,D:\StreetView_Project\03_Output\clip_knn\questionnaire_sample_k25_500_added_200\08D_spatial_visual_proximity_check_run_20260728_143220
Q136,existing_300,CD_473389,chengdu,104.0628984,30.64969857,202003,cd_473389_104.062898355_30.6496985722.jpg,D:\StreetView_Project\01_Data\Street_Images\chengdu\cd_streetview\cd_473389_104.062898355_30.6496985722.jpg,21,0.2356260716915131,center,开敞桥梁/滨水/城市快速路,Q136__cd_473389_104.0628984_30.64969857.jpg,D:\StreetView_Project\03_Output\clip_knn\questionnaire_sample_k25_500_added_200\08F_final500_freeze_run_20260728_145702\01_final_flat_500\Q136__cd_473389_104.0628984_30.64969857.jpg,CD_473389,False,False,not_applicable_existing_300,Q136__Q136_cd_473389_104.062898355_30.6496985722.jpg,D:\StreetView_Project\03_Output\clip_knn\questionnaire_sample_k25_300\02_images_main\_final_flat_300_for_check\Q136__Q136_cd_473389_104.062898355_30.6496985722.jpg,,202003,cd_473389_104.062898355_30.6496985722.jpg,D:\StreetView_Project\01_Data\Street_Images\chengdu\cd_streetview\cd_473389_104.062898355_30.6496985722.jpg,D:\StreetView_Project\01_Data\Street_Images\chengdu\cd_streetview\cd_473389_104.062898355_30.6496985722.jpg,0.2356260716915131,D:\StreetView_Project\03_Output\clip_knn\questionnaire_sample_k25_300\02_images_main\_final_flat_300_for_check\Q136__Q136_cd_473389_104.062898355_30.6496985722.jpg,9ffc0e9085bc653d17279529959c0796d2c8f3498964d50d6cfbb4b933d9628b,Q136__cd_473389_104.0628984_30.64969857.jpg,D:\StreetView_Project\03_Output\clip_knn\questionnaire_sample_k25_500_added_200\08D_spatial_visual_proximity_check_run_20260728_143220\01_preliminary_flat_500\Q136__cd_473389_104.0628984_30.64969857.jpg,Q136__cd_473389_104.0628984_30.64969857.jpg,D:\StreetView_Project\03_Output\clip_knn\questionnaire_sample_k25_500_added_200\08F_final500_freeze_run_20260728_145702\01_final_flat_500\Q136__cd_473389_104.0628984_30.64969857.jpg,frozen_08F,D:\StreetView_Project\03_Output\clip_knn\questionnaire_sample_k25_500_added_200\08D_spatial_visual_proximity_check_run_20260728_143220
Q137,existing_300,CD_222289,chengdu,104.075044,30.6004243,201904,cd_222289_104.075044041_30.6004243025.jpg,D:\StreetView_Project\01_Data\Street_Images\chengdu\cd_streetview\cd_222289_104.075044041_30.6004243025.jpg,22,0.2018163949251175,center,重庆高层主干路/山地城市道路,Q137__cd_222289_104.075044_30.6004243.jpg,D:\StreetView_Project\03_Output\clip_knn\questionnaire_sample_k25_500_added_200\08F_final500_freeze_run_20260728_145702\01_final_flat_500\Q137__cd_222289_104.075044_30.6004243.jpg,CD_222289,False,False,not_applicable_existing_300,Q137__Q137_cd_222289_104.075044041_30.6004243025.jpg,D:\StreetView_Project\03_Output\clip_knn\questionnaire_sample_k25_300\02_images_main\_final_flat_300_for_check\Q137__Q137_cd_222289_104.075044041_30.6004243025.jpg,,201904,cd_222289_104.075044041_30.6004243025.jpg,D:\StreetView_Project\01_Data\Street_Images\chengdu\cd_streetview\cd_222289_104.075044041_30.6004243025.jpg,D:\StreetView_Project\01_Data\Street_Images\chengdu\cd_streetview\cd_222289_104.075044041_30.6004243025.jpg,0.2018163949251175,D:\StreetView_Project\03_Output\clip_knn\questionnaire_sample_k25_300\02_images_main\_final_flat_300_for_check\Q137__Q137_cd_222289_104.075044041_30.6004243025.jpg,2467267a7cd886fa1e66ec2d0681816944b856ca9c25fc84cefe34e72f4f3c51,Q137__cd_222289_104.075044_30.6004243.jpg,D:\StreetView_Project\03_Output\clip_knn\questionnaire_sample_k25_500_added_200\08D_spatial_visual_proximity_check_run_20260728_143220\01_preliminary_flat_500\Q137__cd_222289_104.075044_30.6004243.jpg,Q137__cd_222289_104.075044_30.6004243.jpg,D:\StreetView_Project\03_Output\clip_knn\questionnaire_sample_k25_500_added_200\08F_final500_freeze_run_20260728_145702\01_final_flat_500\Q137__cd_222289_104.075044_30.6004243.jpg,frozen_08F,D:\StreetView_Project\03_Output\clip_knn\questionnaire_sample_k25_500_added_200\08D_spatial_visual_proximity_check_run_20260728_143220
Q138,existing_300,CD_53590,chengdu,104.1171096,30.65326601,201903,cd_53590_104.117109571_30.6532660052.jpg,D:\StreetView_Project\01_Data\Street_Images\chengdu\cd_streetview\cd_53590_104.117109571_30.6532660052.jpg,22,0.2277286499738693,center,重庆高层主干路/山地城市道路,Q138__cd_53590_104.1171096_30.65326601.jpg,D:\StreetView_Project\03_Output\clip_knn\questionnaire_sample_k25_500_added_200\08F_final500_freeze_run_20260728_145702\01_final_flat_500\Q138__cd_53590_104.1171096_30.65326601.jpg,CD_53590,False,False,not_applicable_existing_300,Q138__Q138_cd_53590_104.117109571_30.6532660052.jpg,D:\StreetView_Project\03_Output\clip_knn\questionnaire_sample_k25_300\02_images_main\_final_flat_300_for_check\Q138__Q138_cd_53590_104.117109571_30.6532660052.jpg,,201903,cd_53590_104.117109571_30.6532660052.jpg,D:\StreetView_Project\01_Data\Street_Images\chengdu\cd_streetview\cd_53590_104.117109571_30.6532660052.jpg,D:\StreetView_Project\01_Data\Street_Images\chengdu\cd_streetview\cd_53590_104.117109571_30.6532660052.jpg,0.2277286499738693,D:\StreetView_Project\03_Output\clip_knn\questionnaire_sample_k25_300\02_images_main\_final_flat_300_for_check\Q138__Q138_cd_53590_104.117109571_30.6532660052.jpg,614c9f3583dd0100aa53e4d09ffc572d6caaf306000c3f2df3490c3d2c02b8a4,Q138__cd_53590_104.1171096_30.65326601.jpg,D:\StreetView_Project\03_Output\clip_knn\questionnaire_sample_k25_500_added_200\08D_spatial_visual_proximity_check_run_20260728_143220\01_preliminary_flat_500\Q138__cd_53590_104.1171096_30.65326601.jpg,Q138__cd_53590_104.1171096_30.65326601.jpg,D:\StreetView_Project\03_Output\clip_knn\questionnaire_sample_k25_500_added_200\08F_final500_freeze_run_20260728_145702\01_final_flat_500\Q138__cd_53590_104.1171096_30.65326601.jpg,frozen_08F,D:\StreetView_Project\03_Output\clip_knn\questionnaire_sample_k25_500_added_200\08D_spatial_visual_proximity_check_run_20260728_143220
Q139,existing_300,CD_37532,chengdu,104.0018266,30.67652476,202005,cd_37532_104.001826633_30.6765247637.jpg,D:\StreetView_Project\01_Data\Street_Images\chengdu\cd_streetview\cd_37532_104.001826633_30.6765247637.jpg,22,0.2023404836654663,center,重庆高层主干路/山地城市道路,Q139__cd_37532_104.0018266_30.67652476.jpg,D:\StreetView_Project\03_Output\clip_knn\questionnaire_sample_k25_500_added_200\08F_final500_freeze_run_20260728_145702\01_final_flat_500\Q139__cd_37532_104.0018266_30.67652476.jpg,CD_37532,False,False,not_applicable_existing_300,Q139__Q139_cd_37532_104.001826633_30.6765247637.jpg,D:\StreetView_Project\03_Output\clip_knn\questionnaire_sample_k25_300\02_images_main\_final_flat_300_for_check\Q139__Q139_cd_37532_104.001826633_30.6765247637.jpg,,202005,cd_37532_104.001826633_30.6765247637.jpg,D:\StreetView_Project\01_Data\Street_Images\chengdu\cd_streetview\cd_37532_104.001826633_30.6765247637.jpg,D:\StreetView_Project\01_Data\Street_Images\chengdu\cd_streetview\cd_37532_104.001826633_30.6765247637.jpg,0.2023404836654663,D:\StreetView_Project\03_Output\clip_knn\questionnaire_sample_k25_300\02_images_main\_final_flat_300_for_check\Q139__Q139_cd_37532_104.001826633_30.6765247637.jpg,4f42755bcc1726b37aaec2e1eeebdea8171ca5e936f6337bd33055ba4659e744,Q139__cd_37532_104.0018266_30.67652476.jpg,D:\StreetView_Project\03_Output\clip_knn\questionnaire_sample_k25_500_added_200\08D_spatial_visual_proximity_check_run_20260728_143220\01_preliminary_flat_500\Q139__cd_37532_104.0018266_30.67652476.jpg,Q139__cd_37532_104.0018266_30.67652476.jpg,D:\StreetView_Project\03_Output\clip_knn\questionnaire_sample_k25_500_added_200\08F_final500_freeze_run_20260728_145702\01_final_flat_500\Q139__cd_37532_104.0018266_30.67652476.jpg,frozen_08F,D:\StreetView_Project\03_Output\clip_knn\questionnaire_sample_k25_500_added_200\08D_spatial_visual_proximity_check_run_20260728_143220
Q140,existing_300,CD_54426,chengdu,104.0873126,30.64261993,202210,cd_54426_104.087312568_30.6426199268.jpg,D:\StreetView_Project\01_Data\Street_Images\chengdu\cd_streetview\cd_54426_104.087312568_30.6426199268.jpg,22,0.2477919608354568,middle,重庆高层主干路/山地城市道路,Q140__cd_54426_104.0873126_30.64261993.jpg,D:\StreetView_Project\03_Output\clip_knn\questionnaire_sample_k25_500_added_200\08F_final500_freeze_run_20260728_145702\01_final_flat_500\Q140__cd_54426_104.0873126_30.64261993.jpg,CD_54426,False,False,not_applicable_existing_300,Q140__Q140_cd_54426_104.087312568_30.6426199268.jpg,D:\StreetView_Project\03_Output\clip_knn\questionnaire_sample_k25_300\02_images_main\_final_flat_300_for_check\Q140__Q140_cd_54426_104.087312568_30.6426199268.jpg,,202210,cd_54426_104.087312568_30.6426199268.jpg,D:\StreetView_Project\01_Data\Street_Images\chengdu\cd_streetview\cd_54426_104.087312568_30.6426199268.jpg,D:\StreetView_Project\01_Data\Street_Images\chengdu\cd_streetview\cd_54426_104.087312568_30.6426199268.jpg,0.2477919608354568,D:\StreetView_Project\03_Output\clip_knn\questionnaire_sample_k25_300\02_images_main\_final_flat_300_for_check\Q140__Q140_cd_54426_104.087312568_30.6426199268.jpg,6dcf2193d6eec59cc1293dd93b1e786e6a6b2bb6610f482a4d7aabd75befbc3f,Q140__cd_54426_104.0873126_30.64261993.jpg,D:\StreetView_Project\03_Output\clip_knn\questionnaire_sample_k25_500_added_200\08D_spatial_visual_proximity_check_run_20260728_143220\01_preliminary_flat_500\Q140__cd_54426_104.0873126_30.64261993.jpg,Q140__cd_54426_104.0873126_30.64261993.jpg,D:\StreetView_Project\03_Output\clip_knn\questionnaire_sample_k25_500_added_200\08F_final500_freeze_run_20260728_145702\01_final_flat_500\Q140__cd_54426_104.0873126_30.64261993.jpg,frozen_08F,D:\StreetView_Project\03_Output\clip_knn\questionnaire_sample_k25_500_added_200\08D_spatial_visual_proximity_check_run_20260728_143220
Q141,existing_300,CD_49995,chengdu,104.0609725,30.60588696,202003,cd_49995_104.060972528_30.6058869601.jpg,D:\StreetView_Project\01_Data\Street_Images\chengdu\cd_streetview\cd_49995_104.060972528_30.6058869601.jpg,22,0.272738516330719,edge,重庆高层主干路/山地城市道路,Q141__cd_49995_104.0609725_30.60588696.jpg,D:\StreetView_Project\03_Output\clip_knn\questionnaire_sample_k25_500_added_200\08F_final500_freeze_run_20260728_145702\01_final_flat_500\Q141__cd_49995_104.0609725_30.60588696.jpg,CD_49995,False,False,not_applicable_existing_300,Q141__Q141_cd_49995_104.060972528_30.6058869601.jpg,D:\StreetView_Project\03_Output\clip_knn\questionnaire_sample_k25_300\02_images_main\_final_flat_300_for_check\Q141__Q141_cd_49995_104.060972528_30.6058869601.jpg,,202003,cd_49995_104.060972528_30.6058869601.jpg,D:\StreetView_Project\01_Data\Street_Images\chengdu\cd_streetview\cd_49995_104.060972528_30.6058869601.jpg,D:\StreetView_Project\01_Data\Street_Images\chengdu\cd_streetview\cd_49995_104.060972528_30.6058869601.jpg,0.272738516330719,D:\StreetView_Project\03_Output\clip_knn\questionnaire_sample_k25_300\02_images_main\_final_flat_300_for_check\Q141__Q141_cd_49995_104.060972528_30.6058869601.jpg,5e38a905ea69f27fd6f5bb762fc406c8ad9f1ed24352bb48f630ce58aeb2527e,Q141__cd_49995_104.0609725_30.60588696.jpg,D:\StreetView_Project\03_Output\clip_knn\questionnaire_sample_k25_500_added_200\08D_spatial_visual_proximity_check_run_20260728_143220\01_preliminary_flat_500\Q141__cd_49995_104.0609725_30.60588696.jpg,Q141__cd_49995_104.0609725_30.60588696.jpg,D:\StreetView_Project\03_Output\clip_knn\questionnaire_sample_k25_500_added_200\08F_final500_freeze_run_20260728_145702\01_final_flat_500\Q141__cd_49995_104.0609725_30.60588696.jpg,frozen_08F,D:\StreetView_Project\03_Output\clip_knn\questionnaire_sample_k25_500_added_200\08D_spatial_visual_proximity_check_run_20260728_143220
Q142,existing_300,CD_33758,chengdu,104.0579185,30.67154379,202005,cd_33758_104.057918497_30.671543794.jpg,D:\StreetView_Project\01_Data\Street_Images\chengdu\cd_streetview\cd_33758_104.057918497_30.671543794.jpg,23,0.2346433401107788,center,重庆高密居住道路/坡地街区,Q142__cd_33758_104.0579185_30.67154379.jpg,D:\StreetView_Project\03_Output\clip_knn\questionnaire_sample_k25_500_added_200\08F_final500_freeze_run_20260728_145702\01_final_flat_500\Q142__cd_33758_104.0579185_30.67154379.jpg,CD_33758,False,False,not_applicable_existing_300,Q142__Q142_cd_33758_104.057918497_30.671543794.jpg,D:\StreetView_Project\03_Output\clip_knn\questionnaire_sample_k25_300\02_images_main\_final_flat_300_for_check\Q142__Q142_cd_33758_104.057918497_30.671543794.jpg,,202005,cd_33758_104.057918497_30.671543794.jpg,D:\StreetView_Project\01_Data\Street_Images\chengdu\cd_streetview\cd_33758_104.057918497_30.671543794.jpg,D:\StreetView_Project\01_Data\Street_Images\chengdu\cd_streetview\cd_33758_104.057918497_30.671543794.jpg,0.2346433401107788,D:\StreetView_Project\03_Output\clip_knn\questionnaire_sample_k25_300\02_images_main\_final_flat_300_for_check\Q142__Q142_cd_33758_104.057918497_30.671543794.jpg,de8fc6c6a24dd654488cecc9a79f3939804269c15059ab9796c8c399d268618a,Q142__cd_33758_104.0579185_30.67154379.jpg,D:\StreetView_Project\03_Output\clip_knn\questionnaire_sample_k25_500_added_200\08D_spatial_visual_proximity_check_run_20260728_143220\01_preliminary_flat_500\Q142__cd_33758_104.0579185_30.67154379.jpg,Q142__cd_33758_104.0579185_30.67154379.jpg,D:\StreetView_Project\03_Output\clip_knn\questionnaire_sample_k25_500_added_200\08F_final500_freeze_run_20260728_145702\01_final_flat_500\Q142__cd_33758_104.0579185_30.67154379.jpg,frozen_08F,D:\StreetView_Project\03_Output\clip_knn\questionnaire_sample_k25_500_added_200\08D_spatial_visual_proximity_check_run_20260728_143220
Q143,existing_300,CD_51913,chengdu,104.0748575,30.61495486,202005,cd_51913_104.074857502_30.6149548575.jpg,D:\StreetView_Project\01_Data\Street_Images\chengdu\cd_streetview\cd_51913_104.074857502_30.6149548575.jpg,23,0.2511713802814484,center,重庆高密居住道路/坡地街区,Q143__cd_51913_104.0748575_30.61495486.jpg,D:\StreetView_Project\03_Output\clip_knn\questionnaire_sample_k25_500_added_200\08F_final500_freeze_run_20260728_145702\01_final_flat_500\Q143__cd_51913_104.0748575_30.61495486.jpg,CD_51913,False,False,not_applicable_existing_300,Q143__Q143_cd_51913_104.074857502_30.6149548575.jpg,D:\StreetView_Project\03_Output\clip_knn\questionnaire_sample_k25_300\02_images_main\_final_flat_300_for_check\Q143__Q143_cd_51913_104.074857502_30.6149548575.jpg,,202005,cd_51913_104.074857502_30.6149548575.jpg,D:\StreetView_Project\01_Data\Street_Images\chengdu\cd_streetview\cd_51913_104.074857502_30.6149548575.jpg,D:\StreetView_Project\01_Data\Street_Images\chengdu\cd_streetview\cd_51913_104.074857502_30.6149548575.jpg,0.2511713802814484,D:\StreetView_Project\03_Output\clip_knn\questionnaire_sample_k25_300\02_images_main\_final_flat_300_for_check\Q143__Q143_cd_51913_104.074857502_30.6149548575.jpg,24742f0974af9a022b8869ce510ac438cebd711b4c8b2624f160071319dbd857,Q143__cd_51913_104.0748575_30.61495486.jpg,D:\StreetView_Project\03_Output\clip_knn\questionnaire_sample_k25_500_added_200\08D_spatial_visual_proximity_check_run_20260728_143220\01_preliminary_flat_500\Q143__cd_51913_104.0748575_30.61495486.jpg,Q143__cd_51913_104.0748575_30.61495486.jpg,D:\StreetView_Project\03_Output\clip_knn\questionnaire_sample_k25_500_added_200\08F_final500_freeze_run_20260728_145702\01_final_flat_500\Q143__cd_51913_104.0748575_30.61495486.jpg,frozen_08F,D:\StreetView_Project\03_Output\clip_knn\questionnaire_sample_k25_500_added_200\08D_spatial_visual_proximity_check_run_20260728_143220
Q144,existing_300,CD_415899,chengdu,104.047182,30.69368718,202003,cd_415899_104.047182009_30.6936871849.jpg,D:\StreetView_Project\01_Data\Street_Images\chengdu\cd_streetview\cd_415899_104.047182009_30.6936871849.jpg,23,0.2412887066602707,center,重庆高密居住道路/坡地街区,Q144__cd_415899_104.047182_30.69368718.jpg,D:\StreetView_Project\03_Output\clip_knn\questionnaire_sample_k25_500_added_200\08F_final500_freeze_run_20260728_145702\01_final_flat_500\Q144__cd_415899_104.047182_30.69368718.jpg,CD_415899,False,False,not_applicable_existing_300,Q144__Q144_cd_415899_104.047182009_30.6936871849.jpg,D:\StreetView_Project\03_Output\clip_knn\questionnaire_sample_k25_300\02_images_main\_final_flat_300_for_check\Q144__Q144_cd_415899_104.047182009_30.6936871849.jpg,,202003,cd_415899_104.047182009_30.6936871849.jpg,D:\StreetView_Project\01_Data\Street_Images\chengdu\cd_streetview\cd_415899_104.047182009_30.6936871849.jpg,D:\StreetView_Project\01_Data\Street_Images\chengdu\cd_streetview\cd_415899_104.047182009_30.6936871849.jpg,0.2412887066602707,D:\StreetView_Project\03_Output\clip_knn\questionnaire_sample_k25_300\02_images_main\_final_flat_300_for_check\Q144__Q144_cd_415899_104.047182009_30.6936871849.jpg,55ebd073ea386d21a0176d7b47da9bf00e829b4dab4a3454b6b33eb13a37ec2a,Q144__cd_415899_104.047182_30.69368718.jpg,D:\StreetView_Project\03_Output\clip_knn\questionnaire_sample_k25_500_added_200\08D_spatial_visual_proximity_check_run_20260728_143220\01_preliminary_flat_500\Q144__cd_415899_104.047182_30.69368718.jpg,Q144__cd_415899_104.047182_30.69368718.jpg,D:\StreetView_Project\03_Output\clip_knn\questionnaire_sample_k25_500_added_200\08F_final500_freeze_run_20260728_145702\01_final_flat_500\Q144__cd_415899_104.047182_30.69368718.jpg,frozen_08F,D:\StreetView_Project\03_Output\clip_knn\questionnaire_sample_k25_500_added_200\08D_spatial_visual_proximity_check_run_20260728_143220
Q145,existing_300,CD_50591,chengdu,104.0753906,30.60710123,202005,cd_50591_104.075390569_30.6071012312.jpg,D:\StreetView_Project\01_Data\Street_Images\chengdu\cd_streetview\cd_50591_104.075390569_30.6071012312.jpg,23,0.2678491175174713,middle,重庆高密居住道路/坡地街区,Q145__cd_50591_104.0753906_30.60710123.jpg,D:\StreetView_Project\03_Output\clip_knn\questionnaire_sample_k25_500_added_200\08F_final500_freeze_run_20260728_145702\01_final_flat_500\Q145__cd_50591_104.0753906_30.60710123.jpg,CD_50591,False,False,not_applicable_existing_300,Q145__Q145_cd_50591_104.075390569_30.6071012312.jpg,D:\StreetView_Project\03_Output\clip_knn\questionnaire_sample_k25_300\02_images_main\_final_flat_300_for_check\Q145__Q145_cd_50591_104.075390569_30.6071012312.jpg,,202005,cd_50591_104.075390569_30.6071012312.jpg,D:\StreetView_Project\01_Data\Street_Images\chengdu\cd_streetview\cd_50591_104.075390569_30.6071012312.jpg,D:\StreetView_Project\01_Data\Street_Images\chengdu\cd_streetview\cd_50591_104.075390569_30.6071012312.jpg,0.2678491175174713,D:\StreetView_Project\03_Output\clip_knn\questionnaire_sample_k25_300\02_images_main\_final_flat_300_for_check\Q145__Q145_cd_50591_104.075390569_30.6071012312.jpg,60a0bdee7f4409183ddcba71e3880b4342873d765457e3c8419f274d60a90bef,Q145__cd_50591_104.0753906_30.60710123.jpg,D:\StreetView_Project\03_Output\clip_knn\questionnaire_sample_k25_500_added_200\08D_spatial_visual_proximity_check_run_20260728_143220\01_preliminary_flat_500\Q145__cd_50591_104.0753906_30.60710123.jpg,Q145__cd_50591_104.0753906_30.60710123.jpg,D:\StreetView_Project\03_Output\clip_knn\questionnaire_sample_k25_500_added_200\08F_final500_freeze_run_20260728_145702\01_final_flat_500\Q145__cd_50591_104.0753906_30.60710123.jpg,frozen_08F,D:\StreetView_Project\03_Output\clip_knn\questionnaire_sample_k25_500_added_200\08D_spatial_visual_proximity_check_run_20260728_143220
Q146,existing_300,CD_33089,chengdu,104.1188932,30.71369913,201903,cd_33089_104.118893223_30.7136991348.jpg,D:\StreetView_Project\01_Data\Street_Images\chengdu\cd_streetview\cd_33089_104.118893223_30.7136991348.jpg,24,0.2683013379573822,middle,开敞公园化/滨水式道路,Q146__cd_33089_104.1188932_30.71369913.jpg,D:\StreetView_Project\03_Output\clip_knn\questionnaire_sample_k25_500_added_200\08F_final500_freeze_run_20260728_145702\01_final_flat_500\Q146__cd_33089_104.1188932_30.71369913.jpg,CD_33089,False,False,not_applicable_existing_300,Q146__Q146_cd_33089_104.118893223_30.7136991348.jpg,D:\StreetView_Project\03_Output\clip_knn\questionnaire_sample_k25_300\02_images_main\_final_flat_300_for_check\Q146__Q146_cd_33089_104.118893223_30.7136991348.jpg,,201903,cd_33089_104.118893223_30.7136991348.jpg,D:\StreetView_Project\01_Data\Street_Images\chengdu\cd_streetview\cd_33089_104.118893223_30.7136991348.jpg,D:\StreetView_Project\01_Data\Street_Images\chengdu\cd_streetview\cd_33089_104.118893223_30.7136991348.jpg,0.2683013379573822,D:\StreetView_Project\03_Output\clip_knn\questionnaire_sample_k25_300\02_images_main\_final_flat_300_for_check\Q146__Q146_cd_33089_104.118893223_30.7136991348.jpg,7b9a271acf6b5ffe227cf9628c920039a6a890577ecca752cda8f136abfafecc,Q146__cd_33089_104.1188932_30.71369913.jpg,D:\StreetView_Project\03_Output\clip_knn\questionnaire_sample_k25_500_added_200\08D_spatial_visual_proximity_check_run_20260728_143220\01_preliminary_flat_500\Q146__cd_33089_104.1188932_30.71369913.jpg,Q146__cd_33089_104.1188932_30.71369913.jpg,D:\StreetView_Project\03_Output\clip_knn\questionnaire_sample_k25_500_added_200\08F_final500_freeze_run_20260728_145702\01_final_flat_500\Q146__cd_33089_104.1188932_30.71369913.jpg,frozen_08F,D:\StreetView_Project\03_Output\clip_knn\questionnaire_sample_k25_500_added_200\08D_spatial_visual_proximity_check_run_20260728_143220
Q147,existing_300,CD_411845,chengdu,104.0948772,30.70170568,201903,cd_411845_104.094877174_30.7017056757.jpg,D:\StreetView_Project\01_Data\Street_Images\chengdu\cd_streetview\cd_411845_104.094877174_30.7017056757.jpg,24,0.2241606265306473,center,开敞公园化/滨水式道路,Q147__cd_411845_104.0948772_30.70170568.jpg,D:\StreetView_Project\03_Output\clip_knn\questionnaire_sample_k25_500_added_200\08F_final500_freeze_run_20260728_145702\01_final_flat_500\Q147__cd_411845_104.0948772_30.70170568.jpg,CD_411845,False,False,not_applicable_existing_300,Q147__Q147_cd_411845_104.094877174_30.7017056757.jpg,D:\StreetView_Project\03_Output\clip_knn\questionnaire_sample_k25_300\02_images_main\_final_flat_300_for_check\Q147__Q147_cd_411845_104.094877174_30.7017056757.jpg,,201903,cd_411845_104.094877174_30.7017056757.jpg,D:\StreetView_Project\01_Data\Street_Images\chengdu\cd_streetview\cd_411845_104.094877174_30.7017056757.jpg,D:\StreetView_Project\01_Data\Street_Images\chengdu\cd_streetview\cd_411845_104.094877174_30.7017056757.jpg,0.2241606265306473,D:\StreetView_Project\03_Output\clip_knn\questionnaire_sample_k25_300\02_images_main\_final_flat_300_for_check\Q147__Q147_cd_411845_104.094877174_30.7017056757.jpg,ee60a5ca12c294b57def031e47c8b9ec1df0502f68e4d68b2e548e93414f5a4a,Q147__cd_411845_104.0948772_30.70170568.jpg,D:\StreetView_Project\03_Output\clip_knn\questionnaire_sample_k25_500_added_200\08D_spatial_visual_proximity_check_run_20260728_143220\01_preliminary_flat_500\Q147__cd_411845_104.0948772_30.70170568.jpg,Q147__cd_411845_104.0948772_30.70170568.jpg,D:\StreetView_Project\03_Output\clip_knn\questionnaire_sample_k25_500_added_200\08F_final500_freeze_run_20260728_145702\01_final_flat_500\Q147__cd_411845_104.0948772_30.70170568.jpg,frozen_08F,D:\StreetView_Project\03_Output\clip_knn\questionnaire_sample_k25_500_added_200\08D_spatial_visual_proximity_check_run_20260728_143220
Q148,existing_300,CD_36662,chengdu,104.0085017,30.69824311,202005,cd_36662_104.008501666_30.6982431057.jpg,D:\StreetView_Project\01_Data\Street_Images\chengdu\cd_streetview\cd_36662_104.008501666_30.6982431057.jpg,24,0.2181318700313568,center,开敞公园化/滨水式道路,Q148__cd_36662_104.0085017_30.69824311.jpg,D:\StreetView_Project\03_Output\clip_knn\questionnaire_sample_k25_500_added_200\08F_final500_freeze_run_20260728_145702\01_final_flat_500\Q148__cd_36662_104.0085017_30.69824311.jpg,CD_36662,False,False,not_applicable_existing_300,Q148__Q148_cd_36662_104.008501666_30.6982431057.jpg,D:\StreetView_Project\03_Output\clip_knn\questionnaire_sample_k25_300\02_images_main\_final_flat_300_for_check\Q148__Q148_cd_36662_104.008501666_30.6982431057.jpg,,202005,cd_36662_104.008501666_30.6982431057.jpg,D:\StreetView_Project\01_Data\Street_Images\chengdu\cd_streetview\cd_36662_104.008501666_30.6982431057.jpg,D:\StreetView_Project\01_Data\Street_Images\chengdu\cd_streetview\cd_36662_104.008501666_30.6982431057.jpg,0.2181318700313568,D:\StreetView_Project\03_Output\clip_knn\questionnaire_sample_k25_300\02_images_main\_final_flat_300_for_check\Q148__Q148_cd_36662_104.008501666_30.6982431057.jpg,666f2df84d3bcab308cf50811177e190745abe409e1f709790c0b27a9a7d00af,Q148__cd_36662_104.0085017_30.69824311.jpg,D:\StreetView_Project\03_Output\clip_knn\questionnaire_sample_k25_500_added_200\08D_spatial_visual_proximity_check_run_20260728_143220\01_preliminary_flat_500\Q148__cd_36662_104.0085017_30.69824311.jpg,Q148__cd_36662_104.0085017_30.69824311.jpg,D:\StreetView_Project\03_Output\clip_knn\questionnaire_sample_k25_500_added_200\08F_final500_freeze_run_20260728_145702\01_final_flat_500\Q148__cd_36662_104.0085017_30.69824311.jpg,frozen_08F,D:\StreetView_Project\03_Output\clip_knn\questionnaire_sample_k25_500_added_200\08D_spatial_visual_proximity_check_run_20260728_143220
Q149,existing_300,CD_413206,chengdu,104.0746606,30.7219459,201903,cd_413206_104.074660556_30.7219458978.jpg,D:\StreetView_Project\01_Data\Street_Images\chengdu\cd_streetview\cd_413206_104.074660556_30.7219458978.jpg,24,0.2892107367515564,middle,开敞公园化/滨水式道路,Q149__cd_413206_104.0746606_30.7219459.jpg,D:\StreetView_Project\03_Output\clip_knn\questionnaire_sample_k25_500_added_200\08F_final500_freeze_run_20260728_145702\01_final_flat_500\Q149__cd_413206_104.0746606_30.7219459.jpg,CD_413206,False,False,not_applicable_existing_300,Q149__Q149_cd_413206_104.074660556_30.7219458978.jpg,D:\StreetView_Project\03_Output\clip_knn\questionnaire_sample_k25_300\02_images_main\_final_flat_300_for_check\Q149__Q149_cd_413206_104.074660556_30.7219458978.jpg,,201903,cd_413206_104.074660556_30.7219458978.jpg,D:\StreetView_Project\01_Data\Street_Images\chengdu\cd_streetview\cd_413206_104.074660556_30.7219458978.jpg,D:\StreetView_Project\01_Data\Street_Images\chengdu\cd_streetview\cd_413206_104.074660556_30.7219458978.jpg,0.2892107367515564,D:\StreetView_Project\03_Output\clip_knn\questionnaire_sample_k25_300\02_images_main\_final_flat_300_for_check\Q149__Q149_cd_413206_104.074660556_30.7219458978.jpg,f420445616746d47060e500f305ac66823c810e7091fb3844c37bab0a8082b3b,Q149__cd_413206_104.0746606_30.7219459.jpg,D:\StreetView_Project\03_Output\clip_knn\questionnaire_sample_k25_500_added_200\08D_spatial_visual_proximity_check_run_20260728_143220\01_preliminary_flat_500\Q149__cd_413206_104.0746606_30.7219459.jpg,Q149__cd_413206_104.0746606_30.7219459.jpg,D:\StreetView_Project\03_Output\clip_knn\questionnaire_sample_k25_500_added_200\08F_final500_freeze_run_20260728_145702\01_final_flat_500\Q149__cd_413206_104.0746606_30.7219459.jpg,frozen_08F,D:\StreetView_Project\03_Output\clip_knn\questionnaire_sample_k25_500_added_200\08D_spatial_visual_proximity_check_run_20260728_143220
Q150,existing_300,CD_33046,chengdu,104.1075498,30.71131732,201903,cd_33046_104.107549761_30.7113173183.jpg,D:\StreetView_Project\01_Data\Street_Images\chengdu\cd_streetview\cd_33046_104.107549761_30.7113173183.jpg,24,0.2987240254878998,edge,开敞公园化/滨水式道路,Q150__cd_33046_104.1075498_30.71131732.jpg,D:\StreetView_Project\03_Output\clip_knn\questionnaire_sample_k25_500_added_200\08F_final500_freeze_run_20260728_145702\01_final_flat_500\Q150__cd_33046_104.1075498_30.71131732.jpg,CD_33046,False,False,not_applicable_existing_300,Q150__Q150_cd_33046_104.107549761_30.7113173183.jpg,D:\StreetView_Project\03_Output\clip_knn\questionnaire_sample_k25_300\02_images_main\_final_flat_300_for_check\Q150__Q150_cd_33046_104.107549761_30.7113173183.jpg,,201903,cd_33046_104.107549761_30.7113173183.jpg,D:\StreetView_Project\01_Data\Street_Images\chengdu\cd_streetview\cd_33046_104.107549761_30.7113173183.jpg,D:\StreetView_Project\01_Data\Street_Images\chengdu\cd_streetview\cd_33046_104.107549761_30.7113173183.jpg,0.2987240254878998,D:\StreetView_Project\03_Output\clip_knn\questionnaire_sample_k25_300\02_images_main\_final_flat_300_for_check\Q150__Q150_cd_33046_104.107549761_30.7113173183.jpg,cbf0b9de3097055af600885d26d2965a753a8e4be2b6902dd1d0367e2444c7ca,Q150__cd_33046_104.1075498_30.71131732.jpg,D:\StreetView_Project\03_Output\clip_knn\questionnaire_sample_k25_500_added_200\08D_spatial_visual_proximity_check_run_20260728_143220\01_preliminary_flat_500\Q150__cd_33046_104.1075498_30.71131732.jpg,Q150__cd_33046_104.1075498_30.71131732.jpg,D:\StreetView_Project\03_Output\clip_knn\questionnaire_sample_k25_500_added_200\08F_final500_freeze_run_20260728_145702\01_final_flat_500\Q150__cd_33046_104.1075498_30.71131732.jpg,frozen_08F,D:\StreetView_Project\03_Output\clip_knn\questionnaire_sample_k25_500_added_200\08D_spatial_visual_proximity_check_run_20260728_143220
Q151,existing_300,CQ_673121,chongqing,106.513836,29.502859,202210,cq_673121_106.513836_29.502859.jpg,D:\StreetView_Project\01_Data\Street_Images\chongqing\cq_streetview\cq_673121_106.513836_29.502859.jpg,0,0.2117951363325119,center,开敞混合主干路/绿化背景道路,Q151__cq_673121_106.513836_29.502859.jpg,D:\StreetView_Project\03_Output\clip_knn\questionnaire_sample_k25_500_added_200\08F_final500_freeze_run_20260728_145702\01_final_flat_500\Q151__cq_673121_106.513836_29.502859.jpg,CQ_673121,False,False,not_applicable_existing_300,Q151__Q151_cq_673121_106.513836_29.502859.jpg,D:\StreetView_Project\03_Output\clip_knn\questionnaire_sample_k25_300\02_images_main\_final_flat_300_for_check\Q151__Q151_cq_673121_106.513836_29.502859.jpg,,202210,cq_673121_106.513836_29.502859.jpg,D:\StreetView_Project\01_Data\Street_Images\chongqing\cq_streetview\cq_673121_106.513836_29.502859.jpg,D:\StreetView_Project\01_Data\Street_Images\chongqing\cq_streetview\cq_673121_106.513836_29.502859.jpg,0.2117951363325119,D:\StreetView_Project\03_Output\clip_knn\questionnaire_sample_k25_300\02_images_main\_final_flat_300_for_check\Q151__Q151_cq_673121_106.513836_29.502859.jpg,f2bd9b84f28988869eeae18718e90610d3202e40edb6d41c5be289cd314500dc,Q151__cq_673121_106.513836_29.502859.jpg,D:\StreetView_Project\03_Output\clip_knn\questionnaire_sample_k25_500_added_200\08D_spatial_visual_proximity_check_run_20260728_143220\01_preliminary_flat_500\Q151__cq_673121_106.513836_29.502859.jpg,Q151__cq_673121_106.513836_29.502859.jpg,D:\StreetView_Project\03_Output\clip_knn\questionnaire_sample_k25_500_added_200\08F_final500_freeze_run_20260728_145702\01_final_flat_500\Q151__cq_673121_106.513836_29.502859.jpg,frozen_08F,D:\StreetView_Project\03_Output\clip_knn\questionnaire_sample_k25_500_added_200\08D_spatial_visual_proximity_check_run_20260728_143220
Q152,existing_300,CQ_677050,chongqing,106.516756,29.580284,202210,cq_677050_106.516756_29.580284.jpg,D:\StreetView_Project\01_Data\Street_Images\chongqing\cq_streetview\cq_677050_106.516756_29.580284.jpg,0,0.2484277784824371,middle,开敞混合主干路/绿化背景道路,Q152__cq_677050_106.516756_29.580284.jpg,D:\StreetView_Project\03_Output\clip_knn\questionnaire_sample_k25_500_added_200\08F_final500_freeze_run_20260728_145702\01_final_flat_500\Q152__cq_677050_106.516756_29.580284.jpg,CQ_677050,False,False,not_applicable_existing_300,Q152__Q152_cq_677050_106.516756_29.580284.jpg,D:\StreetView_Project\03_Output\clip_knn\questionnaire_sample_k25_300\02_images_main\_final_flat_300_for_check\Q152__Q152_cq_677050_106.516756_29.580284.jpg,,202210,cq_677050_106.516756_29.580284.jpg,D:\StreetView_Project\01_Data\Street_Images\chongqing\cq_streetview\cq_677050_106.516756_29.580284.jpg,D:\StreetView_Project\01_Data\Street_Images\chongqing\cq_streetview\cq_677050_106.516756_29.580284.jpg,0.2484277784824371,D:\StreetView_Project\03_Output\clip_knn\questionnaire_sample_k25_300\02_images_main\_final_flat_300_for_check\Q152__Q152_cq_677050_106.516756_29.580284.jpg,3f451b322e27f90b1b9afe761ce01cf3ba10ab19a30764425ccf3d6c724a82db,Q152__cq_677050_106.516756_29.580284.jpg,D:\StreetView_Project\03_Output\clip_knn\questionnaire_sample_k25_500_added_200\08D_spatial_visual_proximity_check_run_20260728_143220\01_preliminary_flat_500\Q152__cq_677050_106.516756_29.580284.jpg,Q152__cq_677050_106.516756_29.580284.jpg,D:\StreetView_Project\03_Output\clip_knn\questionnaire_sample_k25_500_added_200\08F_final500_freeze_run_20260728_145702\01_final_flat_500\Q152__cq_677050_106.516756_29.580284.jpg,frozen_08F,D:\StreetView_Project\03_Output\clip_knn\questionnaire_sample_k25_500_added_200\08D_spatial_visual_proximity_check_run_20260728_143220
Q153,existing_300,CQ_3307560,chongqing,106.486728,29.596466,201907,cq_3307560_106.486728_29.596466.jpg,D:\StreetView_Project\01_Data\Street_Images\chongqing\cq_streetview\cq_3307560_106.486728_29.596466.jpg,0,0.2232847362756729,center,开敞混合主干路/绿化背景道路,Q153__cq_3307560_106.486728_29.596466.jpg,D:\StreetView_Project\03_Output\clip_knn\questionnaire_sample_k25_500_added_200\08F_final500_freeze_run_20260728_145702\01_final_flat_500\Q153__cq_3307560_106.486728_29.596466.jpg,CQ_3307560,False,False,not_applicable_existing_300,Q153__Q153_cq_3307560_106.486728_29.596466.jpg,D:\StreetView_Project\03_Output\clip_knn\questionnaire_sample_k25_300\02_images_main\_final_flat_300_for_check\Q153__Q153_cq_3307560_106.486728_29.596466.jpg,,201907,cq_3307560_106.486728_29.596466.jpg,D:\StreetView_Project\01_Data\Street_Images\chongqing\cq_streetview\cq_3307560_106.486728_29.596466.jpg,D:\StreetView_Project\01_Data\Street_Images\chongqing\cq_streetview\cq_3307560_106.486728_29.596466.jpg,0.2232847362756729,D:\StreetView_Project\03_Output\clip_knn\questionnaire_sample_k25_300\02_images_main\_final_flat_300_for_check\Q153__Q153_cq_3307560_106.486728_29.596466.jpg,ba887c230bb9f097c1d0667f84e8c14a7a371f144afe059d81cb2f57a7a06d19,Q153__cq_3307560_106.486728_29.596466.jpg,D:\StreetView_Project\03_Output\clip_knn\questionnaire_sample_k25_500_added_200\08D_spatial_visual_proximity_check_run_20260728_143220\01_preliminary_flat_500\Q153__cq_3307560_106.486728_29.596466.jpg,Q153__cq_3307560_106.486728_29.596466.jpg,D:\StreetView_Project\03_Output\clip_knn\questionnaire_sample_k25_500_added_200\08F_final500_freeze_run_20260728_145702\01_final_flat_500\Q153__cq_3307560_106.486728_29.596466.jpg,frozen_08F,D:\StreetView_Project\03_Output\clip_knn\questionnaire_sample_k25_500_added_200\08D_spatial_visual_proximity_check_run_20260728_143220
Q154,existing_300,CQ_604294,chongqing,106.453325,29.518473,201907,cq_604294_106.453325_29.518473.jpg,D:\StreetView_Project\01_Data\Street_Images\chongqing\cq_streetview\cq_604294_106.453325_29.518473.jpg,0,0.3193909823894501,edge,开敞混合主干路/绿化背景道路,Q154__cq_604294_106.453325_29.518473.jpg,D:\StreetView_Project\03_Output\clip_knn\questionnaire_sample_k25_500_added_200\08F_final500_freeze_run_20260728_145702\01_final_flat_500\Q154__cq_604294_106.453325_29.518473.jpg,CQ_604294,False,False,not_applicable_existing_300,Q154__Q154_cq_604294_106.453325_29.518473.jpg,D:\StreetView_Project\03_Output\clip_knn\questionnaire_sample_k25_300\02_images_main\_final_flat_300_for_check\Q154__Q154_cq_604294_106.453325_29.518473.jpg,,201907,cq_604294_106.453325_29.518473.jpg,D:\StreetView_Project\01_Data\Street_Images\chongqing\cq_streetview\cq_604294_106.453325_29.518473.jpg,D:\StreetView_Project\01_Data\Street_Images\chongqing\cq_streetview\cq_604294_106.453325_29.518473.jpg,0.3193909823894501,D:\StreetView_Project\03_Output\clip_knn\questionnaire_sample_k25_300\02_images_main\_final_flat_300_for_check\Q154__Q154_cq_604294_106.453325_29.518473.jpg,f5f5bc8a9787c0a97dc1ec68818a6da7a4b7ce27eeaa8942151695fc7d7134c6,Q154__cq_604294_106.453325_29.518473.jpg,D:\StreetView_Project\03_Output\clip_knn\questionnaire_sample_k25_500_added_200\08D_spatial_visual_proximity_check_run_20260728_143220\01_preliminary_flat_500\Q154__cq_604294_106.453325_29.518473.jpg,Q154__cq_604294_106.453325_29.518473.jpg,D:\StreetView_Project\03_Output\clip_knn\questionnaire_sample_k25_500_added_200\08F_final500_freeze_run_20260728_145702\01_final_flat_500\Q154__cq_604294_106.453325_29.518473.jpg,frozen_08F,D:\StreetView_Project\03_Output\clip_knn\questionnaire_sample_k25_500_added_200\08D_spatial_visual_proximity_check_run_20260728_143220
Q155,existing_300,CQ_2436449,chongqing,106.550457,29.501851,201710,cq_2436449_106.550457_29.501851.jpg,D:\StreetView_Project\01_Data\Street_Images\chongqing\cq_streetview\cq_2436449_106.550457_29.501851.jpg,0,0.2640696167945862,middle,开敞混合主干路/绿化背景道路,Q155__cq_2436449_106.550457_29.501851.jpg,D:\StreetView_Project\03_Output\clip_knn\questionnaire_sample_k25_500_added_200\08F_final500_freeze_run_20260728_145702\01_final_flat_500\Q155__cq_2436449_106.550457_29.501851.jpg,CQ_2436449,False,False,not_applicable_existing_300,Q155__Q155_cq_2436449_106.550457_29.501851.jpg,D:\StreetView_Project\03_Output\clip_knn\questionnaire_sample_k25_300\02_images_main\_final_flat_300_for_check\Q155__Q155_cq_2436449_106.550457_29.501851.jpg,,201710,cq_2436449_106.550457_29.501851.jpg,D:\StreetView_Project\01_Data\Street_Images\chongqing\cq_streetview\cq_2436449_106.550457_29.501851.jpg,D:\StreetView_Project\01_Data\Street_Images\chongqing\cq_streetview\cq_2436449_106.550457_29.501851.jpg,0.2640696167945862,D:\StreetView_Project\03_Output\clip_knn\questionnaire_sample_k25_300\02_images_main\_final_flat_300_for_check\Q155__Q155_cq_2436449_106.550457_29.501851.jpg,4fd3b0ad84e26fe24cf5aa44723f67b4af4971fbebaa201390f8136de8edda74,Q155__cq_2436449_106.550457_29.501851.jpg,D:\StreetView_Project\03_Output\clip_knn\questionnaire_sample_k25_500_added_200\08D_spatial_visual_proximity_check_run_20260728_143220\01_preliminary_flat_500\Q155__cq_2436449_106.550457_29.501851.jpg,Q155__cq_2436449_106.550457_29.501851.jpg,D:\StreetView_Project\03_Output\clip_knn\questionnaire_sample_k25_500_added_200\08F_final500_freeze_run_20260728_145702\01_final_flat_500\Q155__cq_2436449_106.550457_29.501851.jpg,frozen_08F,D:\StreetView_Project\03_Output\clip_knn\questionnaire_sample_k25_500_added_200\08D_spatial_visual_proximity_check_run_20260728_143220
Q156,existing_300,CQ_3394645,chongqing,106.568598,29.48804,201907,cq_3394645_106.568598_29.488040.jpg,D:\StreetView_Project\01_Data\Street_Images\chongqing\cq_streetview\cq_3394645_106.568598_29.488040.jpg,0,0.3570500016212463,edge,开敞混合主干路/绿化背景道路,Q156__cq_3394645_106.568598_29.48804.jpg,D:\StreetView_Project\03_Output\clip_knn\questionnaire_sample_k25_500_added_200\08F_final500_freeze_run_20260728_145702\01_final_flat_500\Q156__cq_3394645_106.568598_29.48804.jpg,CQ_3394645,False,False,not_applicable_existing_300,Q156__Q156_cq_3394645_106.568598_29.488040.jpg,D:\StreetView_Project\03_Output\clip_knn\questionnaire_sample_k25_300\02_images_main\_final_flat_300_for_check\Q156__Q156_cq_3394645_106.568598_29.488040.jpg,,201907,cq_3394645_106.568598_29.488040.jpg,D:\StreetView_Project\01_Data\Street_Images\chongqing\cq_streetview\cq_3394645_106.568598_29.488040.jpg,D:\StreetView_Project\01_Data\Street_Images\chongqing\cq_streetview\cq_3394645_106.568598_29.488040.jpg,0.3570500016212463,D:\StreetView_Project\03_Output\clip_knn\questionnaire_sample_k25_300\02_images_main\_final_flat_300_for_check\Q156__Q156_cq_3394645_106.568598_29.488040.jpg,9431b5501d9fd42073d508867b9025cc03fa04a84e5a9d2fe21f85a94977e4b1,Q156__cq_3394645_106.568598_29.48804.jpg,D:\StreetView_Project\03_Output\clip_knn\questionnaire_sample_k25_500_added_200\08D_spatial_visual_proximity_check_run_20260728_143220\01_preliminary_flat_500\Q156__cq_3394645_106.568598_29.48804.jpg,Q156__cq_3394645_106.568598_29.48804.jpg,D:\StreetView_Project\03_Output\clip_knn\questionnaire_sample_k25_500_added_200\08F_final500_freeze_run_20260728_145702\01_final_flat_500\Q156__cq_3394645_106.568598_29.48804.jpg,frozen_08F,D:\StreetView_Project\03_Output\clip_knn\questionnaire_sample_k25_500_added_200\08D_spatial_visual_proximity_check_run_20260728_143220
Q157,existing_300,CQ_681395,chongqing,106.519933,29.596233,202210,cq_681395_106.519933_29.596233.jpg,D:\StreetView_Project\01_Data\Street_Images\chongqing\cq_streetview\cq_681395_106.519933_29.596233.jpg,1,0.2764109075069427,center,高架桥下/立交桥下遮蔽空间,Q157__cq_681395_106.519933_29.596233.jpg,D:\StreetView_Project\03_Output\clip_knn\questionnaire_sample_k25_500_added_200\08F_final500_freeze_run_20260728_145702\01_final_flat_500\Q157__cq_681395_106.519933_29.596233.jpg,CQ_681395,False,False,not_applicable_existing_300,Q157__Q157_cq_681395_106.519933_29.596233.jpg,D:\StreetView_Project\03_Output\clip_knn\questionnaire_sample_k25_300\02_images_main\_final_flat_300_for_check\Q157__Q157_cq_681395_106.519933_29.596233.jpg,,202210,cq_681395_106.519933_29.596233.jpg,D:\StreetView_Project\01_Data\Street_Images\chongqing\cq_streetview\cq_681395_106.519933_29.596233.jpg,D:\StreetView_Project\01_Data\Street_Images\chongqing\cq_streetview\cq_681395_106.519933_29.596233.jpg,0.2764109075069427,D:\StreetView_Project\03_Output\clip_knn\questionnaire_sample_k25_300\02_images_main\_final_flat_300_for_check\Q157__Q157_cq_681395_106.519933_29.596233.jpg,50bcf76f1ddd79cc1e31ec5b2711b83ba8e592e0f0c0583be8a335f0d275fc3d,Q157__cq_681395_106.519933_29.596233.jpg,D:\StreetView_Project\03_Output\clip_knn\questionnaire_sample_k25_500_added_200\08D_spatial_visual_proximity_check_run_20260728_143220\01_preliminary_flat_500\Q157__cq_681395_106.519933_29.596233.jpg,Q157__cq_681395_106.519933_29.596233.jpg,D:\StreetView_Project\03_Output\clip_knn\questionnaire_sample_k25_500_added_200\08F_final500_freeze_run_20260728_145702\01_final_flat_500\Q157__cq_681395_106.519933_29.596233.jpg,frozen_08F,D:\StreetView_Project\03_Output\clip_knn\questionnaire_sample_k25_500_added_200\08D_spatial_visual_proximity_check_run_20260728_143220
Q158,existing_300,CQ_2432667,chongqing,106.519462,29.529151,202210,cq_2432667_106.519462_29.529151.jpg,D:\StreetView_Project\01_Data\Street_Images\chongqing\cq_streetview\cq_2432667_106.519462_29.529151.jpg,1,0.2315807938575745,center,高架桥下/立交桥下遮蔽空间,Q158__cq_2432667_106.519462_29.529151.jpg,D:\StreetView_Project\03_Output\clip_knn\questionnaire_sample_k25_500_added_200\08F_final500_freeze_run_20260728_145702\01_final_flat_500\Q158__cq_2432667_106.519462_29.529151.jpg,CQ_2432667,False,False,not_applicable_existing_300,Q158__Q158_cq_2432667_106.519462_29.529151.jpg,D:\StreetView_Project\03_Output\clip_knn\questionnaire_sample_k25_300\02_images_main\_final_flat_300_for_check\Q158__Q158_cq_2432667_106.519462_29.529151.jpg,,202210,cq_2432667_106.519462_29.529151.jpg,D:\StreetView_Project\01_Data\Street_Images\chongqing\cq_streetview\cq_2432667_106.519462_29.529151.jpg,D:\StreetView_Project\01_Data\Street_Images\chongqing\cq_streetview\cq_2432667_106.519462_29.529151.jpg,0.2315807938575745,D:\StreetView_Project\03_Output\clip_knn\questionnaire_sample_k25_300\02_images_main\_final_flat_300_for_check\Q158__Q158_cq_2432667_106.519462_29.529151.jpg,ff5dc0ac806d1dd9ad08e093d9a5f6ac0f5a6bdf7085f82bc7bc1cb5845134eb,Q158__cq_2432667_106.519462_29.529151.jpg,D:\StreetView_Project\03_Output\clip_knn\questionnaire_sample_k25_500_added_200\08D_spatial_visual_proximity_check_run_20260728_143220\01_preliminary_flat_500\Q158__cq_2432667_106.519462_29.529151.jpg,Q158__cq_2432667_106.519462_29.529151.jpg,D:\StreetView_Project\03_Output\clip_knn\questionnaire_sample_k25_500_added_200\08F_final500_freeze_run_20260728_145702\01_final_flat_500\Q158__cq_2432667_106.519462_29.529151.jpg,frozen_08F,D:\StreetView_Project\03_Output\clip_knn\questionnaire_sample_k25_500_added_200\08D_spatial_visual_proximity_check_run_20260728_143220
Q159,existing_300,CQ_2423635,chongqing,106.473754,29.474413,201610,cq_2423635_106.473754_29.474413.jpg,D:\StreetView_Project\01_Data\Street_Images\chongqing\cq_streetview\cq_2423635_106.473754_29.474413.jpg,1,0.3105490505695343,middle,高架桥下/立交桥下遮蔽空间,Q159__cq_2423635_106.473754_29.474413.jpg,D:\StreetView_Project\03_Output\clip_knn\questionnaire_sample_k25_500_added_200\08F_final500_freeze_run_20260728_145702\01_final_flat_500\Q159__cq_2423635_106.473754_29.474413.jpg,CQ_2423635,False,False,not_applicable_existing_300,Q159__Q159_cq_2423635_106.473754_29.474413.jpg,D:\StreetView_Project\03_Output\clip_knn\questionnaire_sample_k25_300\02_images_main\_final_flat_300_for_check\Q159__Q159_cq_2423635_106.473754_29.474413.jpg,,201610,cq_2423635_106.473754_29.474413.jpg,D:\StreetView_Project\01_Data\Street_Images\chongqing\cq_streetview\cq_2423635_106.473754_29.474413.jpg,D:\StreetView_Project\01_Data\Street_Images\chongqing\cq_streetview\cq_2423635_106.473754_29.474413.jpg,0.3105490505695343,D:\StreetView_Project\03_Output\clip_knn\questionnaire_sample_k25_300\02_images_main\_final_flat_300_for_check\Q159__Q159_cq_2423635_106.473754_29.474413.jpg,51300cd228c8b064f4320576e19f6f5a864f897b3ebcbf68463882d2bf71edaf,Q159__cq_2423635_106.473754_29.474413.jpg,D:\StreetView_Project\03_Output\clip_knn\questionnaire_sample_k25_500_added_200\08D_spatial_visual_proximity_check_run_20260728_143220\01_preliminary_flat_500\Q159__cq_2423635_106.473754_29.474413.jpg,Q159__cq_2423635_106.473754_29.474413.jpg,D:\StreetView_Project\03_Output\clip_knn\questionnaire_sample_k25_500_added_200\08F_final500_freeze_run_20260728_145702\01_final_flat_500\Q159__cq_2423635_106.473754_29.474413.jpg,frozen_08F,D:\StreetView_Project\03_Output\clip_knn\questionnaire_sample_k25_500_added_200\08D_spatial_visual_proximity_check_run_20260728_143220
Q160,existing_300,CQ_717204,chongqing,106.559153,29.476584,202210,cq_717204_106.559153_29.476584.jpg,D:\StreetView_Project\01_Data\Street_Images\chongqing\cq_streetview\cq_717204_106.559153_29.476584.jpg,1,0.3121271133422852,edge,高架桥下/立交桥下遮蔽空间,Q160__cq_717204_106.559153_29.476584.jpg,D:\StreetView_Project\03_Output\clip_knn\questionnaire_sample_k25_500_added_200\08F_final500_freeze_run_20260728_145702\01_final_flat_500\Q160__cq_717204_106.559153_29.476584.jpg,CQ_717204,False,False,not_applicable_existing_300,Q160__Q160_cq_717204_106.559153_29.476584.jpg,D:\StreetView_Project\03_Output\clip_knn\questionnaire_sample_k25_300\02_images_main\_final_flat_300_for_check\Q160__Q160_cq_717204_106.559153_29.476584.jpg,,202210,cq_717204_106.559153_29.476584.jpg,D:\StreetView_Project\01_Data\Street_Images\chongqing\cq_streetview\cq_717204_106.559153_29.476584.jpg,D:\StreetView_Project\01_Data\Street_Images\chongqing\cq_streetview\cq_717204_106.559153_29.476584.jpg,0.3121271133422852,D:\StreetView_Project\03_Output\clip_knn\questionnaire_sample_k25_300\02_images_main\_final_flat_300_for_check\Q160__Q160_cq_717204_106.559153_29.476584.jpg,61560c0e866c36083c609e42e68ac67aea9bde6fdcd870c56165af65b75cccd0,Q160__cq_717204_106.559153_29.476584.jpg,D:\StreetView_Project\03_Output\clip_knn\questionnaire_sample_k25_500_added_200\08D_spatial_visual_proximity_check_run_20260728_143220\01_preliminary_flat_500\Q160__cq_717204_106.559153_29.476584.jpg,Q160__cq_717204_106.559153_29.476584.jpg,D:\StreetView_Project\03_Output\clip_knn\questionnaire_sample_k25_500_added_200\08F_final500_freeze_run_20260728_145702\01_final_flat_500\Q160__cq_717204_106.559153_29.476584.jpg,frozen_08F,D:\StreetView_Project\03_Output\clip_knn\questionnaire_sample_k25_500_added_200\08D_spatial_visual_proximity_check_run_20260728_143220
Q161,existing_300,CQ_659951,chongqing,106.499376,29.520677,201711,cq_659951_106.499376_29.520677.jpg,D:\StreetView_Project\01_Data\Street_Images\chongqing\cq_streetview\cq_659951_106.499376_29.520677.jpg,2,0.2014063000679016,center,重庆高密居住区街道,Q161__cq_659951_106.499376_29.520677.jpg,D:\StreetView_Project\03_Output\clip_knn\questionnaire_sample_k25_500_added_200\08F_final500_freeze_run_20260728_145702\01_final_flat_500\Q161__cq_659951_106.499376_29.520677.jpg,CQ_659951,False,False,not_applicable_existing_300,Q161__Q161_cq_659951_106.499376_29.520677.jpg,D:\StreetView_Project\03_Output\clip_knn\questionnaire_sample_k25_300\02_images_main\_final_flat_300_for_check\Q161__Q161_cq_659951_106.499376_29.520677.jpg,,201711,cq_659951_106.499376_29.520677.jpg,D:\StreetView_Project\01_Data\Street_Images\chongqing\cq_streetview\cq_659951_106.499376_29.520677.jpg,D:\StreetView_Project\01_Data\Street_Images\chongqing\cq_streetview\cq_659951_106.499376_29.520677.jpg,0.2014063000679016,D:\StreetView_Project\03_Output\clip_knn\questionnaire_sample_k25_300\02_images_main\_final_flat_300_for_check\Q161__Q161_cq_659951_106.499376_29.520677.jpg,6fc42d16a4fc7217a4de659be2d11d1f54d6f515a7426b47ca3ce464246c9f70,Q161__cq_659951_106.499376_29.520677.jpg,D:\StreetView_Project\03_Output\clip_knn\questionnaire_sample_k25_500_added_200\08D_spatial_visual_proximity_check_run_20260728_143220\01_preliminary_flat_500\Q161__cq_659951_106.499376_29.520677.jpg,Q161__cq_659951_106.499376_29.520677.jpg,D:\StreetView_Project\03_Output\clip_knn\questionnaire_sample_k25_500_added_200\08F_final500_freeze_run_20260728_145702\01_final_flat_500\Q161__cq_659951_106.499376_29.520677.jpg,frozen_08F,D:\StreetView_Project\03_Output\clip_knn\questionnaire_sample_k25_500_added_200\08D_spatial_visual_proximity_check_run_20260728_143220
Q162,existing_300,CQ_3175028,chongqing,106.498264,29.520379,202210,cq_3175028_106.498264_29.520379.jpg,D:\StreetView_Project\01_Data\Street_Images\chongqing\cq_streetview\cq_3175028_106.498264_29.520379.jpg,2,0.2290074080228806,center,重庆高密居住区街道,Q162__cq_3175028_106.498264_29.520379.jpg,D:\StreetView_Project\03_Output\clip_knn\questionnaire_sample_k25_500_added_200\08F_final500_freeze_run_20260728_145702\01_final_flat_500\Q162__cq_3175028_106.498264_29.520379.jpg,CQ_3175028,False,False,not_applicable_existing_300,Q162__Q162_cq_3175028_106.498264_29.520379.jpg,D:\StreetView_Project\03_Output\clip_knn\questionnaire_sample_k25_300\02_images_main\_final_flat_300_for_check\Q162__Q162_cq_3175028_106.498264_29.520379.jpg,,202210,cq_3175028_106.498264_29.520379.jpg,D:\StreetView_Project\01_Data\Street_Images\chongqing\cq_streetview\cq_3175028_106.498264_29.520379.jpg,D:\StreetView_Project\01_Data\Street_Images\chongqing\cq_streetview\cq_3175028_106.498264_29.520379.jpg,0.2290074080228806,D:\StreetView_Project\03_Output\clip_knn\questionnaire_sample_k25_300\02_images_main\_final_flat_300_for_check\Q162__Q162_cq_3175028_106.498264_29.520379.jpg,21398cd0e840a064e8bbfe2f94793a518f5060325cdaa80ee9716f8220a1d2bc,Q162__cq_3175028_106.498264_29.520379.jpg,D:\StreetView_Project\03_Output\clip_knn\questionnaire_sample_k25_500_added_200\08D_spatial_visual_proximity_check_run_20260728_143220\01_preliminary_flat_500\Q162__cq_3175028_106.498264_29.520379.jpg,Q162__cq_3175028_106.498264_29.520379.jpg,D:\StreetView_Project\03_Output\clip_knn\questionnaire_sample_k25_500_added_200\08F_final500_freeze_run_20260728_145702\01_final_flat_500\Q162__cq_3175028_106.498264_29.520379.jpg,frozen_08F,D:\StreetView_Project\03_Output\clip_knn\questionnaire_sample_k25_500_added_200\08D_spatial_visual_proximity_check_run_20260728_143220
Q163,existing_300,CQ_3304897,chongqing,106.520518,29.576565,201710,cq_3304897_106.520518_29.576565.jpg,D:\StreetView_Project\01_Data\Street_Images\chongqing\cq_streetview\cq_3304897_106.520518_29.576565.jpg,2,0.2407955080270767,center,重庆高密居住区街道,Q163__cq_3304897_106.520518_29.576565.jpg,D:\StreetView_Project\03_Output\clip_knn\questionnaire_sample_k25_500_added_200\08F_final500_freeze_run_20260728_145702\01_final_flat_500\Q163__cq_3304897_106.520518_29.576565.jpg,CQ_3304897,False,False,not_applicable_existing_300,Q163__Q163_cq_3304897_106.520518_29.576565.jpg,D:\StreetView_Project\03_Output\clip_knn\questionnaire_sample_k25_300\02_images_main\_final_flat_300_for_check\Q163__Q163_cq_3304897_106.520518_29.576565.jpg,,201710,cq_3304897_106.520518_29.576565.jpg,D:\StreetView_Project\01_Data\Street_Images\chongqing\cq_streetview\cq_3304897_106.520518_29.576565.jpg,D:\StreetView_Project\01_Data\Street_Images\chongqing\cq_streetview\cq_3304897_106.520518_29.576565.jpg,0.2407955080270767,D:\StreetView_Project\03_Output\clip_knn\questionnaire_sample_k25_300\02_images_main\_final_flat_300_for_check\Q163__Q163_cq_3304897_106.520518_29.576565.jpg,900e74ff0ffa49e48c77a0a9f3970d4ac99e586d3be6613e6f0170201da3a0da,Q163__cq_3304897_106.520518_29.576565.jpg,D:\StreetView_Project\03_Output\clip_knn\questionnaire_sample_k25_500_added_200\08D_spatial_visual_proximity_check_run_20260728_143220\01_preliminary_flat_500\Q163__cq_3304897_106.520518_29.576565.jpg,Q163__cq_3304897_106.520518_29.576565.jpg,D:\StreetView_Project\03_Output\clip_knn\questionnaire_sample_k25_500_added_200\08F_final500_freeze_run_20260728_145702\01_final_flat_500\Q163__cq_3304897_106.520518_29.576565.jpg,frozen_08F,D:\StreetView_Project\03_Output\clip_knn\questionnaire_sample_k25_500_added_200\08D_spatial_visual_proximity_check_run_20260728_143220
Q164,existing_300,CQ_629422,chongqing,106.479516,29.498419,201711,cq_629422_106.479516_29.498419.jpg,D:\StreetView_Project\01_Data\Street_Images\chongqing\cq_streetview\cq_629422_106.479516_29.498419.jpg,2,0.264645129442215,middle,重庆高密居住区街道,Q164__cq_629422_106.479516_29.498419.jpg,D:\StreetView_Project\03_Output\clip_knn\questionnaire_sample_k25_500_added_200\08F_final500_freeze_run_20260728_145702\01_final_flat_500\Q164__cq_629422_106.479516_29.498419.jpg,CQ_629422,False,False,not_applicable_existing_300,Q164__Q164_cq_629422_106.479516_29.498419.jpg,D:\StreetView_Project\03_Output\clip_knn\questionnaire_sample_k25_300\02_images_main\_final_flat_300_for_check\Q164__Q164_cq_629422_106.479516_29.498419.jpg,,201711,cq_629422_106.479516_29.498419.jpg,D:\StreetView_Project\01_Data\Street_Images\chongqing\cq_streetview\cq_629422_106.479516_29.498419.jpg,D:\StreetView_Project\01_Data\Street_Images\chongqing\cq_streetview\cq_629422_106.479516_29.498419.jpg,0.264645129442215,D:\StreetView_Project\03_Output\clip_knn\questionnaire_sample_k25_300\02_images_main\_final_flat_300_for_check\Q164__Q164_cq_629422_106.479516_29.498419.jpg,4858b2f070a825c432ab8263a975b6ab3ae0a194209daa4a8ce433df1b7e3026,Q164__cq_629422_106.479516_29.498419.jpg,D:\StreetView_Project\03_Output\clip_knn\questionnaire_sample_k25_500_added_200\08D_spatial_visual_proximity_check_run_20260728_143220\01_preliminary_flat_500\Q164__cq_629422_106.479516_29.498419.jpg,Q164__cq_629422_106.479516_29.498419.jpg,D:\StreetView_Project\03_Output\clip_knn\questionnaire_sample_k25_500_added_200\08F_final500_freeze_run_20260728_145702\01_final_flat_500\Q164__cq_629422_106.479516_29.498419.jpg,frozen_08F,D:\StreetView_Project\03_Output\clip_knn\questionnaire_sample_k25_500_added_200\08D_spatial_visual_proximity_check_run_20260728_143220
Q165,existing_300,CQ_3306890,chongqing,106.498966,29.583597,202210,cq_3306890_106.498966_29.583597.jpg,D:\StreetView_Project\01_Data\Street_Images\chongqing\cq_streetview\cq_3306890_106.498966_29.583597.jpg,2,0.2433558255434036,center,重庆高密居住区街道,Q165__cq_3306890_106.498966_29.583597.jpg,D:\StreetView_Project\03_Output\clip_knn\questionnaire_sample_k25_500_added_200\08F_final500_freeze_run_20260728_145702\01_final_flat_500\Q165__cq_3306890_106.498966_29.583597.jpg,CQ_3306890,False,False,not_applicable_existing_300,Q165__Q165_cq_3306890_106.498966_29.583597.jpg,D:\StreetView_Project\03_Output\clip_knn\questionnaire_sample_k25_300\02_images_main\_final_flat_300_for_check\Q165__Q165_cq_3306890_106.498966_29.583597.jpg,,202210,cq_3306890_106.498966_29.583597.jpg,D:\StreetView_Project\01_Data\Street_Images\chongqing\cq_streetview\cq_3306890_106.498966_29.583597.jpg,D:\StreetView_Project\01_Data\Street_Images\chongqing\cq_streetview\cq_3306890_106.498966_29.583597.jpg,0.2433558255434036,D:\StreetView_Project\03_Output\clip_knn\questionnaire_sample_k25_300\02_images_main\_final_flat_300_for_check\Q165__Q165_cq_3306890_106.498966_29.583597.jpg,fbe4821d8327076a8c7ac52a97969270440bd70e5e5d5ed572b3a228126042a1,Q165__cq_3306890_106.498966_29.583597.jpg,D:\StreetView_Project\03_Output\clip_knn\questionnaire_sample_k25_500_added_200\08D_spatial_visual_proximity_check_run_20260728_143220\01_preliminary_flat_500\Q165__cq_3306890_106.498966_29.583597.jpg,Q165__cq_3306890_106.498966_29.583597.jpg,D:\StreetView_Project\03_Output\clip_knn\questionnaire_sample_k25_500_added_200\08F_final500_freeze_run_20260728_145702\01_final_flat_500\Q165__cq_3306890_106.498966_29.583597.jpg,frozen_08F,D:\StreetView_Project\03_Output\clip_knn\questionnaire_sample_k25_500_added_200\08D_spatial_visual_proximity_check_run_20260728_143220
Q166,existing_300,CQ_700951,chongqing,106.542605,29.574302,201710,cq_700951_106.542605_29.574302.jpg,D:\StreetView_Project\01_Data\Street_Images\chongqing\cq_streetview\cq_700951_106.542605_29.574302.jpg,2,0.2778686583042145,middle,重庆高密居住区街道,Q166__cq_700951_106.542605_29.574302.jpg,D:\StreetView_Project\03_Output\clip_knn\questionnaire_sample_k25_500_added_200\08F_final500_freeze_run_20260728_145702\01_final_flat_500\Q166__cq_700951_106.542605_29.574302.jpg,CQ_700951,False,False,not_applicable_existing_300,Q166__Q166_cq_700951_106.542605_29.574302.jpg,D:\StreetView_Project\03_Output\clip_knn\questionnaire_sample_k25_300\02_images_main\_final_flat_300_for_check\Q166__Q166_cq_700951_106.542605_29.574302.jpg,,201710,cq_700951_106.542605_29.574302.jpg,D:\StreetView_Project\01_Data\Street_Images\chongqing\cq_streetview\cq_700951_106.542605_29.574302.jpg,D:\StreetView_Project\01_Data\Street_Images\chongqing\cq_streetview\cq_700951_106.542605_29.574302.jpg,0.2778686583042145,D:\StreetView_Project\03_Output\clip_knn\questionnaire_sample_k25_300\02_images_main\_final_flat_300_for_check\Q166__Q166_cq_700951_106.542605_29.574302.jpg,2a8847dd90369ddfcbc96ce46c84061945bc573e870f6de301274c65013243f3,Q166__cq_700951_106.542605_29.574302.jpg,D:\StreetView_Project\03_Output\clip_knn\questionnaire_sample_k25_500_added_200\08D_spatial_visual_proximity_check_run_20260728_143220\01_preliminary_flat_500\Q166__cq_700951_106.542605_29.574302.jpg,Q166__cq_700951_106.542605_29.574302.jpg,D:\StreetView_Project\03_Output\clip_knn\questionnaire_sample_k25_500_added_200\08F_final500_freeze_run_20260728_145702\01_final_flat_500\Q166__cq_700951_106.542605_29.574302.jpg,frozen_08F,D:\StreetView_Project\03_Output\clip_knn\questionnaire_sample_k25_500_added_200\08D_spatial_visual_proximity_check_run_20260728_143220
Q167,existing_300,CQ_651518,chongqing,106.491332,29.49351,201907,cq_651518_106.491332_29.493510.jpg,D:\StreetView_Project\01_Data\Street_Images\chongqing\cq_streetview\cq_651518_106.491332_29.493510.jpg,2,0.2856390178203583,edge,重庆高密居住区街道,Q167__cq_651518_106.491332_29.49351.jpg,D:\StreetView_Project\03_Output\clip_knn\questionnaire_sample_k25_500_added_200\08F_final500_freeze_run_20260728_145702\01_final_flat_500\Q167__cq_651518_106.491332_29.49351.jpg,CQ_651518,False,False,not_applicable_existing_300,Q167__Q167_cq_651518_106.491332_29.493510.jpg,D:\StreetView_Project\03_Output\clip_knn\questionnaire_sample_k25_300\02_images_main\_final_flat_300_for_check\Q167__Q167_cq_651518_106.491332_29.493510.jpg,,201907,cq_651518_106.491332_29.493510.jpg,D:\StreetView_Project\01_Data\Street_Images\chongqing\cq_streetview\cq_651518_106.491332_29.493510.jpg,D:\StreetView_Project\01_Data\Street_Images\chongqing\cq_streetview\cq_651518_106.491332_29.493510.jpg,0.2856390178203583,D:\StreetView_Project\03_Output\clip_knn\questionnaire_sample_k25_300\02_images_main\_final_flat_300_for_check\Q167__Q167_cq_651518_106.491332_29.493510.jpg,19a6c27b1ae2c9e785741bc62324d09e73cdd858204c4ac092202944039491bb,Q167__cq_651518_106.491332_29.49351.jpg,D:\StreetView_Project\03_Output\clip_knn\questionnaire_sample_k25_500_added_200\08D_spatial_visual_proximity_check_run_20260728_143220\01_preliminary_flat_500\Q167__cq_651518_106.491332_29.49351.jpg,Q167__cq_651518_106.491332_29.49351.jpg,D:\StreetView_Project\03_Output\clip_knn\questionnaire_sample_k25_500_added_200\08F_final500_freeze_run_20260728_145702\01_final_flat_500\Q167__cq_651518_106.491332_29.49351.jpg,frozen_08F,D:\StreetView_Project\03_Output\clip_knn\questionnaire_sample_k25_500_added_200\08D_spatial_visual_proximity_check_run_20260728_143220
Q168,existing_300,CQ_2431345,chongqing,106.562155,29.543268,202210,cq_2431345_106.562155_29.543268.jpg,D:\StreetView_Project\01_Data\Street_Images\chongqing\cq_streetview\cq_2431345_106.562155_29.543268.jpg,3,0.2521985471248627,center,重庆开敞快速路/山地干道,Q168__cq_2431345_106.562155_29.543268.jpg,D:\StreetView_Project\03_Output\clip_knn\questionnaire_sample_k25_500_added_200\08F_final500_freeze_run_20260728_145702\01_final_flat_500\Q168__cq_2431345_106.562155_29.543268.jpg,CQ_2431345,False,False,not_applicable_existing_300,Q168__Q168_cq_2431345_106.562155_29.543268.jpg,D:\StreetView_Project\03_Output\clip_knn\questionnaire_sample_k25_300\02_images_main\_final_flat_300_for_check\Q168__Q168_cq_2431345_106.562155_29.543268.jpg,,202210,cq_2431345_106.562155_29.543268.jpg,D:\StreetView_Project\01_Data\Street_Images\chongqing\cq_streetview\cq_2431345_106.562155_29.543268.jpg,D:\StreetView_Project\01_Data\Street_Images\chongqing\cq_streetview\cq_2431345_106.562155_29.543268.jpg,0.2521985471248627,D:\StreetView_Project\03_Output\clip_knn\questionnaire_sample_k25_300\02_images_main\_final_flat_300_for_check\Q168__Q168_cq_2431345_106.562155_29.543268.jpg,4c40eeff65f28f777f12dfd8867a5c16568d483ebf577407106112775c1b6200,Q168__cq_2431345_106.562155_29.543268.jpg,D:\StreetView_Project\03_Output\clip_knn\questionnaire_sample_k25_500_added_200\08D_spatial_visual_proximity_check_run_20260728_143220\01_preliminary_flat_500\Q168__cq_2431345_106.562155_29.543268.jpg,Q168__cq_2431345_106.562155_29.543268.jpg,D:\StreetView_Project\03_Output\clip_knn\questionnaire_sample_k25_500_added_200\08F_final500_freeze_run_20260728_145702\01_final_flat_500\Q168__cq_2431345_106.562155_29.543268.jpg,frozen_08F,D:\StreetView_Project\03_Output\clip_knn\questionnaire_sample_k25_500_added_200\08D_spatial_visual_proximity_check_run_20260728_143220
Q169,existing_300,CQ_716083,chongqing,106.55942,29.592271,202005,cq_716083_106.559420_29.592271.jpg,D:\StreetView_Project\01_Data\Street_Images\chongqing\cq_streetview\cq_716083_106.559420_29.592271.jpg,3,0.2385946214199066,center,重庆开敞快速路/山地干道,Q169__cq_716083_106.55942_29.592271.jpg,D:\StreetView_Project\03_Output\clip_knn\questionnaire_sample_k25_500_added_200\08F_final500_freeze_run_20260728_145702\01_final_flat_500\Q169__cq_716083_106.55942_29.592271.jpg,CQ_716083,False,False,not_applicable_existing_300,Q169__Q169_cq_716083_106.559420_29.592271.jpg,D:\StreetView_Project\03_Output\clip_knn\questionnaire_sample_k25_300\02_images_main\_final_flat_300_for_check\Q169__Q169_cq_716083_106.559420_29.592271.jpg,,202005,cq_716083_106.559420_29.592271.jpg,D:\StreetView_Project\01_Data\Street_Images\chongqing\cq_streetview\cq_716083_106.559420_29.592271.jpg,D:\StreetView_Project\01_Data\Street_Images\chongqing\cq_streetview\cq_716083_106.559420_29.592271.jpg,0.2385946214199066,D:\StreetView_Project\03_Output\clip_knn\questionnaire_sample_k25_300\02_images_main\_final_flat_300_for_check\Q169__Q169_cq_716083_106.559420_29.592271.jpg,dd113c54708fc0d4f895b03f99ace629ca4e146a758b779315484ae7c0d366ff,Q169__cq_716083_106.55942_29.592271.jpg,D:\StreetView_Project\03_Output\clip_knn\questionnaire_sample_k25_500_added_200\08D_spatial_visual_proximity_check_run_20260728_143220\01_preliminary_flat_500\Q169__cq_716083_106.55942_29.592271.jpg,Q169__cq_716083_106.55942_29.592271.jpg,D:\StreetView_Project\03_Output\clip_knn\questionnaire_sample_k25_500_added_200\08F_final500_freeze_run_20260728_145702\01_final_flat_500\Q169__cq_716083_106.55942_29.592271.jpg,frozen_08F,D:\StreetView_Project\03_Output\clip_knn\questionnaire_sample_k25_500_added_200\08D_spatial_visual_proximity_check_run_20260728_143220
Q170,existing_300,CQ_598903,chongqing,106.465446,29.574058,202210,cq_598903_106.465446_29.574058.jpg,D:\StreetView_Project\01_Data\Street_Images\chongqing\cq_streetview\cq_598903_106.465446_29.574058.jpg,3,0.2144230902194977,center,重庆开敞快速路/山地干道,Q170__cq_598903_106.465446_29.574058.jpg,D:\StreetView_Project\03_Output\clip_knn\questionnaire_sample_k25_500_added_200\08F_final500_freeze_run_20260728_145702\01_final_flat_500\Q170__cq_598903_106.465446_29.574058.jpg,CQ_598903,False,False,not_applicable_existing_300,Q170__Q170_cq_598903_106.465446_29.574058.jpg,D:\StreetView_Project\03_Output\clip_knn\questionnaire_sample_k25_300\02_images_main\_final_flat_300_for_check\Q170__Q170_cq_598903_106.465446_29.574058.jpg,,202210,cq_598903_106.465446_29.574058.jpg,D:\StreetView_Project\01_Data\Street_Images\chongqing\cq_streetview\cq_598903_106.465446_29.574058.jpg,D:\StreetView_Project\01_Data\Street_Images\chongqing\cq_streetview\cq_598903_106.465446_29.574058.jpg,0.2144230902194977,D:\StreetView_Project\03_Output\clip_knn\questionnaire_sample_k25_300\02_images_main\_final_flat_300_for_check\Q170__Q170_cq_598903_106.465446_29.574058.jpg,f616c012938a6a8a61465070c2e7611576ad144e108563003e688e9ddb4645ed,Q170__cq_598903_106.465446_29.574058.jpg,D:\StreetView_Project\03_Output\clip_knn\questionnaire_sample_k25_500_added_200\08D_spatial_visual_proximity_check_run_20260728_143220\01_preliminary_flat_500\Q170__cq_598903_106.465446_29.574058.jpg,Q170__cq_598903_106.465446_29.574058.jpg,D:\StreetView_Project\03_Output\clip_knn\questionnaire_sample_k25_500_added_200\08F_final500_freeze_run_20260728_145702\01_final_flat_500\Q170__cq_598903_106.465446_29.574058.jpg,frozen_08F,D:\StreetView_Project\03_Output\clip_knn\questionnaire_sample_k25_500_added_200\08D_spatial_visual_proximity_check_run_20260728_143220
Q171,existing_300,CQ_3503902,chongqing,106.437673,29.520333,201710,cq_3503902_106.437673_29.520333.jpg,D:\StreetView_Project\01_Data\Street_Images\chongqing\cq_streetview\cq_3503902_106.437673_29.520333.jpg,3,0.2355493009090424,center,重庆开敞快速路/山地干道,Q171__cq_3503902_106.437673_29.520333.jpg,D:\StreetView_Project\03_Output\clip_knn\questionnaire_sample_k25_500_added_200\08F_final500_freeze_run_20260728_145702\01_final_flat_500\Q171__cq_3503902_106.437673_29.520333.jpg,CQ_3503902,False,False,not_applicable_existing_300,Q171__Q171_cq_3503902_106.437673_29.520333.jpg,D:\StreetView_Project\03_Output\clip_knn\questionnaire_sample_k25_300\02_images_main\_final_flat_300_for_check\Q171__Q171_cq_3503902_106.437673_29.520333.jpg,,201710,cq_3503902_106.437673_29.520333.jpg,D:\StreetView_Project\01_Data\Street_Images\chongqing\cq_streetview\cq_3503902_106.437673_29.520333.jpg,D:\StreetView_Project\01_Data\Street_Images\chongqing\cq_streetview\cq_3503902_106.437673_29.520333.jpg,0.2355493009090424,D:\StreetView_Project\03_Output\clip_knn\questionnaire_sample_k25_300\02_images_main\_final_flat_300_for_check\Q171__Q171_cq_3503902_106.437673_29.520333.jpg,1a824e6c39c8d30ed4a7e9f5b8d1cefd427fa7ac1c626f8de5b913879a078830,Q171__cq_3503902_106.437673_29.520333.jpg,D:\StreetView_Project\03_Output\clip_knn\questionnaire_sample_k25_500_added_200\08D_spatial_visual_proximity_check_run_20260728_143220\01_preliminary_flat_500\Q171__cq_3503902_106.437673_29.520333.jpg,Q171__cq_3503902_106.437673_29.520333.jpg,D:\StreetView_Project\03_Output\clip_knn\questionnaire_sample_k25_500_added_200\08F_final500_freeze_run_20260728_145702\01_final_flat_500\Q171__cq_3503902_106.437673_29.520333.jpg,frozen_08F,D:\StreetView_Project\03_Output\clip_knn\questionnaire_sample_k25_500_added_200\08D_spatial_visual_proximity_check_run_20260728_143220
Q172,existing_300,CQ_628612,chongqing,106.475267,29.601132,201710,cq_628612_106.475267_29.601132.jpg,D:\StreetView_Project\01_Data\Street_Images\chongqing\cq_streetview\cq_628612_106.475267_29.601132.jpg,3,0.273796558380127,middle,重庆开敞快速路/山地干道,Q172__cq_628612_106.475267_29.601132.jpg,D:\StreetView_Project\03_Output\clip_knn\questionnaire_sample_k25_500_added_200\08F_final500_freeze_run_20260728_145702\01_final_flat_500\Q172__cq_628612_106.475267_29.601132.jpg,CQ_628612,False,False,not_applicable_existing_300,Q172__Q172_cq_628612_106.475267_29.601132.jpg,D:\StreetView_Project\03_Output\clip_knn\questionnaire_sample_k25_300\02_images_main\_final_flat_300_for_check\Q172__Q172_cq_628612_106.475267_29.601132.jpg,,201710,cq_628612_106.475267_29.601132.jpg,D:\StreetView_Project\01_Data\Street_Images\chongqing\cq_streetview\cq_628612_106.475267_29.601132.jpg,D:\StreetView_Project\01_Data\Street_Images\chongqing\cq_streetview\cq_628612_106.475267_29.601132.jpg,0.273796558380127,D:\StreetView_Project\03_Output\clip_knn\questionnaire_sample_k25_300\02_images_main\_final_flat_300_for_check\Q172__Q172_cq_628612_106.475267_29.601132.jpg,8e96138ec17dbcf6d1646bb2dded361549e15830c5d2ef1d61f156f26cc97384,Q172__cq_628612_106.475267_29.601132.jpg,D:\StreetView_Project\03_Output\clip_knn\questionnaire_sample_k25_500_added_200\08D_spatial_visual_proximity_check_run_20260728_143220\01_preliminary_flat_500\Q172__cq_628612_106.475267_29.601132.jpg,Q172__cq_628612_106.475267_29.601132.jpg,D:\StreetView_Project\03_Output\clip_knn\questionnaire_sample_k25_500_added_200\08F_final500_freeze_run_20260728_145702\01_final_flat_500\Q172__cq_628612_106.475267_29.601132.jpg,frozen_08F,D:\StreetView_Project\03_Output\clip_knn\questionnaire_sample_k25_500_added_200\08D_spatial_visual_proximity_check_run_20260728_143220
Q173,existing_300,CQ_3150921,chongqing,106.482799,29.518016,202210,cq_3150921_106.482799_29.518016.jpg,D:\StreetView_Project\01_Data\Street_Images\chongqing\cq_streetview\cq_3150921_106.482799_29.518016.jpg,3,0.2793892323970795,middle,重庆开敞快速路/山地干道,Q173__cq_3150921_106.482799_29.518016.jpg,D:\StreetView_Project\03_Output\clip_knn\questionnaire_sample_k25_500_added_200\08F_final500_freeze_run_20260728_145702\01_final_flat_500\Q173__cq_3150921_106.482799_29.518016.jpg,CQ_3150921,False,False,not_applicable_existing_300,Q173__Q173_cq_3150921_106.482799_29.518016.jpg,D:\StreetView_Project\03_Output\clip_knn\questionnaire_sample_k25_300\02_images_main\_final_flat_300_for_check\Q173__Q173_cq_3150921_106.482799_29.518016.jpg,,202210,cq_3150921_106.482799_29.518016.jpg,D:\StreetView_Project\01_Data\Street_Images\chongqing\cq_streetview\cq_3150921_106.482799_29.518016.jpg,D:\StreetView_Project\01_Data\Street_Images\chongqing\cq_streetview\cq_3150921_106.482799_29.518016.jpg,0.2793892323970795,D:\StreetView_Project\03_Output\clip_knn\questionnaire_sample_k25_300\02_images_main\_final_flat_300_for_check\Q173__Q173_cq_3150921_106.482799_29.518016.jpg,d4e2ab10537a29e4cd7c4e78efa89e39df1eb5f30621e91f42aefa90fb8862e1,Q173__cq_3150921_106.482799_29.518016.jpg,D:\StreetView_Project\03_Output\clip_knn\questionnaire_sample_k25_500_added_200\08D_spatial_visual_proximity_check_run_20260728_143220\01_preliminary_flat_500\Q173__cq_3150921_106.482799_29.518016.jpg,Q173__cq_3150921_106.482799_29.518016.jpg,D:\StreetView_Project\03_Output\clip_knn\questionnaire_sample_k25_500_added_200\08F_final500_freeze_run_20260728_145702\01_final_flat_500\Q173__cq_3150921_106.482799_29.518016.jpg,frozen_08F,D:\StreetView_Project\03_Output\clip_knn\questionnaire_sample_k25_500_added_200\08D_spatial_visual_proximity_check_run_20260728_143220
Q174,existing_300,CQ_3369353,chongqing,106.549098,29.416348,202210,cq_3369353_106.549098_29.416348.jpg,D:\StreetView_Project\01_Data\Street_Images\chongqing\cq_streetview\cq_3369353_106.549098_29.416348.jpg,3,0.3133784830570221,edge,重庆开敞快速路/山地干道,Q174__cq_3369353_106.549098_29.416348.jpg,D:\StreetView_Project\03_Output\clip_knn\questionnaire_sample_k25_500_added_200\08F_final500_freeze_run_20260728_145702\01_final_flat_500\Q174__cq_3369353_106.549098_29.416348.jpg,CQ_3369353,False,False,not_applicable_existing_300,Q174__Q174_cq_3369353_106.549098_29.416348.jpg,D:\StreetView_Project\03_Output\clip_knn\questionnaire_sample_k25_300\02_images_main\_final_flat_300_for_check\Q174__Q174_cq_3369353_106.549098_29.416348.jpg,,202210,cq_3369353_106.549098_29.416348.jpg,D:\StreetView_Project\01_Data\Street_Images\chongqing\cq_streetview\cq_3369353_106.549098_29.416348.jpg,D:\StreetView_Project\01_Data\Street_Images\chongqing\cq_streetview\cq_3369353_106.549098_29.416348.jpg,0.3133784830570221,D:\StreetView_Project\03_Output\clip_knn\questionnaire_sample_k25_300\02_images_main\_final_flat_300_for_check\Q174__Q174_cq_3369353_106.549098_29.416348.jpg,ac3579dcaaff6f3828f0f6e1bf1fafba2af8d23acded7dfb18b8c45760e589f0,Q174__cq_3369353_106.549098_29.416348.jpg,D:\StreetView_Project\03_Output\clip_knn\questionnaire_sample_k25_500_added_200\08D_spatial_visual_proximity_check_run_20260728_143220\01_preliminary_flat_500\Q174__cq_3369353_106.549098_29.416348.jpg,Q174__cq_3369353_106.549098_29.416348.jpg,D:\StreetView_Project\03_Output\clip_knn\questionnaire_sample_k25_500_added_200\08F_final500_freeze_run_20260728_145702\01_final_flat_500\Q174__cq_3369353_106.549098_29.416348.jpg,frozen_08F,D:\StreetView_Project\03_Output\clip_knn\questionnaire_sample_k25_500_added_200\08D_spatial_visual_proximity_check_run_20260728_143220
Q175,existing_300,CQ_712142,chongqing,106.559725,29.556077,202210,cq_712142_106.559725_29.556077.jpg,D:\StreetView_Project\01_Data\Street_Images\chongqing\cq_streetview\cq_712142_106.559725_29.556077.jpg,4,0.2549832761287689,center,隧道/夜间暗光通行空间,Q175__cq_712142_106.559725_29.556077.jpg,D:\StreetView_Project\03_Output\clip_knn\questionnaire_sample_k25_500_added_200\08F_final500_freeze_run_20260728_145702\01_final_flat_500\Q175__cq_712142_106.559725_29.556077.jpg,CQ_712142,False,False,not_applicable_existing_300,Q175__Q175_cq_712142_106.559725_29.556077.jpg,D:\StreetView_Project\03_Output\clip_knn\questionnaire_sample_k25_300\02_images_main\_final_flat_300_for_check\Q175__Q175_cq_712142_106.559725_29.556077.jpg,,202210,cq_712142_106.559725_29.556077.jpg,D:\StreetView_Project\01_Data\Street_Images\chongqing\cq_streetview\cq_712142_106.559725_29.556077.jpg,D:\StreetView_Project\01_Data\Street_Images\chongqing\cq_streetview\cq_712142_106.559725_29.556077.jpg,0.2549832761287689,D:\StreetView_Project\03_Output\clip_knn\questionnaire_sample_k25_300\02_images_main\_final_flat_300_for_check\Q175__Q175_cq_712142_106.559725_29.556077.jpg,7188db4d25f7518b7ac803ca7073324aa2c9702bb9a4ad6bcc9f53cdec503075,Q175__cq_712142_106.559725_29.556077.jpg,D:\StreetView_Project\03_Output\clip_knn\questionnaire_sample_k25_500_added_200\08D_spatial_visual_proximity_check_run_20260728_143220\01_preliminary_flat_500\Q175__cq_712142_106.559725_29.556077.jpg,Q175__cq_712142_106.559725_29.556077.jpg,D:\StreetView_Project\03_Output\clip_knn\questionnaire_sample_k25_500_added_200\08F_final500_freeze_run_20260728_145702\01_final_flat_500\Q175__cq_712142_106.559725_29.556077.jpg,frozen_08F,D:\StreetView_Project\03_Output\clip_knn\questionnaire_sample_k25_500_added_200\08D_spatial_visual_proximity_check_run_20260728_143220
Q176,existing_300,CQ_3420983,chongqing,106.527629,29.489219,202210,cq_3420983_106.527629_29.489219.jpg,D:\StreetView_Project\01_Data\Street_Images\chongqing\cq_streetview\cq_3420983_106.527629_29.489219.jpg,4,0.2599481642246246,center,隧道/夜间暗光通行空间,Q176__cq_3420983_106.527629_29.489219.jpg,D:\StreetView_Project\03_Output\clip_knn\questionnaire_sample_k25_500_added_200\08F_final500_freeze_run_20260728_145702\01_final_flat_500\Q176__cq_3420983_106.527629_29.489219.jpg,CQ_3420983,False,False,not_applicable_existing_300,Q176__Q176_cq_3420983_106.527629_29.489219.jpg,D:\StreetView_Project\03_Output\clip_knn\questionnaire_sample_k25_300\02_images_main\_final_flat_300_for_check\Q176__Q176_cq_3420983_106.527629_29.489219.jpg,,202210,cq_3420983_106.527629_29.489219.jpg,D:\StreetView_Project\01_Data\Street_Images\chongqing\cq_streetview\cq_3420983_106.527629_29.489219.jpg,D:\StreetView_Project\01_Data\Street_Images\chongqing\cq_streetview\cq_3420983_106.527629_29.489219.jpg,0.2599481642246246,D:\StreetView_Project\03_Output\clip_knn\questionnaire_sample_k25_300\02_images_main\_final_flat_300_for_check\Q176__Q176_cq_3420983_106.527629_29.489219.jpg,abe629ebf782e91f0b677b8b72cf0da63a664285e8bc40ee227e24709d0661b8,Q176__cq_3420983_106.527629_29.489219.jpg,D:\StreetView_Project\03_Output\clip_knn\questionnaire_sample_k25_500_added_200\08D_spatial_visual_proximity_check_run_20260728_143220\01_preliminary_flat_500\Q176__cq_3420983_106.527629_29.489219.jpg,Q176__cq_3420983_106.527629_29.489219.jpg,D:\StreetView_Project\03_Output\clip_knn\questionnaire_sample_k25_500_added_200\08F_final500_freeze_run_20260728_145702\01_final_flat_500\Q176__cq_3420983_106.527629_29.489219.jpg,frozen_08F,D:\StreetView_Project\03_Output\clip_knn\questionnaire_sample_k25_500_added_200\08D_spatial_visual_proximity_check_run_20260728_143220
Q177,existing_300,CQ_603702,chongqing,106.462833,29.555535,202210,cq_603702_106.462833_29.555535.jpg,D:\StreetView_Project\01_Data\Street_Images\chongqing\cq_streetview\cq_603702_106.462833_29.555535.jpg,4,0.2447122931480408,center,隧道/夜间暗光通行空间,Q177__cq_603702_106.462833_29.555535.jpg,D:\StreetView_Project\03_Output\clip_knn\questionnaire_sample_k25_500_added_200\08F_final500_freeze_run_20260728_145702\01_final_flat_500\Q177__cq_603702_106.462833_29.555535.jpg,CQ_603702,False,False,not_applicable_existing_300,Q177__Q177_cq_603702_106.462833_29.555535.jpg,D:\StreetView_Project\03_Output\clip_knn\questionnaire_sample_k25_300\02_images_main\_final_flat_300_for_check\Q177__Q177_cq_603702_106.462833_29.555535.jpg,,202210,cq_603702_106.462833_29.555535.jpg,D:\StreetView_Project\01_Data\Street_Images\chongqing\cq_streetview\cq_603702_106.462833_29.555535.jpg,D:\StreetView_Project\01_Data\Street_Images\chongqing\cq_streetview\cq_603702_106.462833_29.555535.jpg,0.2447122931480408,D:\StreetView_Project\03_Output\clip_knn\questionnaire_sample_k25_300\02_images_main\_final_flat_300_for_check\Q177__Q177_cq_603702_106.462833_29.555535.jpg,59dc63e01e909c687f6ddb8c2cddf4b285415ce5fb4e0163373fad5f254008db,Q177__cq_603702_106.462833_29.555535.jpg,D:\StreetView_Project\03_Output\clip_knn\questionnaire_sample_k25_500_added_200\08D_spatial_visual_proximity_check_run_20260728_143220\01_preliminary_flat_500\Q177__cq_603702_106.462833_29.555535.jpg,Q177__cq_603702_106.462833_29.555535.jpg,D:\StreetView_Project\03_Output\clip_knn\questionnaire_sample_k25_500_added_200\08F_final500_freeze_run_20260728_145702\01_final_flat_500\Q177__cq_603702_106.462833_29.555535.jpg,frozen_08F,D:\StreetView_Project\03_Output\clip_knn\questionnaire_sample_k25_500_added_200\08D_spatial_visual_proximity_check_run_20260728_143220
Q178,existing_300,CQ_2834479,chongqing,106.458314,29.564702,202210,cq_2834479_106.458314_29.564702.jpg,D:\StreetView_Project\01_Data\Street_Images\chongqing\cq_streetview\cq_2834479_106.458314_29.564702.jpg,4,0.3445367515087128,edge,隧道/夜间暗光通行空间,Q178__cq_2834479_106.458314_29.564702.jpg,D:\StreetView_Project\03_Output\clip_knn\questionnaire_sample_k25_500_added_200\08F_final500_freeze_run_20260728_145702\01_final_flat_500\Q178__cq_2834479_106.458314_29.564702.jpg,CQ_2834479,False,False,not_applicable_existing_300,Q178__Q178_cq_2834479_106.458314_29.564702.jpg,D:\StreetView_Project\03_Output\clip_knn\questionnaire_sample_k25_300\02_images_main\_final_flat_300_for_check\Q178__Q178_cq_2834479_106.458314_29.564702.jpg,,202210,cq_2834479_106.458314_29.564702.jpg,D:\StreetView_Project\01_Data\Street_Images\chongqing\cq_streetview\cq_2834479_106.458314_29.564702.jpg,D:\StreetView_Project\01_Data\Street_Images\chongqing\cq_streetview\cq_2834479_106.458314_29.564702.jpg,0.3445367515087128,D:\StreetView_Project\03_Output\clip_knn\questionnaire_sample_k25_300\02_images_main\_final_flat_300_for_check\Q178__Q178_cq_2834479_106.458314_29.564702.jpg,8185584c44ce23fbcd0f139a6c1b8556a031cf3c0b29cc87d98164538ab99a03,Q178__cq_2834479_106.458314_29.564702.jpg,D:\StreetView_Project\03_Output\clip_knn\questionnaire_sample_k25_500_added_200\08D_spatial_visual_proximity_check_run_20260728_143220\01_preliminary_flat_500\Q178__cq_2834479_106.458314_29.564702.jpg,Q178__cq_2834479_106.458314_29.564702.jpg,D:\StreetView_Project\03_Output\clip_knn\questionnaire_sample_k25_500_added_200\08F_final500_freeze_run_20260728_145702\01_final_flat_500\Q178__cq_2834479_106.458314_29.564702.jpg,frozen_08F,D:\StreetView_Project\03_Output\clip_knn\questionnaire_sample_k25_500_added_200\08D_spatial_visual_proximity_check_run_20260728_143220
Q179,existing_300,CQ_663080,chongqing,106.508601,29.573681,201906,cq_663080_106.508601_29.573681.jpg,D:\StreetView_Project\01_Data\Street_Images\chongqing\cq_streetview\cq_663080_106.508601_29.573681.jpg,4,0.3062499761581421,middle,隧道/夜间暗光通行空间,Q179__cq_663080_106.508601_29.573681.jpg,D:\StreetView_Project\03_Output\clip_knn\questionnaire_sample_k25_500_added_200\08F_final500_freeze_run_20260728_145702\01_final_flat_500\Q179__cq_663080_106.508601_29.573681.jpg,CQ_663080,False,False,not_applicable_existing_300,Q179__Q179_cq_663080_106.508601_29.573681.jpg,D:\StreetView_Project\03_Output\clip_knn\questionnaire_sample_k25_300\02_images_main\_final_flat_300_for_check\Q179__Q179_cq_663080_106.508601_29.573681.jpg,,201906,cq_663080_106.508601_29.573681.jpg,D:\StreetView_Project\01_Data\Street_Images\chongqing\cq_streetview\cq_663080_106.508601_29.573681.jpg,D:\StreetView_Project\01_Data\Street_Images\chongqing\cq_streetview\cq_663080_106.508601_29.573681.jpg,0.3062499761581421,D:\StreetView_Project\03_Output\clip_knn\questionnaire_sample_k25_300\02_images_main\_final_flat_300_for_check\Q179__Q179_cq_663080_106.508601_29.573681.jpg,71c9e46077859082a1f20a2249f391b1728ad15c71856648871a07f6335059b5,Q179__cq_663080_106.508601_29.573681.jpg,D:\StreetView_Project\03_Output\clip_knn\questionnaire_sample_k25_500_added_200\08D_spatial_visual_proximity_check_run_20260728_143220\01_preliminary_flat_500\Q179__cq_663080_106.508601_29.573681.jpg,Q179__cq_663080_106.508601_29.573681.jpg,D:\StreetView_Project\03_Output\clip_knn\questionnaire_sample_k25_500_added_200\08F_final500_freeze_run_20260728_145702\01_final_flat_500\Q179__cq_663080_106.508601_29.573681.jpg,frozen_08F,D:\StreetView_Project\03_Output\clip_knn\questionnaire_sample_k25_500_added_200\08D_spatial_visual_proximity_check_run_20260728_143220
Q180,existing_300,CQ_681464,chongqing,106.522277,29.596559,202210,cq_681464_106.522277_29.596559.jpg,D:\StreetView_Project\01_Data\Street_Images\chongqing\cq_streetview\cq_681464_106.522277_29.596559.jpg,5,0.2470186352729797,middle,混合城市主干路/公交道路,Q180__cq_681464_106.522277_29.596559.jpg,D:\StreetView_Project\03_Output\clip_knn\questionnaire_sample_k25_500_added_200\08F_final500_freeze_run_20260728_145702\01_final_flat_500\Q180__cq_681464_106.522277_29.596559.jpg,CQ_681464,False,False,not_applicable_existing_300,Q180__Q180_cq_681464_106.522277_29.596559.jpg,D:\StreetView_Project\03_Output\clip_knn\questionnaire_sample_k25_300\02_images_main\_final_flat_300_for_check\Q180__Q180_cq_681464_106.522277_29.596559.jpg,,202210,cq_681464_106.522277_29.596559.jpg,D:\StreetView_Project\01_Data\Street_Images\chongqing\cq_streetview\cq_681464_106.522277_29.596559.jpg,D:\StreetView_Project\01_Data\Street_Images\chongqing\cq_streetview\cq_681464_106.522277_29.596559.jpg,0.2470186352729797,D:\StreetView_Project\03_Output\clip_knn\questionnaire_sample_k25_300\02_images_main\_final_flat_300_for_check\Q180__Q180_cq_681464_106.522277_29.596559.jpg,0114bf0f1db14c30dab92be3e5739fd4401c77f3fefe2176f5dd3da010f3b916,Q180__cq_681464_106.522277_29.596559.jpg,D:\StreetView_Project\03_Output\clip_knn\questionnaire_sample_k25_500_added_200\08D_spatial_visual_proximity_check_run_20260728_143220\01_preliminary_flat_500\Q180__cq_681464_106.522277_29.596559.jpg,Q180__cq_681464_106.522277_29.596559.jpg,D:\StreetView_Project\03_Output\clip_knn\questionnaire_sample_k25_500_added_200\08F_final500_freeze_run_20260728_145702\01_final_flat_500\Q180__cq_681464_106.522277_29.596559.jpg,frozen_08F,D:\StreetView_Project\03_Output\clip_knn\questionnaire_sample_k25_500_added_200\08D_spatial_visual_proximity_check_run_20260728_143220
Q181,existing_300,CQ_672500,chongqing,106.513013,29.551711,202210,cq_672500_106.513013_29.551711.jpg,D:\StreetView_Project\01_Data\Street_Images\chongqing\cq_streetview\cq_672500_106.513013_29.551711.jpg,5,0.2403801530599594,center,混合城市主干路/公交道路,Q181__cq_672500_106.513013_29.551711.jpg,D:\StreetView_Project\03_Output\clip_knn\questionnaire_sample_k25_500_added_200\08F_final500_freeze_run_20260728_145702\01_final_flat_500\Q181__cq_672500_106.513013_29.551711.jpg,CQ_672500,False,False,not_applicable_existing_300,Q181__Q181_cq_672500_106.513013_29.551711.jpg,D:\StreetView_Project\03_Output\clip_knn\questionnaire_sample_k25_300\02_images_main\_final_flat_300_for_check\Q181__Q181_cq_672500_106.513013_29.551711.jpg,,202210,cq_672500_106.513013_29.551711.jpg,D:\StreetView_Project\01_Data\Street_Images\chongqing\cq_streetview\cq_672500_106.513013_29.551711.jpg,D:\StreetView_Project\01_Data\Street_Images\chongqing\cq_streetview\cq_672500_106.513013_29.551711.jpg,0.2403801530599594,D:\StreetView_Project\03_Output\clip_knn\questionnaire_sample_k25_300\02_images_main\_final_flat_300_for_check\Q181__Q181_cq_672500_106.513013_29.551711.jpg,60e4be41e92bf687fd975be3410789cb5d2622dea839c52cfb7af42d926f1c05,Q181__cq_672500_106.513013_29.551711.jpg,D:\StreetView_Project\03_Output\clip_knn\questionnaire_sample_k25_500_added_200\08D_spatial_visual_proximity_check_run_20260728_143220\01_preliminary_flat_500\Q181__cq_672500_106.513013_29.551711.jpg,Q181__cq_672500_106.513013_29.551711.jpg,D:\StreetView_Project\03_Output\clip_knn\questionnaire_sample_k25_500_added_200\08F_final500_freeze_run_20260728_145702\01_final_flat_500\Q181__cq_672500_106.513013_29.551711.jpg,frozen_08F,D:\StreetView_Project\03_Output\clip_knn\questionnaire_sample_k25_500_added_200\08D_spatial_visual_proximity_check_run_20260728_143220
Q182,existing_300,CQ_686412,chongqing,106.529075,29.558449,202210,cq_686412_106.529075_29.558449.jpg,D:\StreetView_Project\01_Data\Street_Images\chongqing\cq_streetview\cq_686412_106.529075_29.558449.jpg,5,0.2055070996284485,center,混合城市主干路/公交道路,Q182__cq_686412_106.529075_29.558449.jpg,D:\StreetView_Project\03_Output\clip_knn\questionnaire_sample_k25_500_added_200\08F_final500_freeze_run_20260728_145702\01_final_flat_500\Q182__cq_686412_106.529075_29.558449.jpg,CQ_686412,False,False,not_applicable_existing_300,Q182__Q182_cq_686412_106.529075_29.558449.jpg,D:\StreetView_Project\03_Output\clip_knn\questionnaire_sample_k25_300\02_images_main\_final_flat_300_for_check\Q182__Q182_cq_686412_106.529075_29.558449.jpg,,202210,cq_686412_106.529075_29.558449.jpg,D:\StreetView_Project\01_Data\Street_Images\chongqing\cq_streetview\cq_686412_106.529075_29.558449.jpg,D:\StreetView_Project\01_Data\Street_Images\chongqing\cq_streetview\cq_686412_106.529075_29.558449.jpg,0.2055070996284485,D:\StreetView_Project\03_Output\clip_knn\questionnaire_sample_k25_300\02_images_main\_final_flat_300_for_check\Q182__Q182_cq_686412_106.529075_29.558449.jpg,9baeb43cf4b39f82b448c7808bae57ef83e90c0835a7683d2f0c5e91b0f77c00,Q182__cq_686412_106.529075_29.558449.jpg,D:\StreetView_Project\03_Output\clip_knn\questionnaire_sample_k25_500_added_200\08D_spatial_visual_proximity_check_run_20260728_143220\01_preliminary_flat_500\Q182__cq_686412_106.529075_29.558449.jpg,Q182__cq_686412_106.529075_29.558449.jpg,D:\StreetView_Project\03_Output\clip_knn\questionnaire_sample_k25_500_added_200\08F_final500_freeze_run_20260728_145702\01_final_flat_500\Q182__cq_686412_106.529075_29.558449.jpg,frozen_08F,D:\StreetView_Project\03_Output\clip_knn\questionnaire_sample_k25_500_added_200\08D_spatial_visual_proximity_check_run_20260728_143220
Q183,existing_300,CQ_3307270,chongqing,106.492073,29.607674,202210,cq_3307270_106.492073_29.607674.jpg,D:\StreetView_Project\01_Data\Street_Images\chongqing\cq_streetview\cq_3307270_106.492073_29.607674.jpg,5,0.2333147674798965,center,混合城市主干路/公交道路,Q183__cq_3307270_106.492073_29.607674.jpg,D:\StreetView_Project\03_Output\clip_knn\questionnaire_sample_k25_500_added_200\08F_final500_freeze_run_20260728_145702\01_final_flat_500\Q183__cq_3307270_106.492073_29.607674.jpg,CQ_3307270,False,False,not_applicable_existing_300,Q183__Q183__cq_3307270_106.492073_29.607674.jpg,D:\StreetView_Project\03_Output\clip_knn\questionnaire_sample_k25_300\02_images_main\_final_flat_300_for_check\Q183__Q183__cq_3307270_106.492073_29.607674.jpg,,202210,cq_3307270_106.492073_29.607674.jpg,D:\StreetView_Project\01_Data\Street_Images\chongqing\cq_streetview\cq_3307270_106.492073_29.607674.jpg,D:\StreetView_Project\01_Data\Street_Images\chongqing\cq_streetview\cq_3307270_106.492073_29.607674.jpg,0.2333147674798965,D:\StreetView_Project\03_Output\clip_knn\questionnaire_sample_k25_300\02_images_main\_final_flat_300_for_check\Q183__Q183__cq_3307270_106.492073_29.607674.jpg,1ae87c6d71fc1bf92065ea8045453178881faef21aea8d79352d1dfc95066d29,Q183__cq_3307270_106.492073_29.607674.jpg,D:\StreetView_Project\03_Output\clip_knn\questionnaire_sample_k25_500_added_200\08D_spatial_visual_proximity_check_run_20260728_143220\01_preliminary_flat_500\Q183__cq_3307270_106.492073_29.607674.jpg,Q183__cq_3307270_106.492073_29.607674.jpg,D:\StreetView_Project\03_Output\clip_knn\questionnaire_sample_k25_500_added_200\08F_final500_freeze_run_20260728_145702\01_final_flat_500\Q183__cq_3307270_106.492073_29.607674.jpg,frozen_08F,D:\StreetView_Project\03_Output\clip_knn\questionnaire_sample_k25_500_added_200\08D_spatial_visual_proximity_check_run_20260728_143220
Q184,existing_300,CQ_663855,chongqing,106.509428,29.531565,201711,cq_663855_106.509428_29.531565.jpg,D:\StreetView_Project\01_Data\Street_Images\chongqing\cq_streetview\cq_663855_106.509428_29.531565.jpg,5,0.2528300881385803,middle,混合城市主干路/公交道路,Q184__cq_663855_106.509428_29.531565.jpg,D:\StreetView_Project\03_Output\clip_knn\questionnaire_sample_k25_500_added_200\08F_final500_freeze_run_20260728_145702\01_final_flat_500\Q184__cq_663855_106.509428_29.531565.jpg,CQ_663855,False,False,not_applicable_existing_300,Q184__Q184_cq_663855_106.509428_29.531565.jpg,D:\StreetView_Project\03_Output\clip_knn\questionnaire_sample_k25_300\02_images_main\_final_flat_300_for_check\Q184__Q184_cq_663855_106.509428_29.531565.jpg,,201711,cq_663855_106.509428_29.531565.jpg,D:\StreetView_Project\01_Data\Street_Images\chongqing\cq_streetview\cq_663855_106.509428_29.531565.jpg,D:\StreetView_Project\01_Data\Street_Images\chongqing\cq_streetview\cq_663855_106.509428_29.531565.jpg,0.2528300881385803,D:\StreetView_Project\03_Output\clip_knn\questionnaire_sample_k25_300\02_images_main\_final_flat_300_for_check\Q184__Q184_cq_663855_106.509428_29.531565.jpg,8505c49f0613b10128a7f6ac594764058d97399760620b85d4b344c62a6d228a,Q184__cq_663855_106.509428_29.531565.jpg,D:\StreetView_Project\03_Output\clip_knn\questionnaire_sample_k25_500_added_200\08D_spatial_visual_proximity_check_run_20260728_143220\01_preliminary_flat_500\Q184__cq_663855_106.509428_29.531565.jpg,Q184__cq_663855_106.509428_29.531565.jpg,D:\StreetView_Project\03_Output\clip_knn\questionnaire_sample_k25_500_added_200\08F_final500_freeze_run_20260728_145702\01_final_flat_500\Q184__cq_663855_106.509428_29.531565.jpg,frozen_08F,D:\StreetView_Project\03_Output\clip_knn\questionnaire_sample_k25_500_added_200\08D_spatial_visual_proximity_check_run_20260728_143220
Q185,existing_300,CQ_629147,chongqing,106.47969,29.530983,201906,cq_629147_106.479690_29.530983.jpg,D:\StreetView_Project\01_Data\Street_Images\chongqing\cq_streetview\cq_629147_106.479690_29.530983.jpg,5,0.2635011076927185,middle,混合城市主干路/公交道路,Q185__cq_629147_106.47969_29.530983.jpg,D:\StreetView_Project\03_Output\clip_knn\questionnaire_sample_k25_500_added_200\08F_final500_freeze_run_20260728_145702\01_final_flat_500\Q185__cq_629147_106.47969_29.530983.jpg,CQ_629147,False,False,not_applicable_existing_300,Q185__Q185_cq_629147_106.479690_29.530983.jpg,D:\StreetView_Project\03_Output\clip_knn\questionnaire_sample_k25_300\02_images_main\_final_flat_300_for_check\Q185__Q185_cq_629147_106.479690_29.530983.jpg,,201906,cq_629147_106.479690_29.530983.jpg,D:\StreetView_Project\01_Data\Street_Images\chongqing\cq_streetview\cq_629147_106.479690_29.530983.jpg,D:\StreetView_Project\01_Data\Street_Images\chongqing\cq_streetview\cq_629147_106.479690_29.530983.jpg,0.2635011076927185,D:\StreetView_Project\03_Output\clip_knn\questionnaire_sample_k25_300\02_images_main\_final_flat_300_for_check\Q185__Q185_cq_629147_106.479690_29.530983.jpg,f05098738155ab5f1dbf387dc57b2e94a292e4d9f63352fdd78afb9e408c6516,Q185__cq_629147_106.47969_29.530983.jpg,D:\StreetView_Project\03_Output\clip_knn\questionnaire_sample_k25_500_added_200\08D_spatial_visual_proximity_check_run_20260728_143220\01_preliminary_flat_500\Q185__cq_629147_106.47969_29.530983.jpg,Q185__cq_629147_106.47969_29.530983.jpg,D:\StreetView_Project\03_Output\clip_knn\questionnaire_sample_k25_500_added_200\08F_final500_freeze_run_20260728_145702\01_final_flat_500\Q185__cq_629147_106.47969_29.530983.jpg,frozen_08F,D:\StreetView_Project\03_Output\clip_knn\questionnaire_sample_k25_500_added_200\08D_spatial_visual_proximity_check_run_20260728_143220
Q186,existing_300,CQ_3156669,chongqing,106.513286,29.519683,202210,cq_3156669_106.513286_29.519683.jpg,D:\StreetView_Project\01_Data\Street_Images\chongqing\cq_streetview\cq_3156669_106.513286_29.519683.jpg,5,0.2931966781616211,edge,混合城市主干路/公交道路,Q186__cq_3156669_106.513286_29.519683.jpg,D:\StreetView_Project\03_Output\clip_knn\questionnaire_sample_k25_500_added_200\08F_final500_freeze_run_20260728_145702\01_final_flat_500\Q186__cq_3156669_106.513286_29.519683.jpg,CQ_3156669,False,False,not_applicable_existing_300,Q186__Q186_cq_3156669_106.513286_29.519683.jpg,D:\StreetView_Project\03_Output\clip_knn\questionnaire_sample_k25_300\02_images_main\_final_flat_300_for_check\Q186__Q186_cq_3156669_106.513286_29.519683.jpg,,202210,cq_3156669_106.513286_29.519683.jpg,D:\StreetView_Project\01_Data\Street_Images\chongqing\cq_streetview\cq_3156669_106.513286_29.519683.jpg,D:\StreetView_Project\01_Data\Street_Images\chongqing\cq_streetview\cq_3156669_106.513286_29.519683.jpg,0.2931966781616211,D:\StreetView_Project\03_Output\clip_knn\questionnaire_sample_k25_300\02_images_main\_final_flat_300_for_check\Q186__Q186_cq_3156669_106.513286_29.519683.jpg,aab679f7edde13b7e627642754f93a9978f79663c869b683096cd70e5c58b712,Q186__cq_3156669_106.513286_29.519683.jpg,D:\StreetView_Project\03_Output\clip_knn\questionnaire_sample_k25_500_added_200\08D_spatial_visual_proximity_check_run_20260728_143220\01_preliminary_flat_500\Q186__cq_3156669_106.513286_29.519683.jpg,Q186__cq_3156669_106.513286_29.519683.jpg,D:\StreetView_Project\03_Output\clip_knn\questionnaire_sample_k25_500_added_200\08F_final500_freeze_run_20260728_145702\01_final_flat_500\Q186__cq_3156669_106.513286_29.519683.jpg,frozen_08F,D:\StreetView_Project\03_Output\clip_knn\questionnaire_sample_k25_500_added_200\08D_spatial_visual_proximity_check_run_20260728_143220
Q187,existing_300,CQ_753234,chongqing,106.599227,29.51154,201509,cq_753234_106.599227_29.511540.jpg,D:\StreetView_Project\01_Data\Street_Images\chongqing\cq_streetview\cq_753234_106.599227_29.511540.jpg,6,0.267859011888504,center,城市边缘/围墙边界/低密道路,Q187__cq_753234_106.599227_29.51154.jpg,D:\StreetView_Project\03_Output\clip_knn\questionnaire_sample_k25_500_added_200\08F_final500_freeze_run_20260728_145702\01_final_flat_500\Q187__cq_753234_106.599227_29.51154.jpg,CQ_753234,False,False,not_applicable_existing_300,Q187__Q187_cq_753234_106.599227_29.511540.jpg,D:\StreetView_Project\03_Output\clip_knn\questionnaire_sample_k25_300\02_images_main\_final_flat_300_for_check\Q187__Q187_cq_753234_106.599227_29.511540.jpg,,201509,cq_753234_106.599227_29.511540.jpg,D:\StreetView_Project\01_Data\Street_Images\chongqing\cq_streetview\cq_753234_106.599227_29.511540.jpg,D:\StreetView_Project\01_Data\Street_Images\chongqing\cq_streetview\cq_753234_106.599227_29.511540.jpg,0.267859011888504,D:\StreetView_Project\03_Output\clip_knn\questionnaire_sample_k25_300\02_images_main\_final_flat_300_for_check\Q187__Q187_cq_753234_106.599227_29.511540.jpg,ba10dded0ab6a85a3474a01a6857fca1eaeecac91729edfbbb2e33d4959dbfb3,Q187__cq_753234_106.599227_29.51154.jpg,D:\StreetView_Project\03_Output\clip_knn\questionnaire_sample_k25_500_added_200\08D_spatial_visual_proximity_check_run_20260728_143220\01_preliminary_flat_500\Q187__cq_753234_106.599227_29.51154.jpg,Q187__cq_753234_106.599227_29.51154.jpg,D:\StreetView_Project\03_Output\clip_knn\questionnaire_sample_k25_500_added_200\08F_final500_freeze_run_20260728_145702\01_final_flat_500\Q187__cq_753234_106.599227_29.51154.jpg,frozen_08F,D:\StreetView_Project\03_Output\clip_knn\questionnaire_sample_k25_500_added_200\08D_spatial_visual_proximity_check_run_20260728_143220
Q188,existing_300,CQ_3156715,chongqing,106.527555,29.490634,201907,cq_3156715_106.527555_29.490634.jpg,D:\StreetView_Project\01_Data\Street_Images\chongqing\cq_streetview\cq_3156715_106.527555_29.490634.jpg,6,0.3038861155509949,center,城市边缘/围墙边界/低密道路,Q188__cq_3156715_106.527555_29.490634.jpg,D:\StreetView_Project\03_Output\clip_knn\questionnaire_sample_k25_500_added_200\08F_final500_freeze_run_20260728_145702\01_final_flat_500\Q188__cq_3156715_106.527555_29.490634.jpg,CQ_3156715,False,False,not_applicable_existing_300,Q188__Q188_cq_3156715_106.527555_29.490634.jpg,D:\StreetView_Project\03_Output\clip_knn\questionnaire_sample_k25_300\02_images_main\_final_flat_300_for_check\Q188__Q188_cq_3156715_106.527555_29.490634.jpg,,201907,cq_3156715_106.527555_29.490634.jpg,D:\StreetView_Project\01_Data\Street_Images\chongqing\cq_streetview\cq_3156715_106.527555_29.490634.jpg,D:\StreetView_Project\01_Data\Street_Images\chongqing\cq_streetview\cq_3156715_106.527555_29.490634.jpg,0.3038861155509949,D:\StreetView_Project\03_Output\clip_knn\questionnaire_sample_k25_300\02_images_main\_final_flat_300_for_check\Q188__Q188_cq_3156715_106.527555_29.490634.jpg,83057518293c79d9715c5d601fc68e7b1e4268764024d7535e196577a5336df2,Q188__cq_3156715_106.527555_29.490634.jpg,D:\StreetView_Project\03_Output\clip_knn\questionnaire_sample_k25_500_added_200\08D_spatial_visual_proximity_check_run_20260728_143220\01_preliminary_flat_500\Q188__cq_3156715_106.527555_29.490634.jpg,Q188__cq_3156715_106.527555_29.490634.jpg,D:\StreetView_Project\03_Output\clip_knn\questionnaire_sample_k25_500_added_200\08F_final500_freeze_run_20260728_145702\01_final_flat_500\Q188__cq_3156715_106.527555_29.490634.jpg,frozen_08F,D:\StreetView_Project\03_Output\clip_knn\questionnaire_sample_k25_500_added_200\08D_spatial_visual_proximity_check_run_20260728_143220
Q189,existing_300,CQ_3051595,chongqing,106.556943,29.483776,202210,cq_3051595_106.556943_29.483776.jpg,D:\StreetView_Project\01_Data\Street_Images\chongqing\cq_streetview\cq_3051595_106.556943_29.483776.jpg,6,0.3565346598625183,middle,城市边缘/围墙边界/低密道路,Q189__cq_3051595_106.556943_29.483776.jpg,D:\StreetView_Project\03_Output\clip_knn\questionnaire_sample_k25_500_added_200\08F_final500_freeze_run_20260728_145702\01_final_flat_500\Q189__cq_3051595_106.556943_29.483776.jpg,CQ_3051595,False,False,not_applicable_existing_300,Q189__Q189_cq_3051595_106.556943_29.483776.jpg,D:\StreetView_Project\03_Output\clip_knn\questionnaire_sample_k25_300\02_images_main\_final_flat_300_for_check\Q189__Q189_cq_3051595_106.556943_29.483776.jpg,,202210,cq_3051595_106.556943_29.483776.jpg,D:\StreetView_Project\01_Data\Street_Images\chongqing\cq_streetview\cq_3051595_106.556943_29.483776.jpg,D:\StreetView_Project\01_Data\Street_Images\chongqing\cq_streetview\cq_3051595_106.556943_29.483776.jpg,0.3565346598625183,D:\StreetView_Project\03_Output\clip_knn\questionnaire_sample_k25_300\02_images_main\_final_flat_300_for_check\Q189__Q189_cq_3051595_106.556943_29.483776.jpg,aeeb36cd5d8f070aae88407c6cf6db209585913e4e6ce5cb37fd7aa6bba07c35,Q189__cq_3051595_106.556943_29.483776.jpg,D:\StreetView_Project\03_Output\clip_knn\questionnaire_sample_k25_500_added_200\08D_spatial_visual_proximity_check_run_20260728_143220\01_preliminary_flat_500\Q189__cq_3051595_106.556943_29.483776.jpg,Q189__cq_3051595_106.556943_29.483776.jpg,D:\StreetView_Project\03_Output\clip_knn\questionnaire_sample_k25_500_added_200\08F_final500_freeze_run_20260728_145702\01_final_flat_500\Q189__cq_3051595_106.556943_29.483776.jpg,frozen_08F,D:\StreetView_Project\03_Output\clip_knn\questionnaire_sample_k25_500_added_200\08D_spatial_visual_proximity_check_run_20260728_143220
Q190,existing_300,CQ_650646,chongqing,106.495917,29.561839,201610,cq_650646_106.495917_29.561839.jpg,D:\StreetView_Project\01_Data\Street_Images\chongqing\cq_streetview\cq_650646_106.495917_29.561839.jpg,6,0.3372606039047241,middle,城市边缘/围墙边界/低密道路,Q190__cq_650646_106.495917_29.561839.jpg,D:\StreetView_Project\03_Output\clip_knn\questionnaire_sample_k25_500_added_200\08F_final500_freeze_run_20260728_145702\01_final_flat_500\Q190__cq_650646_106.495917_29.561839.jpg,CQ_650646,False,False,not_applicable_existing_300,Q190__Q190_cq_650646_106.495917_29.561839.jpg,D:\StreetView_Project\03_Output\clip_knn\questionnaire_sample_k25_300\02_images_main\_final_flat_300_for_check\Q190__Q190_cq_650646_106.495917_29.561839.jpg,,201610,cq_650646_106.495917_29.561839.jpg,D:\StreetView_Project\01_Data\Street_Images\chongqing\cq_streetview\cq_650646_106.495917_29.561839.jpg,D:\StreetView_Project\01_Data\Street_Images\chongqing\cq_streetview\cq_650646_106.495917_29.561839.jpg,0.3372606039047241,D:\StreetView_Project\03_Output\clip_knn\questionnaire_sample_k25_300\02_images_main\_final_flat_300_for_check\Q190__Q190_cq_650646_106.495917_29.561839.jpg,0853811837286c13dc64a455787c0f95567e38826bfd2e1a44869fa5b87034d6,Q190__cq_650646_106.495917_29.561839.jpg,D:\StreetView_Project\03_Output\clip_knn\questionnaire_sample_k25_500_added_200\08D_spatial_visual_proximity_check_run_20260728_143220\01_preliminary_flat_500\Q190__cq_650646_106.495917_29.561839.jpg,Q190__cq_650646_106.495917_29.561839.jpg,D:\StreetView_Project\03_Output\clip_knn\questionnaire_sample_k25_500_added_200\08F_final500_freeze_run_20260728_145702\01_final_flat_500\Q190__cq_650646_106.495917_29.561839.jpg,frozen_08F,D:\StreetView_Project\03_Output\clip_knn\questionnaire_sample_k25_500_added_200\08D_spatial_visual_proximity_check_run_20260728_143220
Q191,existing_300,CQ_662899,chongqing,106.505107,29.593368,202210,cq_662899_106.505107_29.593368.jpg,D:\StreetView_Project\01_Data\Street_Images\chongqing\cq_streetview\cq_662899_106.505107_29.593368.jpg,6,0.3781798779964447,edge,城市边缘/围墙边界/低密道路,Q191__cq_662899_106.505107_29.593368.jpg,D:\StreetView_Project\03_Output\clip_knn\questionnaire_sample_k25_500_added_200\08F_final500_freeze_run_20260728_145702\01_final_flat_500\Q191__cq_662899_106.505107_29.593368.jpg,CQ_662899,False,False,not_applicable_existing_300,Q191__Q191_cq_662899_106.505107_29.593368.jpg,D:\StreetView_Project\03_Output\clip_knn\questionnaire_sample_k25_300\02_images_main\_final_flat_300_for_check\Q191__Q191_cq_662899_106.505107_29.593368.jpg,,202210,cq_662899_106.505107_29.593368.jpg,D:\StreetView_Project\01_Data\Street_Images\chongqing\cq_streetview\cq_662899_106.505107_29.593368.jpg,D:\StreetView_Project\01_Data\Street_Images\chongqing\cq_streetview\cq_662899_106.505107_29.593368.jpg,0.3781798779964447,D:\StreetView_Project\03_Output\clip_knn\questionnaire_sample_k25_300\02_images_main\_final_flat_300_for_check\Q191__Q191_cq_662899_106.505107_29.593368.jpg,1efde29c55e879659171a81daea141debf2509bda6e13a1ca9086d8e27b7470a,Q191__cq_662899_106.505107_29.593368.jpg,D:\StreetView_Project\03_Output\clip_knn\questionnaire_sample_k25_500_added_200\08D_spatial_visual_proximity_check_run_20260728_143220\01_preliminary_flat_500\Q191__cq_662899_106.505107_29.593368.jpg,Q191__cq_662899_106.505107_29.593368.jpg,D:\StreetView_Project\03_Output\clip_knn\questionnaire_sample_k25_500_added_200\08F_final500_freeze_run_20260728_145702\01_final_flat_500\Q191__cq_662899_106.505107_29.593368.jpg,frozen_08F,D:\StreetView_Project\03_Output\clip_knn\questionnaire_sample_k25_500_added_200\08D_spatial_visual_proximity_check_run_20260728_143220
Q192,existing_300,CQ_3422609,chongqing,106.520835,29.616798,202210,cq_3422609_106.520835_29.616798.jpg,D:\StreetView_Project\01_Data\Street_Images\chongqing\cq_streetview\cq_3422609_106.520835_29.616798.jpg,7,0.2160379886627197,center,成都开敞桥梁/快速路道路,Q192__cq_3422609_106.520835_29.616798.jpg,D:\StreetView_Project\03_Output\clip_knn\questionnaire_sample_k25_500_added_200\08F_final500_freeze_run_20260728_145702\01_final_flat_500\Q192__cq_3422609_106.520835_29.616798.jpg,CQ_3422609,False,False,not_applicable_existing_300,Q192__Q192_cq_3422609_106.520835_29.616798.jpg,D:\StreetView_Project\03_Output\clip_knn\questionnaire_sample_k25_300\02_images_main\_final_flat_300_for_check\Q192__Q192_cq_3422609_106.520835_29.616798.jpg,,202210,cq_3422609_106.520835_29.616798.jpg,D:\StreetView_Project\01_Data\Street_Images\chongqing\cq_streetview\cq_3422609_106.520835_29.616798.jpg,D:\StreetView_Project\01_Data\Street_Images\chongqing\cq_streetview\cq_3422609_106.520835_29.616798.jpg,0.2160379886627197,D:\StreetView_Project\03_Output\clip_knn\questionnaire_sample_k25_300\02_images_main\_final_flat_300_for_check\Q192__Q192_cq_3422609_106.520835_29.616798.jpg,cd0e25f564192a8e6e7ac52c66e72bdd12e5e4354c1ac312950c55114b6585e2,Q192__cq_3422609_106.520835_29.616798.jpg,D:\StreetView_Project\03_Output\clip_knn\questionnaire_sample_k25_500_added_200\08D_spatial_visual_proximity_check_run_20260728_143220\01_preliminary_flat_500\Q192__cq_3422609_106.520835_29.616798.jpg,Q192__cq_3422609_106.520835_29.616798.jpg,D:\StreetView_Project\03_Output\clip_knn\questionnaire_sample_k25_500_added_200\08F_final500_freeze_run_20260728_145702\01_final_flat_500\Q192__cq_3422609_106.520835_29.616798.jpg,frozen_08F,D:\StreetView_Project\03_Output\clip_knn\questionnaire_sample_k25_500_added_200\08D_spatial_visual_proximity_check_run_20260728_143220
Q193,existing_300,CQ_3153485,chongqing,106.490185,29.486368,202210,cq_3153485_106.490185_29.486368.jpg,D:\StreetView_Project\01_Data\Street_Images\chongqing\cq_streetview\cq_3153485_106.490185_29.486368.jpg,7,0.2795898914337158,middle,成都开敞桥梁/快速路道路,Q193__cq_3153485_106.490185_29.486368.jpg,D:\StreetView_Project\03_Output\clip_knn\questionnaire_sample_k25_500_added_200\08F_final500_freeze_run_20260728_145702\01_final_flat_500\Q193__cq_3153485_106.490185_29.486368.jpg,CQ_3153485,False,False,not_applicable_existing_300,Q193__Q193_cq_3153485_106.490185_29.486368.jpg,D:\StreetView_Project\03_Output\clip_knn\questionnaire_sample_k25_300\02_images_main\_final_flat_300_for_check\Q193__Q193_cq_3153485_106.490185_29.486368.jpg,,202210,cq_3153485_106.490185_29.486368.jpg,D:\StreetView_Project\01_Data\Street_Images\chongqing\cq_streetview\cq_3153485_106.490185_29.486368.jpg,D:\StreetView_Project\01_Data\Street_Images\chongqing\cq_streetview\cq_3153485_106.490185_29.486368.jpg,0.2795898914337158,D:\StreetView_Project\03_Output\clip_knn\questionnaire_sample_k25_300\02_images_main\_final_flat_300_for_check\Q193__Q193_cq_3153485_106.490185_29.486368.jpg,b677c2b48dcad116b0fce7001476ee3f0a529c50aa1672f99029922d617e6786,Q193__cq_3153485_106.490185_29.486368.jpg,D:\StreetView_Project\03_Output\clip_knn\questionnaire_sample_k25_500_added_200\08D_spatial_visual_proximity_check_run_20260728_143220\01_preliminary_flat_500\Q193__cq_3153485_106.490185_29.486368.jpg,Q193__cq_3153485_106.490185_29.486368.jpg,D:\StreetView_Project\03_Output\clip_knn\questionnaire_sample_k25_500_added_200\08F_final500_freeze_run_20260728_145702\01_final_flat_500\Q193__cq_3153485_106.490185_29.486368.jpg,frozen_08F,D:\StreetView_Project\03_Output\clip_knn\questionnaire_sample_k25_500_added_200\08D_spatial_visual_proximity_check_run_20260728_143220
Q194,existing_300,CQ_2433375,chongqing,106.580511,29.585288,202210,cq_2433375_106.580511_29.585288.jpg,D:\StreetView_Project\01_Data\Street_Images\chongqing\cq_streetview\cq_2433375_106.580511_29.585288.jpg,7,0.3568589687347412,edge,成都开敞桥梁/快速路道路,Q194__cq_2433375_106.580511_29.585288.jpg,D:\StreetView_Project\03_Output\clip_knn\questionnaire_sample_k25_500_added_200\08F_final500_freeze_run_20260728_145702\01_final_flat_500\Q194__cq_2433375_106.580511_29.585288.jpg,CQ_2433375,False,False,not_applicable_existing_300,Q194__Q194_cq_2433375_106.580511_29.585288.jpg,D:\StreetView_Project\03_Output\clip_knn\questionnaire_sample_k25_300\02_images_main\_final_flat_300_for_check\Q194__Q194_cq_2433375_106.580511_29.585288.jpg,,202210,cq_2433375_106.580511_29.585288.jpg,D:\StreetView_Project\01_Data\Street_Images\chongqing\cq_streetview\cq_2433375_106.580511_29.585288.jpg,D:\StreetView_Project\01_Data\Street_Images\chongqing\cq_streetview\cq_2433375_106.580511_29.585288.jpg,0.3568589687347412,D:\StreetView_Project\03_Output\clip_knn\questionnaire_sample_k25_300\02_images_main\_final_flat_300_for_check\Q194__Q194_cq_2433375_106.580511_29.585288.jpg,c366beb492944ac501368fc872bb39d440a7f5842fdcb61c6bbbc403353eae39,Q194__cq_2433375_106.580511_29.585288.jpg,D:\StreetView_Project\03_Output\clip_knn\questionnaire_sample_k25_500_added_200\08D_spatial_visual_proximity_check_run_20260728_143220\01_preliminary_flat_500\Q194__cq_2433375_106.580511_29.585288.jpg,Q194__cq_2433375_106.580511_29.585288.jpg,D:\StreetView_Project\03_Output\clip_knn\questionnaire_sample_k25_500_added_200\08F_final500_freeze_run_20260728_145702\01_final_flat_500\Q194__cq_2433375_106.580511_29.585288.jpg,frozen_08F,D:\StreetView_Project\03_Output\clip_knn\questionnaire_sample_k25_500_added_200\08D_spatial_visual_proximity_check_run_20260728_143220
Q195,existing_300,CQ_640497,chongqing,106.483639,29.529413,201711,cq_640497_106.483639_29.529413.jpg,D:\StreetView_Project\01_Data\Street_Images\chongqing\cq_streetview\cq_640497_106.483639_29.529413.jpg,8,0.2144764363765717,center,重庆高层居住区绿化道路,Q195__cq_640497_106.483639_29.529413.jpg,D:\StreetView_Project\03_Output\clip_knn\questionnaire_sample_k25_500_added_200\08F_final500_freeze_run_20260728_145702\01_final_flat_500\Q195__cq_640497_106.483639_29.529413.jpg,CQ_640497,False,False,not_applicable_existing_300,Q195__Q195_cq_640497_106.483639_29.529413.jpg,D:\StreetView_Project\03_Output\clip_knn\questionnaire_sample_k25_300\02_images_main\_final_flat_300_for_check\Q195__Q195_cq_640497_106.483639_29.529413.jpg,,201711,cq_640497_106.483639_29.529413.jpg,D:\StreetView_Project\01_Data\Street_Images\chongqing\cq_streetview\cq_640497_106.483639_29.529413.jpg,D:\StreetView_Project\01_Data\Street_Images\chongqing\cq_streetview\cq_640497_106.483639_29.529413.jpg,0.2144764363765717,D:\StreetView_Project\03_Output\clip_knn\questionnaire_sample_k25_300\02_images_main\_final_flat_300_for_check\Q195__Q195_cq_640497_106.483639_29.529413.jpg,c2dbff23a0bd53b7a5c18cced8aaf6a51cbd199df2a42bb2bf4d00c36cd1eb71,Q195__cq_640497_106.483639_29.529413.jpg,D:\StreetView_Project\03_Output\clip_knn\questionnaire_sample_k25_500_added_200\08D_spatial_visual_proximity_check_run_20260728_143220\01_preliminary_flat_500\Q195__cq_640497_106.483639_29.529413.jpg,Q195__cq_640497_106.483639_29.529413.jpg,D:\StreetView_Project\03_Output\clip_knn\questionnaire_sample_k25_500_added_200\08F_final500_freeze_run_20260728_145702\01_final_flat_500\Q195__cq_640497_106.483639_29.529413.jpg,frozen_08F,D:\StreetView_Project\03_Output\clip_knn\questionnaire_sample_k25_500_added_200\08D_spatial_visual_proximity_check_run_20260728_143220
Q196,existing_300,CQ_628859,chongqing,106.479986,29.567805,201711,cq_628859_106.479986_29.567805.jpg,D:\StreetView_Project\01_Data\Street_Images\chongqing\cq_streetview\cq_628859_106.479986_29.567805.jpg,8,0.2411251813173294,center,重庆高层居住区绿化道路,Q196__cq_628859_106.479986_29.567805.jpg,D:\StreetView_Project\03_Output\clip_knn\questionnaire_sample_k25_500_added_200\08F_final500_freeze_run_20260728_145702\01_final_flat_500\Q196__cq_628859_106.479986_29.567805.jpg,CQ_628859,False,False,not_applicable_existing_300,Q196__Q196_cq_628859_106.479986_29.567805.jpg,D:\StreetView_Project\03_Output\clip_knn\questionnaire_sample_k25_300\02_images_main\_final_flat_300_for_check\Q196__Q196_cq_628859_106.479986_29.567805.jpg,,201711,cq_628859_106.479986_29.567805.jpg,D:\StreetView_Project\01_Data\Street_Images\chongqing\cq_streetview\cq_628859_106.479986_29.567805.jpg,D:\StreetView_Project\01_Data\Street_Images\chongqing\cq_streetview\cq_628859_106.479986_29.567805.jpg,0.2411251813173294,D:\StreetView_Project\03_Output\clip_knn\questionnaire_sample_k25_300\02_images_main\_final_flat_300_for_check\Q196__Q196_cq_628859_106.479986_29.567805.jpg,8ecd149d6501d12f14b7e77f44514242c7dee45ddb24ae99ba76e0f76017fb93,Q196__cq_628859_106.479986_29.567805.jpg,D:\StreetView_Project\03_Output\clip_knn\questionnaire_sample_k25_500_added_200\08D_spatial_visual_proximity_check_run_20260728_143220\01_preliminary_flat_500\Q196__cq_628859_106.479986_29.567805.jpg,Q196__cq_628859_106.479986_29.567805.jpg,D:\StreetView_Project\03_Output\clip_knn\questionnaire_sample_k25_500_added_200\08F_final500_freeze_run_20260728_145702\01_final_flat_500\Q196__cq_628859_106.479986_29.567805.jpg,frozen_08F,D:\StreetView_Project\03_Output\clip_knn\questionnaire_sample_k25_500_added_200\08D_spatial_visual_proximity_check_run_20260728_143220
Q197,existing_300,CQ_3155321,chongqing,106.459387,29.483333,201907,cq_3155321_106.459387_29.483333.jpg,D:\StreetView_Project\01_Data\Street_Images\chongqing\cq_streetview\cq_3155321_106.459387_29.483333.jpg,8,0.1918340176343918,center,重庆高层居住区绿化道路,Q197__cq_3155321_106.459387_29.483333.jpg,D:\StreetView_Project\03_Output\clip_knn\questionnaire_sample_k25_500_added_200\08F_final500_freeze_run_20260728_145702\01_final_flat_500\Q197__cq_3155321_106.459387_29.483333.jpg,CQ_3155321,False,False,not_applicable_existing_300,Q197__Q197_cq_3155321_106.459387_29.483333.jpg,D:\StreetView_Project\03_Output\clip_knn\questionnaire_sample_k25_300\02_images_main\_final_flat_300_for_check\Q197__Q197_cq_3155321_106.459387_29.483333.jpg,,201907,cq_3155321_106.459387_29.483333.jpg,D:\StreetView_Project\01_Data\Street_Images\chongqing\cq_streetview\cq_3155321_106.459387_29.483333.jpg,D:\StreetView_Project\01_Data\Street_Images\chongqing\cq_streetview\cq_3155321_106.459387_29.483333.jpg,0.1918340176343918,D:\StreetView_Project\03_Output\clip_knn\questionnaire_sample_k25_300\02_images_main\_final_flat_300_for_check\Q197__Q197_cq_3155321_106.459387_29.483333.jpg,62c7674db81321b397baed5778a245f6b8c5ea8caa8807cc0c7890426e9cc8c9,Q197__cq_3155321_106.459387_29.483333.jpg,D:\StreetView_Project\03_Output\clip_knn\questionnaire_sample_k25_500_added_200\08D_spatial_visual_proximity_check_run_20260728_143220\01_preliminary_flat_500\Q197__cq_3155321_106.459387_29.483333.jpg,Q197__cq_3155321_106.459387_29.483333.jpg,D:\StreetView_Project\03_Output\clip_knn\questionnaire_sample_k25_500_added_200\08F_final500_freeze_run_20260728_145702\01_final_flat_500\Q197__cq_3155321_106.459387_29.483333.jpg,frozen_08F,D:\StreetView_Project\03_Output\clip_knn\questionnaire_sample_k25_500_added_200\08D_spatial_visual_proximity_check_run_20260728_143220
Q198,existing_300,CQ_594178,chongqing,106.443707,29.55647,201711,cq_594178_106.443707_29.556470.jpg,D:\StreetView_Project\01_Data\Street_Images\chongqing\cq_streetview\cq_594178_106.443707_29.556470.jpg,8,0.2324902415275574,center,重庆高层居住区绿化道路,Q198__cq_594178_106.443707_29.55647.jpg,D:\StreetView_Project\03_Output\clip_knn\questionnaire_sample_k25_500_added_200\08F_final500_freeze_run_20260728_145702\01_final_flat_500\Q198__cq_594178_106.443707_29.55647.jpg,CQ_594178,False,False,not_applicable_existing_300,Q198__Q198_cq_594178_106.443707_29.556470.jpg,D:\StreetView_Project\03_Output\clip_knn\questionnaire_sample_k25_300\02_images_main\_final_flat_300_for_check\Q198__Q198_cq_594178_106.443707_29.556470.jpg,,201711,cq_594178_106.443707_29.556470.jpg,D:\StreetView_Project\01_Data\Street_Images\chongqing\cq_streetview\cq_594178_106.443707_29.556470.jpg,D:\StreetView_Project\01_Data\Street_Images\chongqing\cq_streetview\cq_594178_106.443707_29.556470.jpg,0.2324902415275574,D:\StreetView_Project\03_Output\clip_knn\questionnaire_sample_k25_300\02_images_main\_final_flat_300_for_check\Q198__Q198_cq_594178_106.443707_29.556470.jpg,8eb635f2324a116e597cb825b609b6f1ac00fb0f13c4fbb8f3b1228f7c6154c9,Q198__cq_594178_106.443707_29.55647.jpg,D:\StreetView_Project\03_Output\clip_knn\questionnaire_sample_k25_500_added_200\08D_spatial_visual_proximity_check_run_20260728_143220\01_preliminary_flat_500\Q198__cq_594178_106.443707_29.55647.jpg,Q198__cq_594178_106.443707_29.55647.jpg,D:\StreetView_Project\03_Output\clip_knn\questionnaire_sample_k25_500_added_200\08F_final500_freeze_run_20260728_145702\01_final_flat_500\Q198__cq_594178_106.443707_29.55647.jpg,frozen_08F,D:\StreetView_Project\03_Output\clip_knn\questionnaire_sample_k25_500_added_200\08D_spatial_visual_proximity_check_run_20260728_143220
Q199,existing_300,CQ_3300264,chongqing,106.520665,29.526555,201711,cq_3300264_106.520665_29.526555.jpg,D:\StreetView_Project\01_Data\Street_Images\chongqing\cq_streetview\cq_3300264_106.520665_29.526555.jpg,8,0.2687264978885651,middle,重庆高层居住区绿化道路,Q199__cq_3300264_106.520665_29.526555.jpg,D:\StreetView_Project\03_Output\clip_knn\questionnaire_sample_k25_500_added_200\08F_final500_freeze_run_20260728_145702\01_final_flat_500\Q199__cq_3300264_106.520665_29.526555.jpg,CQ_3300264,False,False,not_applicable_existing_300,Q199__Q199_cq_3300264_106.520665_29.526555.jpg,D:\StreetView_Project\03_Output\clip_knn\questionnaire_sample_k25_300\02_images_main\_final_flat_300_for_check\Q199__Q199_cq_3300264_106.520665_29.526555.jpg,,201711,cq_3300264_106.520665_29.526555.jpg,D:\StreetView_Project\01_Data\Street_Images\chongqing\cq_streetview\cq_3300264_106.520665_29.526555.jpg,D:\StreetView_Project\01_Data\Street_Images\chongqing\cq_streetview\cq_3300264_106.520665_29.526555.jpg,0.2687264978885651,D:\StreetView_Project\03_Output\clip_knn\questionnaire_sample_k25_300\02_images_main\_final_flat_300_for_check\Q199__Q199_cq_3300264_106.520665_29.526555.jpg,ff5c54cae20f6c7f7bed1ee985731245e20cc5353003eb70e75a3cefafcb15c7,Q199__cq_3300264_106.520665_29.526555.jpg,D:\StreetView_Project\03_Output\clip_knn\questionnaire_sample_k25_500_added_200\08D_spatial_visual_proximity_check_run_20260728_143220\01_preliminary_flat_500\Q199__cq_3300264_106.520665_29.526555.jpg,Q199__cq_3300264_106.520665_29.526555.jpg,D:\StreetView_Project\03_Output\clip_knn\questionnaire_sample_k25_500_added_200\08F_final500_freeze_run_20260728_145702\01_final_flat_500\Q199__cq_3300264_106.520665_29.526555.jpg,frozen_08F,D:\StreetView_Project\03_Output\clip_knn\questionnaire_sample_k25_500_added_200\08D_spatial_visual_proximity_check_run_20260728_143220
Q200,existing_300,CQ_711696,chongqing,106.555049,29.600416,201710,cq_711696_106.555049_29.600416.jpg,D:\StreetView_Project\01_Data\Street_Images\chongqing\cq_streetview\cq_711696_106.555049_29.600416.jpg,8,0.2593443095684052,middle,重庆高层居住区绿化道路,Q200__cq_711696_106.555049_29.600416.jpg,D:\StreetView_Project\03_Output\clip_knn\questionnaire_sample_k25_500_added_200\08F_final500_freeze_run_20260728_145702\01_final_flat_500\Q200__cq_711696_106.555049_29.600416.jpg,CQ_711696,False,False,not_applicable_existing_300,Q200__Q200_cq_711696_106.555049_29.600416.jpg,D:\StreetView_Project\03_Output\clip_knn\questionnaire_sample_k25_300\02_images_main\_final_flat_300_for_check\Q200__Q200_cq_711696_106.555049_29.600416.jpg,,201710,cq_711696_106.555049_29.600416.jpg,D:\StreetView_Project\01_Data\Street_Images\chongqing\cq_streetview\cq_711696_106.555049_29.600416.jpg,D:\StreetView_Project\01_Data\Street_Images\chongqing\cq_streetview\cq_711696_106.555049_29.600416.jpg,0.2593443095684052,D:\StreetView_Project\03_Output\clip_knn\questionnaire_sample_k25_300\02_images_main\_final_flat_300_for_check\Q200__Q200_cq_711696_106.555049_29.600416.jpg,22600d49fc1a28e2c87518f5a4b9b0673dea4c5fd7f7cad0f3e4b1388721520f,Q200__cq_711696_106.555049_29.600416.jpg,D:\StreetView_Project\03_Output\clip_knn\questionnaire_sample_k25_500_added_200\08D_spatial_visual_proximity_check_run_20260728_143220\01_preliminary_flat_500\Q200__cq_711696_106.555049_29.600416.jpg,Q200__cq_711696_106.555049_29.600416.jpg,D:\StreetView_Project\03_Output\clip_knn\questionnaire_sample_k25_500_added_200\08F_final500_freeze_run_20260728_145702\01_final_flat_500\Q200__cq_711696_106.555049_29.600416.jpg,frozen_08F,D:\StreetView_Project\03_Output\clip_knn\questionnaire_sample_k25_500_added_200\08D_spatial_visual_proximity_check_run_20260728_143220
Q201,existing_300,CQ_650439,chongqing,106.493302,29.578158,202005,cq_650439_106.493302_29.578158.jpg,D:\StreetView_Project\01_Data\Street_Images\chongqing\cq_streetview\cq_650439_106.493302_29.578158.jpg,22,0.2280366867780685,middle,重庆高层主干路/山地城市道路,Q201__cq_650439_106.493302_29.578158.jpg,D:\StreetView_Project\03_Output\clip_knn\questionnaire_sample_k25_500_added_200\08F_final500_freeze_run_20260728_145702\01_final_flat_500\Q201__cq_650439_106.493302_29.578158.jpg,CQ_650439,False,False,not_applicable_existing_300,Q201__Q201_cq_650439_106.493302_29.578158.jpg,D:\StreetView_Project\03_Output\clip_knn\questionnaire_sample_k25_300\02_images_main\_final_flat_300_for_check\Q201__Q201_cq_650439_106.493302_29.578158.jpg,,202005,cq_650439_106.493302_29.578158.jpg,D:\StreetView_Project\01_Data\Street_Images\chongqing\cq_streetview\cq_650439_106.493302_29.578158.jpg,D:\StreetView_Project\01_Data\Street_Images\chongqing\cq_streetview\cq_650439_106.493302_29.578158.jpg,0.2280366867780685,D:\StreetView_Project\03_Output\clip_knn\questionnaire_sample_k25_300\02_images_main\_final_flat_300_for_check\Q201__Q201_cq_650439_106.493302_29.578158.jpg,fa843c6911d40d5775938b27af36bbb3d9ff2d29a3bd94b4037104f4c2be962b,Q201__cq_650439_106.493302_29.578158.jpg,D:\StreetView_Project\03_Output\clip_knn\questionnaire_sample_k25_500_added_200\08D_spatial_visual_proximity_check_run_20260728_143220\01_preliminary_flat_500\Q201__cq_650439_106.493302_29.578158.jpg,Q201__cq_650439_106.493302_29.578158.jpg,D:\StreetView_Project\03_Output\clip_knn\questionnaire_sample_k25_500_added_200\08F_final500_freeze_run_20260728_145702\01_final_flat_500\Q201__cq_650439_106.493302_29.578158.jpg,frozen_08F,D:\StreetView_Project\03_Output\clip_knn\questionnaire_sample_k25_500_added_200\08D_spatial_visual_proximity_check_run_20260728_143220
Q202,existing_300,CQ_2433664,chongqing,106.491125,29.537488,202210,cq_2433664_106.491125_29.537488.jpg,D:\StreetView_Project\01_Data\Street_Images\chongqing\cq_streetview\cq_2433664_106.491125_29.537488.jpg,9,0.2131279557943344,center,成都中心城区规整主干路,Q202__cq_2433664_106.491125_29.537488.jpg,D:\StreetView_Project\03_Output\clip_knn\questionnaire_sample_k25_500_added_200\08F_final500_freeze_run_20260728_145702\01_final_flat_500\Q202__cq_2433664_106.491125_29.537488.jpg,CQ_2433664,False,False,not_applicable_existing_300,Q202__Q202_cq_2433664_106.491125_29.537488.jpg,D:\StreetView_Project\03_Output\clip_knn\questionnaire_sample_k25_300\02_images_main\_final_flat_300_for_check\Q202__Q202_cq_2433664_106.491125_29.537488.jpg,,202210,cq_2433664_106.491125_29.537488.jpg,D:\StreetView_Project\01_Data\Street_Images\chongqing\cq_streetview\cq_2433664_106.491125_29.537488.jpg,D:\StreetView_Project\01_Data\Street_Images\chongqing\cq_streetview\cq_2433664_106.491125_29.537488.jpg,0.2131279557943344,D:\StreetView_Project\03_Output\clip_knn\questionnaire_sample_k25_300\02_images_main\_final_flat_300_for_check\Q202__Q202_cq_2433664_106.491125_29.537488.jpg,db440a2fb462ae7b47ec7a7854e8a20fb994abdd1314b2359da0ea7f39b3ad54,Q202__cq_2433664_106.491125_29.537488.jpg,D:\StreetView_Project\03_Output\clip_knn\questionnaire_sample_k25_500_added_200\08D_spatial_visual_proximity_check_run_20260728_143220\01_preliminary_flat_500\Q202__cq_2433664_106.491125_29.537488.jpg,Q202__cq_2433664_106.491125_29.537488.jpg,D:\StreetView_Project\03_Output\clip_knn\questionnaire_sample_k25_500_added_200\08F_final500_freeze_run_20260728_145702\01_final_flat_500\Q202__cq_2433664_106.491125_29.537488.jpg,frozen_08F,D:\StreetView_Project\03_Output\clip_knn\questionnaire_sample_k25_500_added_200\08D_spatial_visual_proximity_check_run_20260728_143220
Q203,existing_300,CQ_677877,chongqing,106.516208,29.477576,202210,cq_677877_106.516208_29.477576.jpg,D:\StreetView_Project\01_Data\Street_Images\chongqing\cq_streetview\cq_677877_106.516208_29.477576.jpg,9,0.2243253588676453,center,成都中心城区规整主干路,Q203__cq_677877_106.516208_29.477576.jpg,D:\StreetView_Project\03_Output\clip_knn\questionnaire_sample_k25_500_added_200\08F_final500_freeze_run_20260728_145702\01_final_flat_500\Q203__cq_677877_106.516208_29.477576.jpg,CQ_677877,False,False,not_applicable_existing_300,Q203__Q203_cq_677877_106.516208_29.477576.jpg,D:\StreetView_Project\03_Output\clip_knn\questionnaire_sample_k25_300\02_images_main\_final_flat_300_for_check\Q203__Q203_cq_677877_106.516208_29.477576.jpg,,202210,cq_677877_106.516208_29.477576.jpg,D:\StreetView_Project\01_Data\Street_Images\chongqing\cq_streetview\cq_677877_106.516208_29.477576.jpg,D:\StreetView_Project\01_Data\Street_Images\chongqing\cq_streetview\cq_677877_106.516208_29.477576.jpg,0.2243253588676453,D:\StreetView_Project\03_Output\clip_knn\questionnaire_sample_k25_300\02_images_main\_final_flat_300_for_check\Q203__Q203_cq_677877_106.516208_29.477576.jpg,702cc262b5434ce6a0164d4feed1986ee88a4b49e0b888e8906b92ecd555b529,Q203__cq_677877_106.516208_29.477576.jpg,D:\StreetView_Project\03_Output\clip_knn\questionnaire_sample_k25_500_added_200\08D_spatial_visual_proximity_check_run_20260728_143220\01_preliminary_flat_500\Q203__cq_677877_106.516208_29.477576.jpg,Q203__cq_677877_106.516208_29.477576.jpg,D:\StreetView_Project\03_Output\clip_knn\questionnaire_sample_k25_500_added_200\08F_final500_freeze_run_20260728_145702\01_final_flat_500\Q203__cq_677877_106.516208_29.477576.jpg,frozen_08F,D:\StreetView_Project\03_Output\clip_knn\questionnaire_sample_k25_500_added_200\08D_spatial_visual_proximity_check_run_20260728_143220
Q204,existing_300,CQ_3279619,chongqing,106.536164,29.438594,202210,cq_3279619_106.536164_29.438594.jpg,D:\StreetView_Project\01_Data\Street_Images\chongqing\cq_streetview\cq_3279619_106.536164_29.438594.jpg,9,0.2563595175743103,middle,成都中心城区规整主干路,Q204__cq_3279619_106.536164_29.438594.jpg,D:\StreetView_Project\03_Output\clip_knn\questionnaire_sample_k25_500_added_200\08F_final500_freeze_run_20260728_145702\01_final_flat_500\Q204__cq_3279619_106.536164_29.438594.jpg,CQ_3279619,False,False,not_applicable_existing_300,Q204__Q204_cq_3279619_106.536164_29.438594.jpg,D:\StreetView_Project\03_Output\clip_knn\questionnaire_sample_k25_300\02_images_main\_final_flat_300_for_check\Q204__Q204_cq_3279619_106.536164_29.438594.jpg,,202210,cq_3279619_106.536164_29.438594.jpg,D:\StreetView_Project\01_Data\Street_Images\chongqing\cq_streetview\cq_3279619_106.536164_29.438594.jpg,D:\StreetView_Project\01_Data\Street_Images\chongqing\cq_streetview\cq_3279619_106.536164_29.438594.jpg,0.2563595175743103,D:\StreetView_Project\03_Output\clip_knn\questionnaire_sample_k25_300\02_images_main\_final_flat_300_for_check\Q204__Q204_cq_3279619_106.536164_29.438594.jpg,489e36b7d261f0902ccbd534f4a01f6454564c87e8a76ee676b18ffb6337db70,Q204__cq_3279619_106.536164_29.438594.jpg,D:\StreetView_Project\03_Output\clip_knn\questionnaire_sample_k25_500_added_200\08D_spatial_visual_proximity_check_run_20260728_143220\01_preliminary_flat_500\Q204__cq_3279619_106.536164_29.438594.jpg,Q204__cq_3279619_106.536164_29.438594.jpg,D:\StreetView_Project\03_Output\clip_knn\questionnaire_sample_k25_500_added_200\08F_final500_freeze_run_20260728_145702\01_final_flat_500\Q204__cq_3279619_106.536164_29.438594.jpg,frozen_08F,D:\StreetView_Project\03_Output\clip_knn\questionnaire_sample_k25_500_added_200\08D_spatial_visual_proximity_check_run_20260728_143220
Q205,existing_300,CQ_604263,chongqing,106.45527,29.519213,201711,cq_604263_106.455270_29.519213.jpg,D:\StreetView_Project\01_Data\Street_Images\chongqing\cq_streetview\cq_604263_106.455270_29.519213.jpg,9,0.2721623182296753,edge,成都中心城区规整主干路,Q205__cq_604263_106.45527_29.519213.jpg,D:\StreetView_Project\03_Output\clip_knn\questionnaire_sample_k25_500_added_200\08F_final500_freeze_run_20260728_145702\01_final_flat_500\Q205__cq_604263_106.45527_29.519213.jpg,CQ_604263,False,False,not_applicable_existing_300,Q205__Q205_cq_604263_106.455270_29.519213.jpg,D:\StreetView_Project\03_Output\clip_knn\questionnaire_sample_k25_300\02_images_main\_final_flat_300_for_check\Q205__Q205_cq_604263_106.455270_29.519213.jpg,,201711,cq_604263_106.455270_29.519213.jpg,D:\StreetView_Project\01_Data\Street_Images\chongqing\cq_streetview\cq_604263_106.455270_29.519213.jpg,D:\StreetView_Project\01_Data\Street_Images\chongqing\cq_streetview\cq_604263_106.455270_29.519213.jpg,0.2721623182296753,D:\StreetView_Project\03_Output\clip_knn\questionnaire_sample_k25_300\02_images_main\_final_flat_300_for_check\Q205__Q205_cq_604263_106.455270_29.519213.jpg,2f9dd6188c8f4a20e522eb987198bd1dc36f56b80dd137723562be00186d4d52,Q205__cq_604263_106.45527_29.519213.jpg,D:\StreetView_Project\03_Output\clip_knn\questionnaire_sample_k25_500_added_200\08D_spatial_visual_proximity_check_run_20260728_143220\01_preliminary_flat_500\Q205__cq_604263_106.45527_29.519213.jpg,Q205__cq_604263_106.45527_29.519213.jpg,D:\StreetView_Project\03_Output\clip_knn\questionnaire_sample_k25_500_added_200\08F_final500_freeze_run_20260728_145702\01_final_flat_500\Q205__cq_604263_106.45527_29.519213.jpg,frozen_08F,D:\StreetView_Project\03_Output\clip_knn\questionnaire_sample_k25_500_added_200\08D_spatial_visual_proximity_check_run_20260728_143220
Q206,existing_300,CQ_2795563,chongqing,106.525219,29.559032,202210,cq_2795563_106.525219_29.559032.jpg,D:\StreetView_Project\01_Data\Street_Images\chongqing\cq_streetview\cq_2795563_106.525219_29.559032.jpg,10,0.2612241506576538,middle,林荫遮蔽街道,Q206__cq_2795563_106.525219_29.559032.jpg,D:\StreetView_Project\03_Output\clip_knn\questionnaire_sample_k25_500_added_200\08F_final500_freeze_run_20260728_145702\01_final_flat_500\Q206__cq_2795563_106.525219_29.559032.jpg,CQ_2795563,False,False,not_applicable_existing_300,Q206__Q206_cq_2795563_106.525219_29.559032.jpg,D:\StreetView_Project\03_Output\clip_knn\questionnaire_sample_k25_300\02_images_main\_final_flat_300_for_check\Q206__Q206_cq_2795563_106.525219_29.559032.jpg,,202210,cq_2795563_106.525219_29.559032.jpg,D:\StreetView_Project\01_Data\Street_Images\chongqing\cq_streetview\cq_2795563_106.525219_29.559032.jpg,D:\StreetView_Project\01_Data\Street_Images\chongqing\cq_streetview\cq_2795563_106.525219_29.559032.jpg,0.2612241506576538,D:\StreetView_Project\03_Output\clip_knn\questionnaire_sample_k25_300\02_images_main\_final_flat_300_for_check\Q206__Q206_cq_2795563_106.525219_29.559032.jpg,10fc45f0f24400195d0d89cafb82a827a04a6be4413f63069218de4cd00cbb8a,Q206__cq_2795563_106.525219_29.559032.jpg,D:\StreetView_Project\03_Output\clip_knn\questionnaire_sample_k25_500_added_200\08D_spatial_visual_proximity_check_run_20260728_143220\01_preliminary_flat_500\Q206__cq_2795563_106.525219_29.559032.jpg,Q206__cq_2795563_106.525219_29.559032.jpg,D:\StreetView_Project\03_Output\clip_knn\questionnaire_sample_k25_500_added_200\08F_final500_freeze_run_20260728_145702\01_final_flat_500\Q206__cq_2795563_106.525219_29.559032.jpg,frozen_08F,D:\StreetView_Project\03_Output\clip_knn\questionnaire_sample_k25_500_added_200\08D_spatial_visual_proximity_check_run_20260728_143220
Q207,existing_300,CQ_629392,chongqing,106.47811,29.500918,201711,cq_629392_106.478110_29.500918.jpg,D:\StreetView_Project\01_Data\Street_Images\chongqing\cq_streetview\cq_629392_106.478110_29.500918.jpg,10,0.2276945412158966,center,林荫遮蔽街道,Q207__cq_629392_106.47811_29.500918.jpg,D:\StreetView_Project\03_Output\clip_knn\questionnaire_sample_k25_500_added_200\08F_final500_freeze_run_20260728_145702\01_final_flat_500\Q207__cq_629392_106.47811_29.500918.jpg,CQ_629392,False,False,not_applicable_existing_300,Q207__Q207_cq_629392_106.478110_29.500918.jpg,D:\StreetView_Project\03_Output\clip_knn\questionnaire_sample_k25_300\02_images_main\_final_flat_300_for_check\Q207__Q207_cq_629392_106.478110_29.500918.jpg,,201711,cq_629392_106.478110_29.500918.jpg,D:\StreetView_Project\01_Data\Street_Images\chongqing\cq_streetview\cq_629392_106.478110_29.500918.jpg,D:\StreetView_Project\01_Data\Street_Images\chongqing\cq_streetview\cq_629392_106.478110_29.500918.jpg,0.2276945412158966,D:\StreetView_Project\03_Output\clip_knn\questionnaire_sample_k25_300\02_images_main\_final_flat_300_for_check\Q207__Q207_cq_629392_106.478110_29.500918.jpg,2b91b614c6c7db90293967770b465b64bb0d66bbe1db36d9301151de6e8115c7,Q207__cq_629392_106.47811_29.500918.jpg,D:\StreetView_Project\03_Output\clip_knn\questionnaire_sample_k25_500_added_200\08D_spatial_visual_proximity_check_run_20260728_143220\01_preliminary_flat_500\Q207__cq_629392_106.47811_29.500918.jpg,Q207__cq_629392_106.47811_29.500918.jpg,D:\StreetView_Project\03_Output\clip_knn\questionnaire_sample_k25_500_added_200\08F_final500_freeze_run_20260728_145702\01_final_flat_500\Q207__cq_629392_106.47811_29.500918.jpg,frozen_08F,D:\StreetView_Project\03_Output\clip_knn\questionnaire_sample_k25_500_added_200\08D_spatial_visual_proximity_check_run_20260728_143220
Q208,existing_300,CQ_3151204,chongqing,106.472448,29.500761,202210,cq_3151204_106.472448_29.500761.jpg,D:\StreetView_Project\01_Data\Street_Images\chongqing\cq_streetview\cq_3151204_106.472448_29.500761.jpg,10,0.2221483886241913,center,林荫遮蔽街道,Q208__cq_3151204_106.472448_29.500761.jpg,D:\StreetView_Project\03_Output\clip_knn\questionnaire_sample_k25_500_added_200\08F_final500_freeze_run_20260728_145702\01_final_flat_500\Q208__cq_3151204_106.472448_29.500761.jpg,CQ_3151204,False,False,not_applicable_existing_300,Q208__Q208_cq_3151204_106.472448_29.500761.jpg,D:\StreetView_Project\03_Output\clip_knn\questionnaire_sample_k25_300\02_images_main\_final_flat_300_for_check\Q208__Q208_cq_3151204_106.472448_29.500761.jpg,,202210,cq_3151204_106.472448_29.500761.jpg,D:\StreetView_Project\01_Data\Street_Images\chongqing\cq_streetview\cq_3151204_106.472448_29.500761.jpg,D:\StreetView_Project\01_Data\Street_Images\chongqing\cq_streetview\cq_3151204_106.472448_29.500761.jpg,0.2221483886241913,D:\StreetView_Project\03_Output\clip_knn\questionnaire_sample_k25_300\02_images_main\_final_flat_300_for_check\Q208__Q208_cq_3151204_106.472448_29.500761.jpg,446190eccad784bc22593d6f8cd93437111ce1c6a6313a4062b3eefb1d7dcd83,Q208__cq_3151204_106.472448_29.500761.jpg,D:\StreetView_Project\03_Output\clip_knn\questionnaire_sample_k25_500_added_200\08D_spatial_visual_proximity_check_run_20260728_143220\01_preliminary_flat_500\Q208__cq_3151204_106.472448_29.500761.jpg,Q208__cq_3151204_106.472448_29.500761.jpg,D:\StreetView_Project\03_Output\clip_knn\questionnaire_sample_k25_500_added_200\08F_final500_freeze_run_20260728_145702\01_final_flat_500\Q208__cq_3151204_106.472448_29.500761.jpg,frozen_08F,D:\StreetView_Project\03_Output\clip_knn\questionnaire_sample_k25_500_added_200\08D_spatial_visual_proximity_check_run_20260728_143220
Q209,existing_300,CQ_2913771,chongqing,106.506984,29.585227,202210,cq_2913771_106.506984_29.585227.jpg,D:\StreetView_Project\01_Data\Street_Images\chongqing\cq_streetview\cq_2913771_106.506984_29.585227.jpg,10,0.2137413769960403,center,林荫遮蔽街道,Q209__cq_2913771_106.506984_29.585227.jpg,D:\StreetView_Project\03_Output\clip_knn\questionnaire_sample_k25_500_added_200\08F_final500_freeze_run_20260728_145702\01_final_flat_500\Q209__cq_2913771_106.506984_29.585227.jpg,CQ_2913771,False,False,not_applicable_existing_300,Q209__Q209_cq_2913771_106.506984_29.585227.jpg,D:\StreetView_Project\03_Output\clip_knn\questionnaire_sample_k25_300\02_images_main\_final_flat_300_for_check\Q209__Q209_cq_2913771_106.506984_29.585227.jpg,,202210,cq_2913771_106.506984_29.585227.jpg,D:\StreetView_Project\01_Data\Street_Images\chongqing\cq_streetview\cq_2913771_106.506984_29.585227.jpg,D:\StreetView_Project\01_Data\Street_Images\chongqing\cq_streetview\cq_2913771_106.506984_29.585227.jpg,0.2137413769960403,D:\StreetView_Project\03_Output\clip_knn\questionnaire_sample_k25_300\02_images_main\_final_flat_300_for_check\Q209__Q209_cq_2913771_106.506984_29.585227.jpg,e6b49c8cd2ebfebcef310bbfdabeb7d4351f7e2638e7d7acefd07268c318de0d,Q209__cq_2913771_106.506984_29.585227.jpg,D:\StreetView_Project\03_Output\clip_knn\questionnaire_sample_k25_500_added_200\08D_spatial_visual_proximity_check_run_20260728_143220\01_preliminary_flat_500\Q209__cq_2913771_106.506984_29.585227.jpg,Q209__cq_2913771_106.506984_29.585227.jpg,D:\StreetView_Project\03_Output\clip_knn\questionnaire_sample_k25_500_added_200\08F_final500_freeze_run_20260728_145702\01_final_flat_500\Q209__cq_2913771_106.506984_29.585227.jpg,frozen_08F,D:\StreetView_Project\03_Output\clip_knn\questionnaire_sample_k25_500_added_200\08D_spatial_visual_proximity_check_run_20260728_143220
Q210,existing_300,CQ_613575,chongqing,106.460868,29.53117,201609,cq_613575_106.460868_29.531170.jpg,D:\StreetView_Project\01_Data\Street_Images\chongqing\cq_streetview\cq_613575_106.460868_29.531170.jpg,10,0.2679846286773682,middle,林荫遮蔽街道,Q210__cq_613575_106.460868_29.53117.jpg,D:\StreetView_Project\03_Output\clip_knn\questionnaire_sample_k25_500_added_200\08F_final500_freeze_run_20260728_145702\01_final_flat_500\Q210__cq_613575_106.460868_29.53117.jpg,CQ_613575,False,False,not_applicable_existing_300,Q210__Q210_cq_613575_106.460868_29.531170.jpg,D:\StreetView_Project\03_Output\clip_knn\questionnaire_sample_k25_300\02_images_main\_final_flat_300_for_check\Q210__Q210_cq_613575_106.460868_29.531170.jpg,,201609,cq_613575_106.460868_29.531170.jpg,D:\StreetView_Project\01_Data\Street_Images\chongqing\cq_streetview\cq_613575_106.460868_29.531170.jpg,D:\StreetView_Project\01_Data\Street_Images\chongqing\cq_streetview\cq_613575_106.460868_29.531170.jpg,0.2679846286773682,D:\StreetView_Project\03_Output\clip_knn\questionnaire_sample_k25_300\02_images_main\_final_flat_300_for_check\Q210__Q210_cq_613575_106.460868_29.531170.jpg,389ee03f4ba76b8d0759279122bad3fbcf345ed12a795ad355736ce7a01c888d,Q210__cq_613575_106.460868_29.53117.jpg,D:\StreetView_Project\03_Output\clip_knn\questionnaire_sample_k25_500_added_200\08D_spatial_visual_proximity_check_run_20260728_143220\01_preliminary_flat_500\Q210__cq_613575_106.460868_29.53117.jpg,Q210__cq_613575_106.460868_29.53117.jpg,D:\StreetView_Project\03_Output\clip_knn\questionnaire_sample_k25_500_added_200\08F_final500_freeze_run_20260728_145702\01_final_flat_500\Q210__cq_613575_106.460868_29.53117.jpg,frozen_08F,D:\StreetView_Project\03_Output\clip_knn\questionnaire_sample_k25_500_added_200\08D_spatial_visual_proximity_check_run_20260728_143220
Q211,existing_300,CQ_692838,chongqing,106.53541,29.487416,201711,cq_692838_106.535410_29.487416.jpg,D:\StreetView_Project\01_Data\Street_Images\chongqing\cq_streetview\cq_692838_106.535410_29.487416.jpg,10,0.2415818274021149,middle,林荫遮蔽街道,Q211__cq_692838_106.53541_29.487416.jpg,D:\StreetView_Project\03_Output\clip_knn\questionnaire_sample_k25_500_added_200\08F_final500_freeze_run_20260728_145702\01_final_flat_500\Q211__cq_692838_106.53541_29.487416.jpg,CQ_692838,False,False,not_applicable_existing_300,Q211__Q211_cq_692838_106.535410_29.487416.jpg,D:\StreetView_Project\03_Output\clip_knn\questionnaire_sample_k25_300\02_images_main\_final_flat_300_for_check\Q211__Q211_cq_692838_106.535410_29.487416.jpg,,201711,cq_692838_106.535410_29.487416.jpg,D:\StreetView_Project\01_Data\Street_Images\chongqing\cq_streetview\cq_692838_106.535410_29.487416.jpg,D:\StreetView_Project\01_Data\Street_Images\chongqing\cq_streetview\cq_692838_106.535410_29.487416.jpg,0.2415818274021149,D:\StreetView_Project\03_Output\clip_knn\questionnaire_sample_k25_300\02_images_main\_final_flat_300_for_check\Q211__Q211_cq_692838_106.535410_29.487416.jpg,39916c7cce77041f809c30ee7a1d8759e9821f72fbbf5180ed1af36d30ee2b01,Q211__cq_692838_106.53541_29.487416.jpg,D:\StreetView_Project\03_Output\clip_knn\questionnaire_sample_k25_500_added_200\08D_spatial_visual_proximity_check_run_20260728_143220\01_preliminary_flat_500\Q211__cq_692838_106.53541_29.487416.jpg,Q211__cq_692838_106.53541_29.487416.jpg,D:\StreetView_Project\03_Output\clip_knn\questionnaire_sample_k25_500_added_200\08F_final500_freeze_run_20260728_145702\01_final_flat_500\Q211__cq_692838_106.53541_29.487416.jpg,frozen_08F,D:\StreetView_Project\03_Output\clip_knn\questionnaire_sample_k25_500_added_200\08D_spatial_visual_proximity_check_run_20260728_143220
Q212,existing_300,CQ_664018,chongqing,106.502797,29.515364,201906,cq_664018_106.502797_29.515364.jpg,D:\StreetView_Project\01_Data\Street_Images\chongqing\cq_streetview\cq_664018_106.502797_29.515364.jpg,10,0.2815425395965576,edge,林荫遮蔽街道,Q212__cq_664018_106.502797_29.515364.jpg,D:\StreetView_Project\03_Output\clip_knn\questionnaire_sample_k25_500_added_200\08F_final500_freeze_run_20260728_145702\01_final_flat_500\Q212__cq_664018_106.502797_29.515364.jpg,CQ_664018,False,False,not_applicable_existing_300,Q212__Q212_cq_664018_106.502797_29.515364.jpg,D:\StreetView_Project\03_Output\clip_knn\questionnaire_sample_k25_300\02_images_main\_final_flat_300_for_check\Q212__Q212_cq_664018_106.502797_29.515364.jpg,,201906,cq_664018_106.502797_29.515364.jpg,D:\StreetView_Project\01_Data\Street_Images\chongqing\cq_streetview\cq_664018_106.502797_29.515364.jpg,D:\StreetView_Project\01_Data\Street_Images\chongqing\cq_streetview\cq_664018_106.502797_29.515364.jpg,0.2815425395965576,D:\StreetView_Project\03_Output\clip_knn\questionnaire_sample_k25_300\02_images_main\_final_flat_300_for_check\Q212__Q212_cq_664018_106.502797_29.515364.jpg,16c666672fd63e5b6c1de9f433081308d482794210bfac3bc4aaa7c616e8824a,Q212__cq_664018_106.502797_29.515364.jpg,D:\StreetView_Project\03_Output\clip_knn\questionnaire_sample_k25_500_added_200\08D_spatial_visual_proximity_check_run_20260728_143220\01_preliminary_flat_500\Q212__cq_664018_106.502797_29.515364.jpg,Q212__cq_664018_106.502797_29.515364.jpg,D:\StreetView_Project\03_Output\clip_knn\questionnaire_sample_k25_500_added_200\08F_final500_freeze_run_20260728_145702\01_final_flat_500\Q212__cq_664018_106.502797_29.515364.jpg,frozen_08F,D:\StreetView_Project\03_Output\clip_knn\questionnaire_sample_k25_500_added_200\08D_spatial_visual_proximity_check_run_20260728_143220
Q213,existing_300,CQ_2433450,chongqing,106.459617,29.521065,202210,cq_2433450_106.459617_29.521065.jpg,D:\StreetView_Project\01_Data\Street_Images\chongqing\cq_streetview\cq_2433450_106.459617_29.521065.jpg,11,0.3055571615695953,center,桥梁/高架快速路空间,Q213__cq_2433450_106.459617_29.521065.jpg,D:\StreetView_Project\03_Output\clip_knn\questionnaire_sample_k25_500_added_200\08F_final500_freeze_run_20260728_145702\01_final_flat_500\Q213__cq_2433450_106.459617_29.521065.jpg,CQ_2433450,False,False,not_applicable_existing_300,Q213__Q213_cq_2433450_106.459617_29.521065.jpg,D:\StreetView_Project\03_Output\clip_knn\questionnaire_sample_k25_300\02_images_main\_final_flat_300_for_check\Q213__Q213_cq_2433450_106.459617_29.521065.jpg,,202210,cq_2433450_106.459617_29.521065.jpg,D:\StreetView_Project\01_Data\Street_Images\chongqing\cq_streetview\cq_2433450_106.459617_29.521065.jpg,D:\StreetView_Project\01_Data\Street_Images\chongqing\cq_streetview\cq_2433450_106.459617_29.521065.jpg,0.3055571615695953,D:\StreetView_Project\03_Output\clip_knn\questionnaire_sample_k25_300\02_images_main\_final_flat_300_for_check\Q213__Q213_cq_2433450_106.459617_29.521065.jpg,4643f4c9eb82485778f5609319bf3c8e9f1f9a88883194964d0f3fa77e8df18d,Q213__cq_2433450_106.459617_29.521065.jpg,D:\StreetView_Project\03_Output\clip_knn\questionnaire_sample_k25_500_added_200\08D_spatial_visual_proximity_check_run_20260728_143220\01_preliminary_flat_500\Q213__cq_2433450_106.459617_29.521065.jpg,Q213__cq_2433450_106.459617_29.521065.jpg,D:\StreetView_Project\03_Output\clip_knn\questionnaire_sample_k25_500_added_200\08F_final500_freeze_run_20260728_145702\01_final_flat_500\Q213__cq_2433450_106.459617_29.521065.jpg,frozen_08F,D:\StreetView_Project\03_Output\clip_knn\questionnaire_sample_k25_500_added_200\08D_spatial_visual_proximity_check_run_20260728_143220
Q214,existing_300,CQ_3424109,chongqing,106.489756,29.609363,201710,cq_3424109_106.489756_29.609363.jpg,D:\StreetView_Project\01_Data\Street_Images\chongqing\cq_streetview\cq_3424109_106.489756_29.609363.jpg,11,0.3161195814609528,center,桥梁/高架快速路空间,Q214__cq_3424109_106.489756_29.609363.jpg,D:\StreetView_Project\03_Output\clip_knn\questionnaire_sample_k25_500_added_200\08F_final500_freeze_run_20260728_145702\01_final_flat_500\Q214__cq_3424109_106.489756_29.609363.jpg,CQ_3424109,False,False,not_applicable_existing_300,Q214__Q214_cq_3424109_106.489756_29.609363.jpg,D:\StreetView_Project\03_Output\clip_knn\questionnaire_sample_k25_300\02_images_main\_final_flat_300_for_check\Q214__Q214_cq_3424109_106.489756_29.609363.jpg,,201710,cq_3424109_106.489756_29.609363.jpg,D:\StreetView_Project\01_Data\Street_Images\chongqing\cq_streetview\cq_3424109_106.489756_29.609363.jpg,D:\StreetView_Project\01_Data\Street_Images\chongqing\cq_streetview\cq_3424109_106.489756_29.609363.jpg,0.3161195814609528,D:\StreetView_Project\03_Output\clip_knn\questionnaire_sample_k25_300\02_images_main\_final_flat_300_for_check\Q214__Q214_cq_3424109_106.489756_29.609363.jpg,b65d28e4f8841c660aa71a1c85dd0cad355745bd09945466e103f2538a95d7d2,Q214__cq_3424109_106.489756_29.609363.jpg,D:\StreetView_Project\03_Output\clip_knn\questionnaire_sample_k25_500_added_200\08D_spatial_visual_proximity_check_run_20260728_143220\01_preliminary_flat_500\Q214__cq_3424109_106.489756_29.609363.jpg,Q214__cq_3424109_106.489756_29.609363.jpg,D:\StreetView_Project\03_Output\clip_knn\questionnaire_sample_k25_500_added_200\08F_final500_freeze_run_20260728_145702\01_final_flat_500\Q214__cq_3424109_106.489756_29.609363.jpg,frozen_08F,D:\StreetView_Project\03_Output\clip_knn\questionnaire_sample_k25_500_added_200\08D_spatial_visual_proximity_check_run_20260728_143220
Q215,existing_300,CQ_3506101,chongqing,106.500227,29.457823,201509,cq_3506101_106.500227_29.457823.jpg,D:\StreetView_Project\01_Data\Street_Images\chongqing\cq_streetview\cq_3506101_106.500227_29.457823.jpg,11,0.3412779271602631,middle,桥梁/高架快速路空间,Q215__cq_3506101_106.500227_29.457823.jpg,D:\StreetView_Project\03_Output\clip_knn\questionnaire_sample_k25_500_added_200\08F_final500_freeze_run_20260728_145702\01_final_flat_500\Q215__cq_3506101_106.500227_29.457823.jpg,CQ_3506101,False,False,not_applicable_existing_300,Q215__Q215_cq_3506101_106.500227_29.457823.jpg,D:\StreetView_Project\03_Output\clip_knn\questionnaire_sample_k25_300\02_images_main\_final_flat_300_for_check\Q215__Q215_cq_3506101_106.500227_29.457823.jpg,,201509,cq_3506101_106.500227_29.457823.jpg,D:\StreetView_Project\01_Data\Street_Images\chongqing\cq_streetview\cq_3506101_106.500227_29.457823.jpg,D:\StreetView_Project\01_Data\Street_Images\chongqing\cq_streetview\cq_3506101_106.500227_29.457823.jpg,0.3412779271602631,D:\StreetView_Project\03_Output\clip_knn\questionnaire_sample_k25_300\02_images_main\_final_flat_300_for_check\Q215__Q215_cq_3506101_106.500227_29.457823.jpg,80856fc7eaf926dd1669db333cb819b47ab7321cd461712c2eac016eb0103ba9,Q215__cq_3506101_106.500227_29.457823.jpg,D:\StreetView_Project\03_Output\clip_knn\questionnaire_sample_k25_500_added_200\08D_spatial_visual_proximity_check_run_20260728_143220\01_preliminary_flat_500\Q215__cq_3506101_106.500227_29.457823.jpg,Q215__cq_3506101_106.500227_29.457823.jpg,D:\StreetView_Project\03_Output\clip_knn\questionnaire_sample_k25_500_added_200\08F_final500_freeze_run_20260728_145702\01_final_flat_500\Q215__cq_3506101_106.500227_29.457823.jpg,frozen_08F,D:\StreetView_Project\03_Output\clip_knn\questionnaire_sample_k25_500_added_200\08D_spatial_visual_proximity_check_run_20260728_143220
Q216,existing_300,CQ_2432492,chongqing,106.57465,29.523836,201907,cq_2432492_106.574650_29.523836.jpg,D:\StreetView_Project\01_Data\Street_Images\chongqing\cq_streetview\cq_2432492_106.574650_29.523836.jpg,11,0.3022388815879822,center,桥梁/高架快速路空间,Q216__cq_2432492_106.57465_29.523836.jpg,D:\StreetView_Project\03_Output\clip_knn\questionnaire_sample_k25_500_added_200\08F_final500_freeze_run_20260728_145702\01_final_flat_500\Q216__cq_2432492_106.57465_29.523836.jpg,CQ_2432492,False,False,not_applicable_existing_300,Q216__Q216_cq_2432492_106.574650_29.523836.jpg,D:\StreetView_Project\03_Output\clip_knn\questionnaire_sample_k25_300\02_images_main\_final_flat_300_for_check\Q216__Q216_cq_2432492_106.574650_29.523836.jpg,,201907,cq_2432492_106.574650_29.523836.jpg,D:\StreetView_Project\01_Data\Street_Images\chongqing\cq_streetview\cq_2432492_106.574650_29.523836.jpg,D:\StreetView_Project\01_Data\Street_Images\chongqing\cq_streetview\cq_2432492_106.574650_29.523836.jpg,0.3022388815879822,D:\StreetView_Project\03_Output\clip_knn\questionnaire_sample_k25_300\02_images_main\_final_flat_300_for_check\Q216__Q216_cq_2432492_106.574650_29.523836.jpg,cbdb66654efea83691a9c2e0775a2414c84a55e5495955f987f95d4060f16af7,Q216__cq_2432492_106.57465_29.523836.jpg,D:\StreetView_Project\03_Output\clip_knn\questionnaire_sample_k25_500_added_200\08D_spatial_visual_proximity_check_run_20260728_143220\01_preliminary_flat_500\Q216__cq_2432492_106.57465_29.523836.jpg,Q216__cq_2432492_106.57465_29.523836.jpg,D:\StreetView_Project\03_Output\clip_knn\questionnaire_sample_k25_500_added_200\08F_final500_freeze_run_20260728_145702\01_final_flat_500\Q216__cq_2432492_106.57465_29.523836.jpg,frozen_08F,D:\StreetView_Project\03_Output\clip_knn\questionnaire_sample_k25_500_added_200\08D_spatial_visual_proximity_check_run_20260728_143220
Q217,existing_300,CQ_630060,chongqing,106.475495,29.459301,202210,cq_630060_106.475495_29.459301.jpg,D:\StreetView_Project\01_Data\Street_Images\chongqing\cq_streetview\cq_630060_106.475495_29.459301.jpg,12,0.2106738686561584,center,重庆高密普通主干路,Q217__cq_630060_106.475495_29.459301.jpg,D:\StreetView_Project\03_Output\clip_knn\questionnaire_sample_k25_500_added_200\08F_final500_freeze_run_20260728_145702\01_final_flat_500\Q217__cq_630060_106.475495_29.459301.jpg,CQ_630060,False,False,not_applicable_existing_300,Q217__Q217_cq_630060_106.475495_29.459301.jpg,D:\StreetView_Project\03_Output\clip_knn\questionnaire_sample_k25_300\02_images_main\_final_flat_300_for_check\Q217__Q217_cq_630060_106.475495_29.459301.jpg,,202210,cq_630060_106.475495_29.459301.jpg,D:\StreetView_Project\01_Data\Street_Images\chongqing\cq_streetview\cq_630060_106.475495_29.459301.jpg,D:\StreetView_Project\01_Data\Street_Images\chongqing\cq_streetview\cq_630060_106.475495_29.459301.jpg,0.2106738686561584,D:\StreetView_Project\03_Output\clip_knn\questionnaire_sample_k25_300\02_images_main\_final_flat_300_for_check\Q217__Q217_cq_630060_106.475495_29.459301.jpg,7654355594712fe6626a25ecd0282734d3f9f5ffc1bd2f76b4432b7273daa7d0,Q217__cq_630060_106.475495_29.459301.jpg,D:\StreetView_Project\03_Output\clip_knn\questionnaire_sample_k25_500_added_200\08D_spatial_visual_proximity_check_run_20260728_143220\01_preliminary_flat_500\Q217__cq_630060_106.475495_29.459301.jpg,Q217__cq_630060_106.475495_29.459301.jpg,D:\StreetView_Project\03_Output\clip_knn\questionnaire_sample_k25_500_added_200\08F_final500_freeze_run_20260728_145702\01_final_flat_500\Q217__cq_630060_106.475495_29.459301.jpg,frozen_08F,D:\StreetView_Project\03_Output\clip_knn\questionnaire_sample_k25_500_added_200\08D_spatial_visual_proximity_check_run_20260728_143220
Q218,existing_300,CQ_2913763,chongqing,106.514853,29.593525,202210,cq_2913763_106.514853_29.593525.jpg,D:\StreetView_Project\01_Data\Street_Images\chongqing\cq_streetview\cq_2913763_106.514853_29.593525.jpg,12,0.2079240679740906,center,重庆高密普通主干路,Q218__cq_2913763_106.514853_29.593525.jpg,D:\StreetView_Project\03_Output\clip_knn\questionnaire_sample_k25_500_added_200\08F_final500_freeze_run_20260728_145702\01_final_flat_500\Q218__cq_2913763_106.514853_29.593525.jpg,CQ_2913763,False,False,not_applicable_existing_300,Q218__Q218_cq_2913763_106.514853_29.593525.jpg,D:\StreetView_Project\03_Output\clip_knn\questionnaire_sample_k25_300\02_images_main\_final_flat_300_for_check\Q218__Q218_cq_2913763_106.514853_29.593525.jpg,,202210,cq_2913763_106.514853_29.593525.jpg,D:\StreetView_Project\01_Data\Street_Images\chongqing\cq_streetview\cq_2913763_106.514853_29.593525.jpg,D:\StreetView_Project\01_Data\Street_Images\chongqing\cq_streetview\cq_2913763_106.514853_29.593525.jpg,0.2079240679740906,D:\StreetView_Project\03_Output\clip_knn\questionnaire_sample_k25_300\02_images_main\_final_flat_300_for_check\Q218__Q218_cq_2913763_106.514853_29.593525.jpg,7427b0b6216baa78ecd1275f162a6f53c184b90b65ebcf328c83b7376353750f,Q218__cq_2913763_106.514853_29.593525.jpg,D:\StreetView_Project\03_Output\clip_knn\questionnaire_sample_k25_500_added_200\08D_spatial_visual_proximity_check_run_20260728_143220\01_preliminary_flat_500\Q218__cq_2913763_106.514853_29.593525.jpg,Q218__cq_2913763_106.514853_29.593525.jpg,D:\StreetView_Project\03_Output\clip_knn\questionnaire_sample_k25_500_added_200\08F_final500_freeze_run_20260728_145702\01_final_flat_500\Q218__cq_2913763_106.514853_29.593525.jpg,frozen_08F,D:\StreetView_Project\03_Output\clip_knn\questionnaire_sample_k25_500_added_200\08D_spatial_visual_proximity_check_run_20260728_143220
Q219,existing_300,CQ_2913732,chongqing,106.525143,29.591695,201907,cq_2913732_106.525143_29.591695.jpg,D:\StreetView_Project\01_Data\Street_Images\chongqing\cq_streetview\cq_2913732_106.525143_29.591695.jpg,12,0.1973358988761902,center,重庆高密普通主干路,Q219__cq_2913732_106.525143_29.591695.jpg,D:\StreetView_Project\03_Output\clip_knn\questionnaire_sample_k25_500_added_200\08F_final500_freeze_run_20260728_145702\01_final_flat_500\Q219__cq_2913732_106.525143_29.591695.jpg,CQ_2913732,False,False,not_applicable_existing_300,Q219__Q219_cq_2913732_106.525143_29.591695.jpg,D:\StreetView_Project\03_Output\clip_knn\questionnaire_sample_k25_300\02_images_main\_final_flat_300_for_check\Q219__Q219_cq_2913732_106.525143_29.591695.jpg,,201907,cq_2913732_106.525143_29.591695.jpg,D:\StreetView_Project\01_Data\Street_Images\chongqing\cq_streetview\cq_2913732_106.525143_29.591695.jpg,D:\StreetView_Project\01_Data\Street_Images\chongqing\cq_streetview\cq_2913732_106.525143_29.591695.jpg,0.1973358988761902,D:\StreetView_Project\03_Output\clip_knn\questionnaire_sample_k25_300\02_images_main\_final_flat_300_for_check\Q219__Q219_cq_2913732_106.525143_29.591695.jpg,bf00e091860780c24510fa4b22cc5cf03db509ce02bdc9da6e248ed777b11a88,Q219__cq_2913732_106.525143_29.591695.jpg,D:\StreetView_Project\03_Output\clip_knn\questionnaire_sample_k25_500_added_200\08D_spatial_visual_proximity_check_run_20260728_143220\01_preliminary_flat_500\Q219__cq_2913732_106.525143_29.591695.jpg,Q219__cq_2913732_106.525143_29.591695.jpg,D:\StreetView_Project\03_Output\clip_knn\questionnaire_sample_k25_500_added_200\08F_final500_freeze_run_20260728_145702\01_final_flat_500\Q219__cq_2913732_106.525143_29.591695.jpg,frozen_08F,D:\StreetView_Project\03_Output\clip_knn\questionnaire_sample_k25_500_added_200\08D_spatial_visual_proximity_check_run_20260728_143220
Q220,existing_300,CQ_3146289,chongqing,106.476971,29.521411,202210,cq_3146289_106.476971_29.521411.jpg,D:\StreetView_Project\01_Data\Street_Images\chongqing\cq_streetview\cq_3146289_106.476971_29.521411.jpg,12,0.1950307786464691,center,重庆高密普通主干路,Q220__cq_3146289_106.476971_29.521411.jpg,D:\StreetView_Project\03_Output\clip_knn\questionnaire_sample_k25_500_added_200\08F_final500_freeze_run_20260728_145702\01_final_flat_500\Q220__cq_3146289_106.476971_29.521411.jpg,CQ_3146289,False,False,not_applicable_existing_300,Q220__Q220_cq_3146289_106.476971_29.521411.jpg,D:\StreetView_Project\03_Output\clip_knn\questionnaire_sample_k25_300\02_images_main\_final_flat_300_for_check\Q220__Q220_cq_3146289_106.476971_29.521411.jpg,,202210,cq_3146289_106.476971_29.521411.jpg,D:\StreetView_Project\01_Data\Street_Images\chongqing\cq_streetview\cq_3146289_106.476971_29.521411.jpg,D:\StreetView_Project\01_Data\Street_Images\chongqing\cq_streetview\cq_3146289_106.476971_29.521411.jpg,0.1950307786464691,D:\StreetView_Project\03_Output\clip_knn\questionnaire_sample_k25_300\02_images_main\_final_flat_300_for_check\Q220__Q220_cq_3146289_106.476971_29.521411.jpg,70cc518a34dca71d75662bf697871e15fdbb4cf222e2b8279f8af4cc8f9d5a89,Q220__cq_3146289_106.476971_29.521411.jpg,D:\StreetView_Project\03_Output\clip_knn\questionnaire_sample_k25_500_added_200\08D_spatial_visual_proximity_check_run_20260728_143220\01_preliminary_flat_500\Q220__cq_3146289_106.476971_29.521411.jpg,Q220__cq_3146289_106.476971_29.521411.jpg,D:\StreetView_Project\03_Output\clip_knn\questionnaire_sample_k25_500_added_200\08F_final500_freeze_run_20260728_145702\01_final_flat_500\Q220__cq_3146289_106.476971_29.521411.jpg,frozen_08F,D:\StreetView_Project\03_Output\clip_knn\questionnaire_sample_k25_500_added_200\08D_spatial_visual_proximity_check_run_20260728_143220
Q221,existing_300,CQ_3155995,chongqing,106.466887,29.533157,201906,cq_3155995_106.466887_29.533157.jpg,D:\StreetView_Project\01_Data\Street_Images\chongqing\cq_streetview\cq_3155995_106.466887_29.533157.jpg,12,0.2185167521238327,middle,重庆高密普通主干路,Q221__cq_3155995_106.466887_29.533157.jpg,D:\StreetView_Project\03_Output\clip_knn\questionnaire_sample_k25_500_added_200\08F_final500_freeze_run_20260728_145702\01_final_flat_500\Q221__cq_3155995_106.466887_29.533157.jpg,CQ_3155995,False,False,not_applicable_existing_300,Q221__Q221_cq_3155995_106.466887_29.533157.jpg,D:\StreetView_Project\03_Output\clip_knn\questionnaire_sample_k25_300\02_images_main\_final_flat_300_for_check\Q221__Q221_cq_3155995_106.466887_29.533157.jpg,,201906,cq_3155995_106.466887_29.533157.jpg,D:\StreetView_Project\01_Data\Street_Images\chongqing\cq_streetview\cq_3155995_106.466887_29.533157.jpg,D:\StreetView_Project\01_Data\Street_Images\chongqing\cq_streetview\cq_3155995_106.466887_29.533157.jpg,0.2185167521238327,D:\StreetView_Project\03_Output\clip_knn\questionnaire_sample_k25_300\02_images_main\_final_flat_300_for_check\Q221__Q221_cq_3155995_106.466887_29.533157.jpg,2c2b9b98d7566a924fcb57acd93209b46ac33439c622756b7e4b0f2d1051d73b,Q221__cq_3155995_106.466887_29.533157.jpg,D:\StreetView_Project\03_Output\clip_knn\questionnaire_sample_k25_500_added_200\08D_spatial_visual_proximity_check_run_20260728_143220\01_preliminary_flat_500\Q221__cq_3155995_106.466887_29.533157.jpg,Q221__cq_3155995_106.466887_29.533157.jpg,D:\StreetView_Project\03_Output\clip_knn\questionnaire_sample_k25_500_added_200\08F_final500_freeze_run_20260728_145702\01_final_flat_500\Q221__cq_3155995_106.466887_29.533157.jpg,frozen_08F,D:\StreetView_Project\03_Output\clip_knn\questionnaire_sample_k25_500_added_200\08D_spatial_visual_proximity_check_run_20260728_143220
Q222,existing_300,CQ_641201,chongqing,106.482884,29.472298,202005,cq_641201_106.482884_29.472298.jpg,D:\StreetView_Project\01_Data\Street_Images\chongqing\cq_streetview\cq_641201_106.482884_29.472298.jpg,12,0.2285557687282562,middle,重庆高密普通主干路,Q222__cq_641201_106.482884_29.472298.jpg,D:\StreetView_Project\03_Output\clip_knn\questionnaire_sample_k25_500_added_200\08F_final500_freeze_run_20260728_145702\01_final_flat_500\Q222__cq_641201_106.482884_29.472298.jpg,CQ_641201,False,False,not_applicable_existing_300,Q222__Q222_cq_641201_106.482884_29.472298.jpg,D:\StreetView_Project\03_Output\clip_knn\questionnaire_sample_k25_300\02_images_main\_final_flat_300_for_check\Q222__Q222_cq_641201_106.482884_29.472298.jpg,,202005,cq_641201_106.482884_29.472298.jpg,D:\StreetView_Project\01_Data\Street_Images\chongqing\cq_streetview\cq_641201_106.482884_29.472298.jpg,D:\StreetView_Project\01_Data\Street_Images\chongqing\cq_streetview\cq_641201_106.482884_29.472298.jpg,0.2285557687282562,D:\StreetView_Project\03_Output\clip_knn\questionnaire_sample_k25_300\02_images_main\_final_flat_300_for_check\Q222__Q222_cq_641201_106.482884_29.472298.jpg,98d75a585242fef62f743689a72c1dbbdcbd850630aeca5cfdfee48a3f832840,Q222__cq_641201_106.482884_29.472298.jpg,D:\StreetView_Project\03_Output\clip_knn\questionnaire_sample_k25_500_added_200\08D_spatial_visual_proximity_check_run_20260728_143220\01_preliminary_flat_500\Q222__cq_641201_106.482884_29.472298.jpg,Q222__cq_641201_106.482884_29.472298.jpg,D:\StreetView_Project\03_Output\clip_knn\questionnaire_sample_k25_500_added_200\08F_final500_freeze_run_20260728_145702\01_final_flat_500\Q222__cq_641201_106.482884_29.472298.jpg,frozen_08F,D:\StreetView_Project\03_Output\clip_knn\questionnaire_sample_k25_500_added_200\08D_spatial_visual_proximity_check_run_20260728_143220
Q223,existing_300,CQ_641113,chongqing,106.482808,29.491264,202210,cq_641113_106.482808_29.491264.jpg,D:\StreetView_Project\01_Data\Street_Images\chongqing\cq_streetview\cq_641113_106.482808_29.491264.jpg,12,0.2127874791622162,center,重庆高密普通主干路,Q223__cq_641113_106.482808_29.491264.jpg,D:\StreetView_Project\03_Output\clip_knn\questionnaire_sample_k25_500_added_200\08F_final500_freeze_run_20260728_145702\01_final_flat_500\Q223__cq_641113_106.482808_29.491264.jpg,CQ_641113,False,False,not_applicable_existing_300,Q223__Q223_cq_641113_106.482808_29.491264.jpg,D:\StreetView_Project\03_Output\clip_knn\questionnaire_sample_k25_300\02_images_main\_final_flat_300_for_check\Q223__Q223_cq_641113_106.482808_29.491264.jpg,,202210,cq_641113_106.482808_29.491264.jpg,D:\StreetView_Project\01_Data\Street_Images\chongqing\cq_streetview\cq_641113_106.482808_29.491264.jpg,D:\StreetView_Project\01_Data\Street_Images\chongqing\cq_streetview\cq_641113_106.482808_29.491264.jpg,0.2127874791622162,D:\StreetView_Project\03_Output\clip_knn\questionnaire_sample_k25_300\02_images_main\_final_flat_300_for_check\Q223__Q223_cq_641113_106.482808_29.491264.jpg,ad323be012f5e74b4fa053ec5db114a018b206fbfb65d82258088037b3f9192c,Q223__cq_641113_106.482808_29.491264.jpg,D:\StreetView_Project\03_Output\clip_knn\questionnaire_sample_k25_500_added_200\08D_spatial_visual_proximity_check_run_20260728_143220\01_preliminary_flat_500\Q223__cq_641113_106.482808_29.491264.jpg,Q223__cq_641113_106.482808_29.491264.jpg,D:\StreetView_Project\03_Output\clip_knn\questionnaire_sample_k25_500_added_200\08F_final500_freeze_run_20260728_145702\01_final_flat_500\Q223__cq_641113_106.482808_29.491264.jpg,frozen_08F,D:\StreetView_Project\03_Output\clip_knn\questionnaire_sample_k25_500_added_200\08D_spatial_visual_proximity_check_run_20260728_143220
Q224,existing_300,CQ_594542,chongqing,106.441957,29.547073,201907,cq_594542_106.441957_29.547073.jpg,D:\StreetView_Project\01_Data\Street_Images\chongqing\cq_streetview\cq_594542_106.441957_29.547073.jpg,12,0.254400372505188,edge,重庆高密普通主干路,Q224__cq_594542_106.441957_29.547073.jpg,D:\StreetView_Project\03_Output\clip_knn\questionnaire_sample_k25_500_added_200\08F_final500_freeze_run_20260728_145702\01_final_flat_500\Q224__cq_594542_106.441957_29.547073.jpg,CQ_594542,False,False,not_applicable_existing_300,Q224__Q224_cq_594542_106.441957_29.547073.jpg,D:\StreetView_Project\03_Output\clip_knn\questionnaire_sample_k25_300\02_images_main\_final_flat_300_for_check\Q224__Q224_cq_594542_106.441957_29.547073.jpg,,201907,cq_594542_106.441957_29.547073.jpg,D:\StreetView_Project\01_Data\Street_Images\chongqing\cq_streetview\cq_594542_106.441957_29.547073.jpg,D:\StreetView_Project\01_Data\Street_Images\chongqing\cq_streetview\cq_594542_106.441957_29.547073.jpg,0.254400372505188,D:\StreetView_Project\03_Output\clip_knn\questionnaire_sample_k25_300\02_images_main\_final_flat_300_for_check\Q224__Q224_cq_594542_106.441957_29.547073.jpg,d2361fdbf18d74e42f195e4e2a44725067b757393e28912686eb4f1b898ac9a5,Q224__cq_594542_106.441957_29.547073.jpg,D:\StreetView_Project\03_Output\clip_knn\questionnaire_sample_k25_500_added_200\08D_spatial_visual_proximity_check_run_20260728_143220\01_preliminary_flat_500\Q224__cq_594542_106.441957_29.547073.jpg,Q224__cq_594542_106.441957_29.547073.jpg,D:\StreetView_Project\03_Output\clip_knn\questionnaire_sample_k25_500_added_200\08F_final500_freeze_run_20260728_145702\01_final_flat_500\Q224__cq_594542_106.441957_29.547073.jpg,frozen_08F,D:\StreetView_Project\03_Output\clip_knn\questionnaire_sample_k25_500_added_200\08D_spatial_visual_proximity_check_run_20260728_143220
Q225,existing_300,CQ_2923503,chongqing,106.549731,29.580781,201906,cq_2923503_106.549731_29.580781.jpg,D:\StreetView_Project\01_Data\Street_Images\chongqing\cq_streetview\cq_2923503_106.549731_29.580781.jpg,13,0.2956394553184509,center,高绿量居住区/公园化道路,Q225__cq_2923503_106.549731_29.580781.jpg,D:\StreetView_Project\03_Output\clip_knn\questionnaire_sample_k25_500_added_200\08F_final500_freeze_run_20260728_145702\01_final_flat_500\Q225__cq_2923503_106.549731_29.580781.jpg,CQ_2923503,False,False,not_applicable_existing_300,Q225__Q225_cq_2923503_106.549731_29.580781.jpg,D:\StreetView_Project\03_Output\clip_knn\questionnaire_sample_k25_300\02_images_main\_final_flat_300_for_check\Q225__Q225_cq_2923503_106.549731_29.580781.jpg,,201906,cq_2923503_106.549731_29.580781.jpg,D:\StreetView_Project\01_Data\Street_Images\chongqing\cq_streetview\cq_2923503_106.549731_29.580781.jpg,D:\StreetView_Project\01_Data\Street_Images\chongqing\cq_streetview\cq_2923503_106.549731_29.580781.jpg,0.2956394553184509,D:\StreetView_Project\03_Output\clip_knn\questionnaire_sample_k25_300\02_images_main\_final_flat_300_for_check\Q225__Q225_cq_2923503_106.549731_29.580781.jpg,65b003f3cf015cee43fb7ab956bf2369a802cb367bb27ef01ffb2f58249d5e35,Q225__cq_2923503_106.549731_29.580781.jpg,D:\StreetView_Project\03_Output\clip_knn\questionnaire_sample_k25_500_added_200\08D_spatial_visual_proximity_check_run_20260728_143220\01_preliminary_flat_500\Q225__cq_2923503_106.549731_29.580781.jpg,Q225__cq_2923503_106.549731_29.580781.jpg,D:\StreetView_Project\03_Output\clip_knn\questionnaire_sample_k25_500_added_200\08F_final500_freeze_run_20260728_145702\01_final_flat_500\Q225__cq_2923503_106.549731_29.580781.jpg,frozen_08F,D:\StreetView_Project\03_Output\clip_knn\questionnaire_sample_k25_500_added_200\08D_spatial_visual_proximity_check_run_20260728_143220
Q226,existing_300,CQ_682242,chongqing,106.523713,29.548025,202210,cq_682242_106.523713_29.548025.jpg,D:\StreetView_Project\01_Data\Street_Images\chongqing\cq_streetview\cq_682242_106.523713_29.548025.jpg,13,0.2931350469589233,center,高绿量居住区/公园化道路,Q226__cq_682242_106.523713_29.548025.jpg,D:\StreetView_Project\03_Output\clip_knn\questionnaire_sample_k25_500_added_200\08F_final500_freeze_run_20260728_145702\01_final_flat_500\Q226__cq_682242_106.523713_29.548025.jpg,CQ_682242,False,False,not_applicable_existing_300,Q226__Q226_cq_682242_106.523713_29.548025.jpg,D:\StreetView_Project\03_Output\clip_knn\questionnaire_sample_k25_300\02_images_main\_final_flat_300_for_check\Q226__Q226_cq_682242_106.523713_29.548025.jpg,,202210,cq_682242_106.523713_29.548025.jpg,D:\StreetView_Project\01_Data\Street_Images\chongqing\cq_streetview\cq_682242_106.523713_29.548025.jpg,D:\StreetView_Project\01_Data\Street_Images\chongqing\cq_streetview\cq_682242_106.523713_29.548025.jpg,0.2931350469589233,D:\StreetView_Project\03_Output\clip_knn\questionnaire_sample_k25_300\02_images_main\_final_flat_300_for_check\Q226__Q226_cq_682242_106.523713_29.548025.jpg,6d663e913a5fb856a9fc4d5dad0b575b779662a2c2a4272e0792a8eee4019d73,Q226__cq_682242_106.523713_29.548025.jpg,D:\StreetView_Project\03_Output\clip_knn\questionnaire_sample_k25_500_added_200\08D_spatial_visual_proximity_check_run_20260728_143220\01_preliminary_flat_500\Q226__cq_682242_106.523713_29.548025.jpg,Q226__cq_682242_106.523713_29.548025.jpg,D:\StreetView_Project\03_Output\clip_knn\questionnaire_sample_k25_500_added_200\08F_final500_freeze_run_20260728_145702\01_final_flat_500\Q226__cq_682242_106.523713_29.548025.jpg,frozen_08F,D:\StreetView_Project\03_Output\clip_knn\questionnaire_sample_k25_500_added_200\08D_spatial_visual_proximity_check_run_20260728_143220
Q227,existing_300,CQ_711484,chongqing,106.555874,29.606762,201710,cq_711484_106.555874_29.606762.jpg,D:\StreetView_Project\01_Data\Street_Images\chongqing\cq_streetview\cq_711484_106.555874_29.606762.jpg,13,0.2730264067649841,center,高绿量居住区/公园化道路,Q227__cq_711484_106.555874_29.606762.jpg,D:\StreetView_Project\03_Output\clip_knn\questionnaire_sample_k25_500_added_200\08F_final500_freeze_run_20260728_145702\01_final_flat_500\Q227__cq_711484_106.555874_29.606762.jpg,CQ_711484,False,False,not_applicable_existing_300,Q227__Q227_cq_711484_106.555874_29.606762.jpg,D:\StreetView_Project\03_Output\clip_knn\questionnaire_sample_k25_300\02_images_main\_final_flat_300_for_check\Q227__Q227_cq_711484_106.555874_29.606762.jpg,,201710,cq_711484_106.555874_29.606762.jpg,D:\StreetView_Project\01_Data\Street_Images\chongqing\cq_streetview\cq_711484_106.555874_29.606762.jpg,D:\StreetView_Project\01_Data\Street_Images\chongqing\cq_streetview\cq_711484_106.555874_29.606762.jpg,0.2730264067649841,D:\StreetView_Project\03_Output\clip_knn\questionnaire_sample_k25_300\02_images_main\_final_flat_300_for_check\Q227__Q227_cq_711484_106.555874_29.606762.jpg,247bedbf672e4d95395db74d46c130609d2533c9b5d5e384bb79e479dd770d40,Q227__cq_711484_106.555874_29.606762.jpg,D:\StreetView_Project\03_Output\clip_knn\questionnaire_sample_k25_500_added_200\08D_spatial_visual_proximity_check_run_20260728_143220\01_preliminary_flat_500\Q227__cq_711484_106.555874_29.606762.jpg,Q227__cq_711484_106.555874_29.606762.jpg,D:\StreetView_Project\03_Output\clip_knn\questionnaire_sample_k25_500_added_200\08F_final500_freeze_run_20260728_145702\01_final_flat_500\Q227__cq_711484_106.555874_29.606762.jpg,frozen_08F,D:\StreetView_Project\03_Output\clip_knn\questionnaire_sample_k25_500_added_200\08D_spatial_visual_proximity_check_run_20260728_143220
Q228,existing_300,CQ_726199,chongqing,106.570199,29.492567,201711,cq_726199_106.570199_29.492567.jpg,D:\StreetView_Project\01_Data\Street_Images\chongqing\cq_streetview\cq_726199_106.570199_29.492567.jpg,13,0.3038348257541656,middle,高绿量居住区/公园化道路,Q228__cq_726199_106.570199_29.492567.jpg,D:\StreetView_Project\03_Output\clip_knn\questionnaire_sample_k25_500_added_200\08F_final500_freeze_run_20260728_145702\01_final_flat_500\Q228__cq_726199_106.570199_29.492567.jpg,CQ_726199,False,False,not_applicable_existing_300,Q228__Q228_cq_726199_106.570199_29.492567.jpg,D:\StreetView_Project\03_Output\clip_knn\questionnaire_sample_k25_300\02_images_main\_final_flat_300_for_check\Q228__Q228_cq_726199_106.570199_29.492567.jpg,,201711,cq_726199_106.570199_29.492567.jpg,D:\StreetView_Project\01_Data\Street_Images\chongqing\cq_streetview\cq_726199_106.570199_29.492567.jpg,D:\StreetView_Project\01_Data\Street_Images\chongqing\cq_streetview\cq_726199_106.570199_29.492567.jpg,0.3038348257541656,D:\StreetView_Project\03_Output\clip_knn\questionnaire_sample_k25_300\02_images_main\_final_flat_300_for_check\Q228__Q228_cq_726199_106.570199_29.492567.jpg,bff9ac43b67142823af512a9acec352047aa8021d95b3e8e2129eccd3275453b,Q228__cq_726199_106.570199_29.492567.jpg,D:\StreetView_Project\03_Output\clip_knn\questionnaire_sample_k25_500_added_200\08D_spatial_visual_proximity_check_run_20260728_143220\01_preliminary_flat_500\Q228__cq_726199_106.570199_29.492567.jpg,Q228__cq_726199_106.570199_29.492567.jpg,D:\StreetView_Project\03_Output\clip_knn\questionnaire_sample_k25_500_added_200\08F_final500_freeze_run_20260728_145702\01_final_flat_500\Q228__cq_726199_106.570199_29.492567.jpg,frozen_08F,D:\StreetView_Project\03_Output\clip_knn\questionnaire_sample_k25_500_added_200\08D_spatial_visual_proximity_check_run_20260728_143220
Q229,existing_300,CQ_594890,chongqing,106.443008,29.508808,202210,cq_594890_106.443008_29.508808.jpg,D:\StreetView_Project\01_Data\Street_Images\chongqing\cq_streetview\cq_594890_106.443008_29.508808.jpg,13,0.3134480714797974,middle,高绿量居住区/公园化道路,Q229__cq_594890_106.443008_29.508808.jpg,D:\StreetView_Project\03_Output\clip_knn\questionnaire_sample_k25_500_added_200\08F_final500_freeze_run_20260728_145702\01_final_flat_500\Q229__cq_594890_106.443008_29.508808.jpg,CQ_594890,False,False,not_applicable_existing_300,Q229__Q229_cq_594890_106.443008_29.508808.jpg,D:\StreetView_Project\03_Output\clip_knn\questionnaire_sample_k25_300\02_images_main\_final_flat_300_for_check\Q229__Q229_cq_594890_106.443008_29.508808.jpg,,202210,cq_594890_106.443008_29.508808.jpg,D:\StreetView_Project\01_Data\Street_Images\chongqing\cq_streetview\cq_594890_106.443008_29.508808.jpg,D:\StreetView_Project\01_Data\Street_Images\chongqing\cq_streetview\cq_594890_106.443008_29.508808.jpg,0.3134480714797974,D:\StreetView_Project\03_Output\clip_knn\questionnaire_sample_k25_300\02_images_main\_final_flat_300_for_check\Q229__Q229_cq_594890_106.443008_29.508808.jpg,494cb80789a422c3f57cd4c3289df3b1b18ec0840daa7df464757e697acf6e55,Q229__cq_594890_106.443008_29.508808.jpg,D:\StreetView_Project\03_Output\clip_knn\questionnaire_sample_k25_500_added_200\08D_spatial_visual_proximity_check_run_20260728_143220\01_preliminary_flat_500\Q229__cq_594890_106.443008_29.508808.jpg,Q229__cq_594890_106.443008_29.508808.jpg,D:\StreetView_Project\03_Output\clip_knn\questionnaire_sample_k25_500_added_200\08F_final500_freeze_run_20260728_145702\01_final_flat_500\Q229__cq_594890_106.443008_29.508808.jpg,frozen_08F,D:\StreetView_Project\03_Output\clip_knn\questionnaire_sample_k25_500_added_200\08D_spatial_visual_proximity_check_run_20260728_143220
Q230,existing_300,CQ_640884,chongqing,106.484601,29.51615,201711,cq_640884_106.484601_29.516150.jpg,D:\StreetView_Project\01_Data\Street_Images\chongqing\cq_streetview\cq_640884_106.484601_29.516150.jpg,13,0.3275108933448792,middle,高绿量居住区/公园化道路,Q230__cq_640884_106.484601_29.51615.jpg,D:\StreetView_Project\03_Output\clip_knn\questionnaire_sample_k25_500_added_200\08F_final500_freeze_run_20260728_145702\01_final_flat_500\Q230__cq_640884_106.484601_29.51615.jpg,CQ_640884,False,False,not_applicable_existing_300,Q230__Q230_cq_640884_106.484601_29.516150.jpg,D:\StreetView_Project\03_Output\clip_knn\questionnaire_sample_k25_300\02_images_main\_final_flat_300_for_check\Q230__Q230_cq_640884_106.484601_29.516150.jpg,,201711,cq_640884_106.484601_29.516150.jpg,D:\StreetView_Project\01_Data\Street_Images\chongqing\cq_streetview\cq_640884_106.484601_29.516150.jpg,D:\StreetView_Project\01_Data\Street_Images\chongqing\cq_streetview\cq_640884_106.484601_29.516150.jpg,0.3275108933448792,D:\StreetView_Project\03_Output\clip_knn\questionnaire_sample_k25_300\02_images_main\_final_flat_300_for_check\Q230__Q230_cq_640884_106.484601_29.516150.jpg,809eb0e30e2a28bc2b0859914b6d9e2b1d81a129bb7f5bec2c64d37addbf41b2,Q230__cq_640884_106.484601_29.51615.jpg,D:\StreetView_Project\03_Output\clip_knn\questionnaire_sample_k25_500_added_200\08D_spatial_visual_proximity_check_run_20260728_143220\01_preliminary_flat_500\Q230__cq_640884_106.484601_29.51615.jpg,Q230__cq_640884_106.484601_29.51615.jpg,D:\StreetView_Project\03_Output\clip_knn\questionnaire_sample_k25_500_added_200\08F_final500_freeze_run_20260728_145702\01_final_flat_500\Q230__cq_640884_106.484601_29.51615.jpg,frozen_08F,D:\StreetView_Project\03_Output\clip_knn\questionnaire_sample_k25_500_added_200\08D_spatial_visual_proximity_check_run_20260728_143220
Q231,existing_300,CQ_647576,chongqing,106.48766,29.501759,202210,cq_647576_106.487660_29.501759.jpg,D:\StreetView_Project\01_Data\Street_Images\chongqing\cq_streetview\cq_647576_106.487660_29.501759.jpg,14,0.2380985617637634,center,商业生活性街道/街边商业界面,Q231__cq_647576_106.48766_29.501759.jpg,D:\StreetView_Project\03_Output\clip_knn\questionnaire_sample_k25_500_added_200\08F_final500_freeze_run_20260728_145702\01_final_flat_500\Q231__cq_647576_106.48766_29.501759.jpg,CQ_647576,False,False,not_applicable_existing_300,Q231__Q231_cq_647576_106.487660_29.501759.jpg,D:\StreetView_Project\03_Output\clip_knn\questionnaire_sample_k25_300\02_images_main\_final_flat_300_for_check\Q231__Q231_cq_647576_106.487660_29.501759.jpg,,202210,cq_647576_106.487660_29.501759.jpg,D:\StreetView_Project\01_Data\Street_Images\chongqing\cq_streetview\cq_647576_106.487660_29.501759.jpg,D:\StreetView_Project\01_Data\Street_Images\chongqing\cq_streetview\cq_647576_106.487660_29.501759.jpg,0.2380985617637634,D:\StreetView_Project\03_Output\clip_knn\questionnaire_sample_k25_300\02_images_main\_final_flat_300_for_check\Q231__Q231_cq_647576_106.487660_29.501759.jpg,e1c28c201744020276951181cfbf99ae54798d65b364d378eba40619b34dd3e9,Q231__cq_647576_106.48766_29.501759.jpg,D:\StreetView_Project\03_Output\clip_knn\questionnaire_sample_k25_500_added_200\08D_spatial_visual_proximity_check_run_20260728_143220\01_preliminary_flat_500\Q231__cq_647576_106.48766_29.501759.jpg,Q231__cq_647576_106.48766_29.501759.jpg,D:\StreetView_Project\03_Output\clip_knn\questionnaire_sample_k25_500_added_200\08F_final500_freeze_run_20260728_145702\01_final_flat_500\Q231__cq_647576_106.48766_29.501759.jpg,frozen_08F,D:\StreetView_Project\03_Output\clip_knn\questionnaire_sample_k25_500_added_200\08D_spatial_visual_proximity_check_run_20260728_143220
Q232,existing_300,CQ_624784,chongqing,106.475028,29.508645,201907,cq_624784_106.475028_29.508645.jpg,D:\StreetView_Project\01_Data\Street_Images\chongqing\cq_streetview\cq_624784_106.475028_29.508645.jpg,14,0.2419630587100983,center,商业生活性街道/街边商业界面,Q232__cq_624784_106.475028_29.508645.jpg,D:\StreetView_Project\03_Output\clip_knn\questionnaire_sample_k25_500_added_200\08F_final500_freeze_run_20260728_145702\01_final_flat_500\Q232__cq_624784_106.475028_29.508645.jpg,CQ_624784,False,False,not_applicable_existing_300,Q232__Q232_cq_624784_106.475028_29.508645.jpg,D:\StreetView_Project\03_Output\clip_knn\questionnaire_sample_k25_300\02_images_main\_final_flat_300_for_check\Q232__Q232_cq_624784_106.475028_29.508645.jpg,,201907,cq_624784_106.475028_29.508645.jpg,D:\StreetView_Project\01_Data\Street_Images\chongqing\cq_streetview\cq_624784_106.475028_29.508645.jpg,D:\StreetView_Project\01_Data\Street_Images\chongqing\cq_streetview\cq_624784_106.475028_29.508645.jpg,0.2419630587100983,D:\StreetView_Project\03_Output\clip_knn\questionnaire_sample_k25_300\02_images_main\_final_flat_300_for_check\Q232__Q232_cq_624784_106.475028_29.508645.jpg,fa63408827ed9ceb2515f015d5c14b2d0c573653620376dfca022fe8d0494c7f,Q232__cq_624784_106.475028_29.508645.jpg,D:\StreetView_Project\03_Output\clip_knn\questionnaire_sample_k25_500_added_200\08D_spatial_visual_proximity_check_run_20260728_143220\01_preliminary_flat_500\Q232__cq_624784_106.475028_29.508645.jpg,Q232__cq_624784_106.475028_29.508645.jpg,D:\StreetView_Project\03_Output\clip_knn\questionnaire_sample_k25_500_added_200\08F_final500_freeze_run_20260728_145702\01_final_flat_500\Q232__cq_624784_106.475028_29.508645.jpg,frozen_08F,D:\StreetView_Project\03_Output\clip_knn\questionnaire_sample_k25_500_added_200\08D_spatial_visual_proximity_check_run_20260728_143220
Q233,existing_300,CQ_673067,chongqing,106.51238,29.505796,201711,cq_673067_106.512380_29.505796.jpg,D:\StreetView_Project\01_Data\Street_Images\chongqing\cq_streetview\cq_673067_106.512380_29.505796.jpg,14,0.3312057256698608,edge,商业生活性街道/街边商业界面,Q233__cq_673067_106.51238_29.505796.jpg,D:\StreetView_Project\03_Output\clip_knn\questionnaire_sample_k25_500_added_200\08F_final500_freeze_run_20260728_145702\01_final_flat_500\Q233__cq_673067_106.51238_29.505796.jpg,CQ_673067,False,False,not_applicable_existing_300,Q233__Q233_cq_673067_106.512380_29.505796.jpg,D:\StreetView_Project\03_Output\clip_knn\questionnaire_sample_k25_300\02_images_main\_final_flat_300_for_check\Q233__Q233_cq_673067_106.512380_29.505796.jpg,,201711,cq_673067_106.512380_29.505796.jpg,D:\StreetView_Project\01_Data\Street_Images\chongqing\cq_streetview\cq_673067_106.512380_29.505796.jpg,D:\StreetView_Project\01_Data\Street_Images\chongqing\cq_streetview\cq_673067_106.512380_29.505796.jpg,0.3312057256698608,D:\StreetView_Project\03_Output\clip_knn\questionnaire_sample_k25_300\02_images_main\_final_flat_300_for_check\Q233__Q233_cq_673067_106.512380_29.505796.jpg,67f1e04afe2da63eb09f00fa7ac197f784dbf25688d7a12e7ee9d5bc0270f9d0,Q233__cq_673067_106.51238_29.505796.jpg,D:\StreetView_Project\03_Output\clip_knn\questionnaire_sample_k25_500_added_200\08D_spatial_visual_proximity_check_run_20260728_143220\01_preliminary_flat_500\Q233__cq_673067_106.51238_29.505796.jpg,Q233__cq_673067_106.51238_29.505796.jpg,D:\StreetView_Project\03_Output\clip_knn\questionnaire_sample_k25_500_added_200\08F_final500_freeze_run_20260728_145702\01_final_flat_500\Q233__cq_673067_106.51238_29.505796.jpg,frozen_08F,D:\StreetView_Project\03_Output\clip_knn\questionnaire_sample_k25_500_added_200\08D_spatial_visual_proximity_check_run_20260728_143220
Q234,existing_300,CQ_711876,chongqing,106.5586,29.586412,201710,cq_711876_106.558600_29.586412.jpg,D:\StreetView_Project\01_Data\Street_Images\chongqing\cq_streetview\cq_711876_106.558600_29.586412.jpg,14,0.2386931926012039,center,商业生活性街道/街边商业界面,Q234__cq_711876_106.5586_29.586412.jpg,D:\StreetView_Project\03_Output\clip_knn\questionnaire_sample_k25_500_added_200\08F_final500_freeze_run_20260728_145702\01_final_flat_500\Q234__cq_711876_106.5586_29.586412.jpg,CQ_711876,False,False,not_applicable_existing_300,Q234__Q234_cq_711876_106.558600_29.586412.jpg,D:\StreetView_Project\03_Output\clip_knn\questionnaire_sample_k25_300\02_images_main\_final_flat_300_for_check\Q234__Q234_cq_711876_106.558600_29.586412.jpg,,201710,cq_711876_106.558600_29.586412.jpg,D:\StreetView_Project\01_Data\Street_Images\chongqing\cq_streetview\cq_711876_106.558600_29.586412.jpg,D:\StreetView_Project\01_Data\Street_Images\chongqing\cq_streetview\cq_711876_106.558600_29.586412.jpg,0.2386931926012039,D:\StreetView_Project\03_Output\clip_knn\questionnaire_sample_k25_300\02_images_main\_final_flat_300_for_check\Q234__Q234_cq_711876_106.558600_29.586412.jpg,877148ac44c57a5c9c92ff9a07d81bd2d994a06aa313f4d5c3ee54eae727a80d,Q234__cq_711876_106.5586_29.586412.jpg,D:\StreetView_Project\03_Output\clip_knn\questionnaire_sample_k25_500_added_200\08D_spatial_visual_proximity_check_run_20260728_143220\01_preliminary_flat_500\Q234__cq_711876_106.5586_29.586412.jpg,Q234__cq_711876_106.5586_29.586412.jpg,D:\StreetView_Project\03_Output\clip_knn\questionnaire_sample_k25_500_added_200\08F_final500_freeze_run_20260728_145702\01_final_flat_500\Q234__cq_711876_106.5586_29.586412.jpg,frozen_08F,D:\StreetView_Project\03_Output\clip_knn\questionnaire_sample_k25_500_added_200\08D_spatial_visual_proximity_check_run_20260728_143220
Q235,existing_300,CQ_3161447,chongqing,106.532064,29.500991,202210,cq_3161447_106.532064_29.500991.jpg,D:\StreetView_Project\01_Data\Street_Images\chongqing\cq_streetview\cq_3161447_106.532064_29.500991.jpg,14,0.2721498012542725,middle,商业生活性街道/街边商业界面,Q235__cq_3161447_106.532064_29.500991.jpg,D:\StreetView_Project\03_Output\clip_knn\questionnaire_sample_k25_500_added_200\08F_final500_freeze_run_20260728_145702\01_final_flat_500\Q235__cq_3161447_106.532064_29.500991.jpg,CQ_3161447,False,False,not_applicable_existing_300,Q235__Q235_cq_3161447_106.532064_29.500991.jpg,D:\StreetView_Project\03_Output\clip_knn\questionnaire_sample_k25_300\02_images_main\_final_flat_300_for_check\Q235__Q235_cq_3161447_106.532064_29.500991.jpg,,202210,cq_3161447_106.532064_29.500991.jpg,D:\StreetView_Project\01_Data\Street_Images\chongqing\cq_streetview\cq_3161447_106.532064_29.500991.jpg,D:\StreetView_Project\01_Data\Street_Images\chongqing\cq_streetview\cq_3161447_106.532064_29.500991.jpg,0.2721498012542725,D:\StreetView_Project\03_Output\clip_knn\questionnaire_sample_k25_300\02_images_main\_final_flat_300_for_check\Q235__Q235_cq_3161447_106.532064_29.500991.jpg,31e78366abbdf4655a41c0bd070b2fd5c797ea515e7e614a1cacb5486c7be554,Q235__cq_3161447_106.532064_29.500991.jpg,D:\StreetView_Project\03_Output\clip_knn\questionnaire_sample_k25_500_added_200\08D_spatial_visual_proximity_check_run_20260728_143220\01_preliminary_flat_500\Q235__cq_3161447_106.532064_29.500991.jpg,Q235__cq_3161447_106.532064_29.500991.jpg,D:\StreetView_Project\03_Output\clip_knn\questionnaire_sample_k25_500_added_200\08F_final500_freeze_run_20260728_145702\01_final_flat_500\Q235__cq_3161447_106.532064_29.500991.jpg,frozen_08F,D:\StreetView_Project\03_Output\clip_knn\questionnaire_sample_k25_500_added_200\08D_spatial_visual_proximity_check_run_20260728_143220
Q236,existing_300,CQ_624797,chongqing,106.473049,29.506592,201907,cq_624797_106.473049_29.506592.jpg,D:\StreetView_Project\01_Data\Street_Images\chongqing\cq_streetview\cq_624797_106.473049_29.506592.jpg,14,0.2563711404800415,middle,商业生活性街道/街边商业界面,Q236__cq_624797_106.473049_29.506592.jpg,D:\StreetView_Project\03_Output\clip_knn\questionnaire_sample_k25_500_added_200\08F_final500_freeze_run_20260728_145702\01_final_flat_500\Q236__cq_624797_106.473049_29.506592.jpg,CQ_624797,False,False,not_applicable_existing_300,Q236__Q236_cq_624797_106.473049_29.506592.jpg,D:\StreetView_Project\03_Output\clip_knn\questionnaire_sample_k25_300\02_images_main\_final_flat_300_for_check\Q236__Q236_cq_624797_106.473049_29.506592.jpg,,201907,cq_624797_106.473049_29.506592.jpg,D:\StreetView_Project\01_Data\Street_Images\chongqing\cq_streetview\cq_624797_106.473049_29.506592.jpg,D:\StreetView_Project\01_Data\Street_Images\chongqing\cq_streetview\cq_624797_106.473049_29.506592.jpg,0.2563711404800415,D:\StreetView_Project\03_Output\clip_knn\questionnaire_sample_k25_300\02_images_main\_final_flat_300_for_check\Q236__Q236_cq_624797_106.473049_29.506592.jpg,73ed2fbb9df1c53420902daaa21f2178ce9f3af623efdc9efd8f7cc254d383d5,Q236__cq_624797_106.473049_29.506592.jpg,D:\StreetView_Project\03_Output\clip_knn\questionnaire_sample_k25_500_added_200\08D_spatial_visual_proximity_check_run_20260728_143220\01_preliminary_flat_500\Q236__cq_624797_106.473049_29.506592.jpg,Q236__cq_624797_106.473049_29.506592.jpg,D:\StreetView_Project\03_Output\clip_knn\questionnaire_sample_k25_500_added_200\08F_final500_freeze_run_20260728_145702\01_final_flat_500\Q236__cq_624797_106.473049_29.506592.jpg,frozen_08F,D:\StreetView_Project\03_Output\clip_knn\questionnaire_sample_k25_500_added_200\08D_spatial_visual_proximity_check_run_20260728_143220
Q237,existing_300,CQ_3426144,chongqing,106.486124,29.526742,202210,cq_3426144_106.486124_29.526742.jpg,D:\StreetView_Project\01_Data\Street_Images\chongqing\cq_streetview\cq_3426144_106.486124_29.526742.jpg,15,0.1951428353786469,center,重庆高密商业/居住混合主干路,Q237__cq_3426144_106.486124_29.526742.jpg,D:\StreetView_Project\03_Output\clip_knn\questionnaire_sample_k25_500_added_200\08F_final500_freeze_run_20260728_145702\01_final_flat_500\Q237__cq_3426144_106.486124_29.526742.jpg,CQ_3426144,False,False,not_applicable_existing_300,Q237__Q237_cq_3426144_106.486124_29.526742.jpg,D:\StreetView_Project\03_Output\clip_knn\questionnaire_sample_k25_300\02_images_main\_final_flat_300_for_check\Q237__Q237_cq_3426144_106.486124_29.526742.jpg,,202210,cq_3426144_106.486124_29.526742.jpg,D:\StreetView_Project\01_Data\Street_Images\chongqing\cq_streetview\cq_3426144_106.486124_29.526742.jpg,D:\StreetView_Project\01_Data\Street_Images\chongqing\cq_streetview\cq_3426144_106.486124_29.526742.jpg,0.1951428353786469,D:\StreetView_Project\03_Output\clip_knn\questionnaire_sample_k25_300\02_images_main\_final_flat_300_for_check\Q237__Q237_cq_3426144_106.486124_29.526742.jpg,7f357f3c52f354837d24287b58a3b78ba2a8a42b54e03fee6845ed8b785a8f69,Q237__cq_3426144_106.486124_29.526742.jpg,D:\StreetView_Project\03_Output\clip_knn\questionnaire_sample_k25_500_added_200\08D_spatial_visual_proximity_check_run_20260728_143220\01_preliminary_flat_500\Q237__cq_3426144_106.486124_29.526742.jpg,Q237__cq_3426144_106.486124_29.526742.jpg,D:\StreetView_Project\03_Output\clip_knn\questionnaire_sample_k25_500_added_200\08F_final500_freeze_run_20260728_145702\01_final_flat_500\Q237__cq_3426144_106.486124_29.526742.jpg,frozen_08F,D:\StreetView_Project\03_Output\clip_knn\questionnaire_sample_k25_500_added_200\08D_spatial_visual_proximity_check_run_20260728_143220
Q238,existing_300,CQ_3306470,chongqing,106.554471,29.605218,202210,cq_3306470_106.554471_29.605218.jpg,D:\StreetView_Project\01_Data\Street_Images\chongqing\cq_streetview\cq_3306470_106.554471_29.605218.jpg,15,0.2059679627418518,center,重庆高密商业/居住混合主干路,Q238__cq_3306470_106.554471_29.605218.jpg,D:\StreetView_Project\03_Output\clip_knn\questionnaire_sample_k25_500_added_200\08F_final500_freeze_run_20260728_145702\01_final_flat_500\Q238__cq_3306470_106.554471_29.605218.jpg,CQ_3306470,False,False,not_applicable_existing_300,Q238__Q238_cq_3306470_106.554471_29.605218.jpg,D:\StreetView_Project\03_Output\clip_knn\questionnaire_sample_k25_300\02_images_main\_final_flat_300_for_check\Q238__Q238_cq_3306470_106.554471_29.605218.jpg,,202210,cq_3306470_106.554471_29.605218.jpg,D:\StreetView_Project\01_Data\Street_Images\chongqing\cq_streetview\cq_3306470_106.554471_29.605218.jpg,D:\StreetView_Project\01_Data\Street_Images\chongqing\cq_streetview\cq_3306470_106.554471_29.605218.jpg,0.2059679627418518,D:\StreetView_Project\03_Output\clip_knn\questionnaire_sample_k25_300\02_images_main\_final_flat_300_for_check\Q238__Q238_cq_3306470_106.554471_29.605218.jpg,e836da9bf1c7d16e2cc0a47a907c7b94cc28f3a098e7bec81353d9f7dbb2bc41,Q238__cq_3306470_106.554471_29.605218.jpg,D:\StreetView_Project\03_Output\clip_knn\questionnaire_sample_k25_500_added_200\08D_spatial_visual_proximity_check_run_20260728_143220\01_preliminary_flat_500\Q238__cq_3306470_106.554471_29.605218.jpg,Q238__cq_3306470_106.554471_29.605218.jpg,D:\StreetView_Project\03_Output\clip_knn\questionnaire_sample_k25_500_added_200\08F_final500_freeze_run_20260728_145702\01_final_flat_500\Q238__cq_3306470_106.554471_29.605218.jpg,frozen_08F,D:\StreetView_Project\03_Output\clip_knn\questionnaire_sample_k25_500_added_200\08D_spatial_visual_proximity_check_run_20260728_143220
Q239,existing_300,CQ_3160428,chongqing,106.453085,29.552264,202210,cq_3160428_106.453085_29.552264.jpg,D:\StreetView_Project\01_Data\Street_Images\chongqing\cq_streetview\cq_3160428_106.453085_29.552264.jpg,15,0.219200074672699,middle,重庆高密商业/居住混合主干路,Q239__cq_3160428_106.453085_29.552264.jpg,D:\StreetView_Project\03_Output\clip_knn\questionnaire_sample_k25_500_added_200\08F_final500_freeze_run_20260728_145702\01_final_flat_500\Q239__cq_3160428_106.453085_29.552264.jpg,CQ_3160428,False,False,not_applicable_existing_300,Q239__Q239_cq_3160428_106.453085_29.552264.jpg,D:\StreetView_Project\03_Output\clip_knn\questionnaire_sample_k25_300\02_images_main\_final_flat_300_for_check\Q239__Q239_cq_3160428_106.453085_29.552264.jpg,,202210,cq_3160428_106.453085_29.552264.jpg,D:\StreetView_Project\01_Data\Street_Images\chongqing\cq_streetview\cq_3160428_106.453085_29.552264.jpg,D:\StreetView_Project\01_Data\Street_Images\chongqing\cq_streetview\cq_3160428_106.453085_29.552264.jpg,0.219200074672699,D:\StreetView_Project\03_Output\clip_knn\questionnaire_sample_k25_300\02_images_main\_final_flat_300_for_check\Q239__Q239_cq_3160428_106.453085_29.552264.jpg,982b8d78c09a18810a31913bc417633e7c6024a51bc706a8f3fb43b24f697a53,Q239__cq_3160428_106.453085_29.552264.jpg,D:\StreetView_Project\03_Output\clip_knn\questionnaire_sample_k25_500_added_200\08D_spatial_visual_proximity_check_run_20260728_143220\01_preliminary_flat_500\Q239__cq_3160428_106.453085_29.552264.jpg,Q239__cq_3160428_106.453085_29.552264.jpg,D:\StreetView_Project\03_Output\clip_knn\questionnaire_sample_k25_500_added_200\08F_final500_freeze_run_20260728_145702\01_final_flat_500\Q239__cq_3160428_106.453085_29.552264.jpg,frozen_08F,D:\StreetView_Project\03_Output\clip_knn\questionnaire_sample_k25_500_added_200\08D_spatial_visual_proximity_check_run_20260728_143220
Q240,existing_300,CQ_629489,chongqing,106.4788,29.498056,202210,cq_629489_106.478800_29.498056.jpg,D:\StreetView_Project\01_Data\Street_Images\chongqing\cq_streetview\cq_629489_106.478800_29.498056.jpg,15,0.1973975896835327,center,重庆高密商业/居住混合主干路,Q240__cq_629489_106.4788_29.498056.jpg,D:\StreetView_Project\03_Output\clip_knn\questionnaire_sample_k25_500_added_200\08F_final500_freeze_run_20260728_145702\01_final_flat_500\Q240__cq_629489_106.4788_29.498056.jpg,CQ_629489,False,False,not_applicable_existing_300,Q240__Q240_cq_629489_106.478800_29.498056.jpg,D:\StreetView_Project\03_Output\clip_knn\questionnaire_sample_k25_300\02_images_main\_final_flat_300_for_check\Q240__Q240_cq_629489_106.478800_29.498056.jpg,,202210,cq_629489_106.478800_29.498056.jpg,D:\StreetView_Project\01_Data\Street_Images\chongqing\cq_streetview\cq_629489_106.478800_29.498056.jpg,D:\StreetView_Project\01_Data\Street_Images\chongqing\cq_streetview\cq_629489_106.478800_29.498056.jpg,0.1973975896835327,D:\StreetView_Project\03_Output\clip_knn\questionnaire_sample_k25_300\02_images_main\_final_flat_300_for_check\Q240__Q240_cq_629489_106.478800_29.498056.jpg,73acbde87aced5b9dcf7a7b1f01307214c8a2b1018c12b075bb9cd22d213781e,Q240__cq_629489_106.4788_29.498056.jpg,D:\StreetView_Project\03_Output\clip_knn\questionnaire_sample_k25_500_added_200\08D_spatial_visual_proximity_check_run_20260728_143220\01_preliminary_flat_500\Q240__cq_629489_106.4788_29.498056.jpg,Q240__cq_629489_106.4788_29.498056.jpg,D:\StreetView_Project\03_Output\clip_knn\questionnaire_sample_k25_500_added_200\08F_final500_freeze_run_20260728_145702\01_final_flat_500\Q240__cq_629489_106.4788_29.498056.jpg,frozen_08F,D:\StreetView_Project\03_Output\clip_knn\questionnaire_sample_k25_500_added_200\08D_spatial_visual_proximity_check_run_20260728_143220
Q241,existing_300,CQ_682474,chongqing,106.522254,29.532978,201906,cq_682474_106.522254_29.532978.jpg,D:\StreetView_Project\01_Data\Street_Images\chongqing\cq_streetview\cq_682474_106.522254_29.532978.jpg,15,0.224067747592926,middle,重庆高密商业/居住混合主干路,Q241__cq_682474_106.522254_29.532978.jpg,D:\StreetView_Project\03_Output\clip_knn\questionnaire_sample_k25_500_added_200\08F_final500_freeze_run_20260728_145702\01_final_flat_500\Q241__cq_682474_106.522254_29.532978.jpg,CQ_682474,False,False,not_applicable_existing_300,Q241__Q241_cq_682474_106.522254_29.532978.jpg,D:\StreetView_Project\03_Output\clip_knn\questionnaire_sample_k25_300\02_images_main\_final_flat_300_for_check\Q241__Q241_cq_682474_106.522254_29.532978.jpg,,201906,cq_682474_106.522254_29.532978.jpg,D:\StreetView_Project\01_Data\Street_Images\chongqing\cq_streetview\cq_682474_106.522254_29.532978.jpg,D:\StreetView_Project\01_Data\Street_Images\chongqing\cq_streetview\cq_682474_106.522254_29.532978.jpg,0.224067747592926,D:\StreetView_Project\03_Output\clip_knn\questionnaire_sample_k25_300\02_images_main\_final_flat_300_for_check\Q241__Q241_cq_682474_106.522254_29.532978.jpg,e6c93a979f2e158cb74892e5847172c8fd6b73faa3ebfed0e593d773a1994fa9,Q241__cq_682474_106.522254_29.532978.jpg,D:\StreetView_Project\03_Output\clip_knn\questionnaire_sample_k25_500_added_200\08D_spatial_visual_proximity_check_run_20260728_143220\01_preliminary_flat_500\Q241__cq_682474_106.522254_29.532978.jpg,Q241__cq_682474_106.522254_29.532978.jpg,D:\StreetView_Project\03_Output\clip_knn\questionnaire_sample_k25_500_added_200\08F_final500_freeze_run_20260728_145702\01_final_flat_500\Q241__cq_682474_106.522254_29.532978.jpg,frozen_08F,D:\StreetView_Project\03_Output\clip_knn\questionnaire_sample_k25_500_added_200\08D_spatial_visual_proximity_check_run_20260728_143220
Q242,existing_300,CQ_3162374,chongqing,106.45442,29.553218,201907,cq_3162374_106.454420_29.553218.jpg,D:\StreetView_Project\01_Data\Street_Images\chongqing\cq_streetview\cq_3162374_106.454420_29.553218.jpg,15,0.2280168086290359,middle,重庆高密商业/居住混合主干路,Q242__cq_3162374_106.45442_29.553218.jpg,D:\StreetView_Project\03_Output\clip_knn\questionnaire_sample_k25_500_added_200\08F_final500_freeze_run_20260728_145702\01_final_flat_500\Q242__cq_3162374_106.45442_29.553218.jpg,CQ_3162374,False,False,not_applicable_existing_300,Q242__Q242_cq_3162374_106.454420_29.553218.jpg,D:\StreetView_Project\03_Output\clip_knn\questionnaire_sample_k25_300\02_images_main\_final_flat_300_for_check\Q242__Q242_cq_3162374_106.454420_29.553218.jpg,,201907,cq_3162374_106.454420_29.553218.jpg,D:\StreetView_Project\01_Data\Street_Images\chongqing\cq_streetview\cq_3162374_106.454420_29.553218.jpg,D:\StreetView_Project\01_Data\Street_Images\chongqing\cq_streetview\cq_3162374_106.454420_29.553218.jpg,0.2280168086290359,D:\StreetView_Project\03_Output\clip_knn\questionnaire_sample_k25_300\02_images_main\_final_flat_300_for_check\Q242__Q242_cq_3162374_106.454420_29.553218.jpg,a7015a7d2cd6cb8fcc03dcbb27a1ce83b62722503c7aa6aba13c56e12de641d7,Q242__cq_3162374_106.45442_29.553218.jpg,D:\StreetView_Project\03_Output\clip_knn\questionnaire_sample_k25_500_added_200\08D_spatial_visual_proximity_check_run_20260728_143220\01_preliminary_flat_500\Q242__cq_3162374_106.45442_29.553218.jpg,Q242__cq_3162374_106.45442_29.553218.jpg,D:\StreetView_Project\03_Output\clip_knn\questionnaire_sample_k25_500_added_200\08F_final500_freeze_run_20260728_145702\01_final_flat_500\Q242__cq_3162374_106.45442_29.553218.jpg,frozen_08F,D:\StreetView_Project\03_Output\clip_knn\questionnaire_sample_k25_500_added_200\08D_spatial_visual_proximity_check_run_20260728_143220
Q243,existing_300,CQ_681554,chongqing,106.520744,29.590314,202210,cq_681554_106.520744_29.590314.jpg,D:\StreetView_Project\01_Data\Street_Images\chongqing\cq_streetview\cq_681554_106.520744_29.590314.jpg,15,0.215402364730835,center,重庆高密商业/居住混合主干路,Q243__cq_681554_106.520744_29.590314.jpg,D:\StreetView_Project\03_Output\clip_knn\questionnaire_sample_k25_500_added_200\08F_final500_freeze_run_20260728_145702\01_final_flat_500\Q243__cq_681554_106.520744_29.590314.jpg,CQ_681554,False,False,not_applicable_existing_300,Q243__Q243_cq_681554_106.520744_29.590314.jpg,D:\StreetView_Project\03_Output\clip_knn\questionnaire_sample_k25_300\02_images_main\_final_flat_300_for_check\Q243__Q243_cq_681554_106.520744_29.590314.jpg,,202210,cq_681554_106.520744_29.590314.jpg,D:\StreetView_Project\01_Data\Street_Images\chongqing\cq_streetview\cq_681554_106.520744_29.590314.jpg,D:\StreetView_Project\01_Data\Street_Images\chongqing\cq_streetview\cq_681554_106.520744_29.590314.jpg,0.215402364730835,D:\StreetView_Project\03_Output\clip_knn\questionnaire_sample_k25_300\02_images_main\_final_flat_300_for_check\Q243__Q243_cq_681554_106.520744_29.590314.jpg,eaaae4f9399777978631ae09f7022aa769b1658e432d040f34ab0ff4bed965f4,Q243__cq_681554_106.520744_29.590314.jpg,D:\StreetView_Project\03_Output\clip_knn\questionnaire_sample_k25_500_added_200\08D_spatial_visual_proximity_check_run_20260728_143220\01_preliminary_flat_500\Q243__cq_681554_106.520744_29.590314.jpg,Q243__cq_681554_106.520744_29.590314.jpg,D:\StreetView_Project\03_Output\clip_knn\questionnaire_sample_k25_500_added_200\08F_final500_freeze_run_20260728_145702\01_final_flat_500\Q243__cq_681554_106.520744_29.590314.jpg,frozen_08F,D:\StreetView_Project\03_Output\clip_knn\questionnaire_sample_k25_500_added_200\08D_spatial_visual_proximity_check_run_20260728_143220
Q244,existing_300,CQ_732695,chongqing,106.583952,29.537571,202210,cq_732695_106.583952_29.537571.jpg,D:\StreetView_Project\01_Data\Street_Images\chongqing\cq_streetview\cq_732695_106.583952_29.537571.jpg,15,0.2571951150894165,edge,重庆高密商业/居住混合主干路,Q244__cq_732695_106.583952_29.537571.jpg,D:\StreetView_Project\03_Output\clip_knn\questionnaire_sample_k25_500_added_200\08F_final500_freeze_run_20260728_145702\01_final_flat_500\Q244__cq_732695_106.583952_29.537571.jpg,CQ_732695,False,False,not_applicable_existing_300,Q244__Q244_cq_732695_106.583952_29.537571.jpg,D:\StreetView_Project\03_Output\clip_knn\questionnaire_sample_k25_300\02_images_main\_final_flat_300_for_check\Q244__Q244_cq_732695_106.583952_29.537571.jpg,,202210,cq_732695_106.583952_29.537571.jpg,D:\StreetView_Project\01_Data\Street_Images\chongqing\cq_streetview\cq_732695_106.583952_29.537571.jpg,D:\StreetView_Project\01_Data\Street_Images\chongqing\cq_streetview\cq_732695_106.583952_29.537571.jpg,0.2571951150894165,D:\StreetView_Project\03_Output\clip_knn\questionnaire_sample_k25_300\02_images_main\_final_flat_300_for_check\Q244__Q244_cq_732695_106.583952_29.537571.jpg,de883fb1f9fb5f7f3007fd7f82aca1b4a31126e84d16edad27887414e91a63b5,Q244__cq_732695_106.583952_29.537571.jpg,D:\StreetView_Project\03_Output\clip_knn\questionnaire_sample_k25_500_added_200\08D_spatial_visual_proximity_check_run_20260728_143220\01_preliminary_flat_500\Q244__cq_732695_106.583952_29.537571.jpg,Q244__cq_732695_106.583952_29.537571.jpg,D:\StreetView_Project\03_Output\clip_knn\questionnaire_sample_k25_500_added_200\08F_final500_freeze_run_20260728_145702\01_final_flat_500\Q244__cq_732695_106.583952_29.537571.jpg,frozen_08F,D:\StreetView_Project\03_Output\clip_knn\questionnaire_sample_k25_500_added_200\08D_spatial_visual_proximity_check_run_20260728_143220
Q245,existing_300,CQ_3153404,chongqing,106.453575,29.538531,201907,cq_3153404_106.453575_29.538531.jpg,D:\StreetView_Project\01_Data\Street_Images\chongqing\cq_streetview\cq_3153404_106.453575_29.538531.jpg,16,0.2522195279598236,center,树荫居住支路/高绿量社区道路,Q245__cq_3153404_106.453575_29.538531.jpg,D:\StreetView_Project\03_Output\clip_knn\questionnaire_sample_k25_500_added_200\08F_final500_freeze_run_20260728_145702\01_final_flat_500\Q245__cq_3153404_106.453575_29.538531.jpg,CQ_3153404,False,False,not_applicable_existing_300,Q245__Q245_cq_3153404_106.453575_29.538531.jpg,D:\StreetView_Project\03_Output\clip_knn\questionnaire_sample_k25_300\02_images_main\_final_flat_300_for_check\Q245__Q245_cq_3153404_106.453575_29.538531.jpg,,201907,cq_3153404_106.453575_29.538531.jpg,D:\StreetView_Project\01_Data\Street_Images\chongqing\cq_streetview\cq_3153404_106.453575_29.538531.jpg,D:\StreetView_Project\01_Data\Street_Images\chongqing\cq_streetview\cq_3153404_106.453575_29.538531.jpg,0.2522195279598236,D:\StreetView_Project\03_Output\clip_knn\questionnaire_sample_k25_300\02_images_main\_final_flat_300_for_check\Q245__Q245_cq_3153404_106.453575_29.538531.jpg,694fad8369998949e3837b8470d45504404a008b37917674c7f46130068157f2,Q245__cq_3153404_106.453575_29.538531.jpg,D:\StreetView_Project\03_Output\clip_knn\questionnaire_sample_k25_500_added_200\08D_spatial_visual_proximity_check_run_20260728_143220\01_preliminary_flat_500\Q245__cq_3153404_106.453575_29.538531.jpg,Q245__cq_3153404_106.453575_29.538531.jpg,D:\StreetView_Project\03_Output\clip_knn\questionnaire_sample_k25_500_added_200\08F_final500_freeze_run_20260728_145702\01_final_flat_500\Q245__cq_3153404_106.453575_29.538531.jpg,frozen_08F,D:\StreetView_Project\03_Output\clip_knn\questionnaire_sample_k25_500_added_200\08D_spatial_visual_proximity_check_run_20260728_143220
Q246,existing_300,CQ_3304879,chongqing,106.527284,29.572082,201710,cq_3304879_106.527284_29.572082.jpg,D:\StreetView_Project\01_Data\Street_Images\chongqing\cq_streetview\cq_3304879_106.527284_29.572082.jpg,16,0.2678609788417816,center,树荫居住支路/高绿量社区道路,Q246__cq_3304879_106.527284_29.572082.jpg,D:\StreetView_Project\03_Output\clip_knn\questionnaire_sample_k25_500_added_200\08F_final500_freeze_run_20260728_145702\01_final_flat_500\Q246__cq_3304879_106.527284_29.572082.jpg,CQ_3304879,False,False,not_applicable_existing_300,Q246__Q246_cq_3304879_106.527284_29.572082.jpg,D:\StreetView_Project\03_Output\clip_knn\questionnaire_sample_k25_300\02_images_main\_final_flat_300_for_check\Q246__Q246_cq_3304879_106.527284_29.572082.jpg,,201710,cq_3304879_106.527284_29.572082.jpg,D:\StreetView_Project\01_Data\Street_Images\chongqing\cq_streetview\cq_3304879_106.527284_29.572082.jpg,D:\StreetView_Project\01_Data\Street_Images\chongqing\cq_streetview\cq_3304879_106.527284_29.572082.jpg,0.2678609788417816,D:\StreetView_Project\03_Output\clip_knn\questionnaire_sample_k25_300\02_images_main\_final_flat_300_for_check\Q246__Q246_cq_3304879_106.527284_29.572082.jpg,b84933d19afa7390fba930ac74c55f221be0ed7d362205729d0b7f622bcc1ef5,Q246__cq_3304879_106.527284_29.572082.jpg,D:\StreetView_Project\03_Output\clip_knn\questionnaire_sample_k25_500_added_200\08D_spatial_visual_proximity_check_run_20260728_143220\01_preliminary_flat_500\Q246__cq_3304879_106.527284_29.572082.jpg,Q246__cq_3304879_106.527284_29.572082.jpg,D:\StreetView_Project\03_Output\clip_knn\questionnaire_sample_k25_500_added_200\08F_final500_freeze_run_20260728_145702\01_final_flat_500\Q246__cq_3304879_106.527284_29.572082.jpg,frozen_08F,D:\StreetView_Project\03_Output\clip_knn\questionnaire_sample_k25_500_added_200\08D_spatial_visual_proximity_check_run_20260728_143220
Q247,existing_300,CQ_599182,chongqing,106.45012,29.560037,201610,cq_599182_106.450120_29.560037.jpg,D:\StreetView_Project\01_Data\Street_Images\chongqing\cq_streetview\cq_599182_106.450120_29.560037.jpg,16,0.2540567219257355,center,树荫居住支路/高绿量社区道路,Q247__cq_599182_106.45012_29.560037.jpg,D:\StreetView_Project\03_Output\clip_knn\questionnaire_sample_k25_500_added_200\08F_final500_freeze_run_20260728_145702\01_final_flat_500\Q247__cq_599182_106.45012_29.560037.jpg,CQ_599182,False,False,not_applicable_existing_300,Q247__Q247_cq_599182_106.450120_29.560037.jpg,D:\StreetView_Project\03_Output\clip_knn\questionnaire_sample_k25_300\02_images_main\_final_flat_300_for_check\Q247__Q247_cq_599182_106.450120_29.560037.jpg,,201610,cq_599182_106.450120_29.560037.jpg,D:\StreetView_Project\01_Data\Street_Images\chongqing\cq_streetview\cq_599182_106.450120_29.560037.jpg,D:\StreetView_Project\01_Data\Street_Images\chongqing\cq_streetview\cq_599182_106.450120_29.560037.jpg,0.2540567219257355,D:\StreetView_Project\03_Output\clip_knn\questionnaire_sample_k25_300\02_images_main\_final_flat_300_for_check\Q247__Q247_cq_599182_106.450120_29.560037.jpg,95bcb05000b06d5f273259cf89215079016a99d44a26b7fdba0c4edb5cdcc1a9,Q247__cq_599182_106.45012_29.560037.jpg,D:\StreetView_Project\03_Output\clip_knn\questionnaire_sample_k25_500_added_200\08D_spatial_visual_proximity_check_run_20260728_143220\01_preliminary_flat_500\Q247__cq_599182_106.45012_29.560037.jpg,Q247__cq_599182_106.45012_29.560037.jpg,D:\StreetView_Project\03_Output\clip_knn\questionnaire_sample_k25_500_added_200\08F_final500_freeze_run_20260728_145702\01_final_flat_500\Q247__cq_599182_106.45012_29.560037.jpg,frozen_08F,D:\StreetView_Project\03_Output\clip_knn\questionnaire_sample_k25_500_added_200\08D_spatial_visual_proximity_check_run_20260728_143220
Q248,existing_300,CQ_3161151,chongqing,106.497209,29.530996,201907,cq_3161151_106.497209_29.530996.jpg,D:\StreetView_Project\01_Data\Street_Images\chongqing\cq_streetview\cq_3161151_106.497209_29.530996.jpg,16,0.3002762496471405,middle,树荫居住支路/高绿量社区道路,Q248__cq_3161151_106.497209_29.530996.jpg,D:\StreetView_Project\03_Output\clip_knn\questionnaire_sample_k25_500_added_200\08F_final500_freeze_run_20260728_145702\01_final_flat_500\Q248__cq_3161151_106.497209_29.530996.jpg,CQ_3161151,False,False,not_applicable_existing_300,Q248__Q248_cq_3161151_106.497209_29.530996.jpg,D:\StreetView_Project\03_Output\clip_knn\questionnaire_sample_k25_300\02_images_main\_final_flat_300_for_check\Q248__Q248_cq_3161151_106.497209_29.530996.jpg,,201907,cq_3161151_106.497209_29.530996.jpg,D:\StreetView_Project\01_Data\Street_Images\chongqing\cq_streetview\cq_3161151_106.497209_29.530996.jpg,D:\StreetView_Project\01_Data\Street_Images\chongqing\cq_streetview\cq_3161151_106.497209_29.530996.jpg,0.3002762496471405,D:\StreetView_Project\03_Output\clip_knn\questionnaire_sample_k25_300\02_images_main\_final_flat_300_for_check\Q248__Q248_cq_3161151_106.497209_29.530996.jpg,8e21571c5f73004122e41303b83ca174bcccb64f4fd7a52ae3edfa76c9519c6b,Q248__cq_3161151_106.497209_29.530996.jpg,D:\StreetView_Project\03_Output\clip_knn\questionnaire_sample_k25_500_added_200\08D_spatial_visual_proximity_check_run_20260728_143220\01_preliminary_flat_500\Q248__cq_3161151_106.497209_29.530996.jpg,Q248__cq_3161151_106.497209_29.530996.jpg,D:\StreetView_Project\03_Output\clip_knn\questionnaire_sample_k25_500_added_200\08F_final500_freeze_run_20260728_145702\01_final_flat_500\Q248__cq_3161151_106.497209_29.530996.jpg,frozen_08F,D:\StreetView_Project\03_Output\clip_knn\questionnaire_sample_k25_500_added_200\08D_spatial_visual_proximity_check_run_20260728_143220
Q249,existing_300,CQ_651038,chongqing,106.492391,29.520247,201711,cq_651038_106.492391_29.520247.jpg,D:\StreetView_Project\01_Data\Street_Images\chongqing\cq_streetview\cq_651038_106.492391_29.520247.jpg,16,0.2664467394351959,center,树荫居住支路/高绿量社区道路,Q249__cq_651038_106.492391_29.520247.jpg,D:\StreetView_Project\03_Output\clip_knn\questionnaire_sample_k25_500_added_200\08F_final500_freeze_run_20260728_145702\01_final_flat_500\Q249__cq_651038_106.492391_29.520247.jpg,CQ_651038,False,False,not_applicable_existing_300,Q249__Q249_cq_651038_106.492391_29.520247.jpg,D:\StreetView_Project\03_Output\clip_knn\questionnaire_sample_k25_300\02_images_main\_final_flat_300_for_check\Q249__Q249_cq_651038_106.492391_29.520247.jpg,,201711,cq_651038_106.492391_29.520247.jpg,D:\StreetView_Project\01_Data\Street_Images\chongqing\cq_streetview\cq_651038_106.492391_29.520247.jpg,D:\StreetView_Project\01_Data\Street_Images\chongqing\cq_streetview\cq_651038_106.492391_29.520247.jpg,0.2664467394351959,D:\StreetView_Project\03_Output\clip_knn\questionnaire_sample_k25_300\02_images_main\_final_flat_300_for_check\Q249__Q249_cq_651038_106.492391_29.520247.jpg,d584c215d2a4915313425857458499deba6f23a94ae90e76dc0af9e8a18c5321,Q249__cq_651038_106.492391_29.520247.jpg,D:\StreetView_Project\03_Output\clip_knn\questionnaire_sample_k25_500_added_200\08D_spatial_visual_proximity_check_run_20260728_143220\01_preliminary_flat_500\Q249__cq_651038_106.492391_29.520247.jpg,Q249__cq_651038_106.492391_29.520247.jpg,D:\StreetView_Project\03_Output\clip_knn\questionnaire_sample_k25_500_added_200\08F_final500_freeze_run_20260728_145702\01_final_flat_500\Q249__cq_651038_106.492391_29.520247.jpg,frozen_08F,D:\StreetView_Project\03_Output\clip_knn\questionnaire_sample_k25_500_added_200\08D_spatial_visual_proximity_check_run_20260728_143220
Q250,existing_300,CQ_629645,chongqing,106.480273,29.489952,202210,cq_629645_106.480273_29.489952.jpg,D:\StreetView_Project\01_Data\Street_Images\chongqing\cq_streetview\cq_629645_106.480273_29.489952.jpg,16,0.2784036099910736,middle,树荫居住支路/高绿量社区道路,Q250__cq_629645_106.480273_29.489952.jpg,D:\StreetView_Project\03_Output\clip_knn\questionnaire_sample_k25_500_added_200\08F_final500_freeze_run_20260728_145702\01_final_flat_500\Q250__cq_629645_106.480273_29.489952.jpg,CQ_629645,False,False,not_applicable_existing_300,Q250__Q250_cq_629645_106.480273_29.489952.jpg,D:\StreetView_Project\03_Output\clip_knn\questionnaire_sample_k25_300\02_images_main\_final_flat_300_for_check\Q250__Q250_cq_629645_106.480273_29.489952.jpg,,202210,cq_629645_106.480273_29.489952.jpg,D:\StreetView_Project\01_Data\Street_Images\chongqing\cq_streetview\cq_629645_106.480273_29.489952.jpg,D:\StreetView_Project\01_Data\Street_Images\chongqing\cq_streetview\cq_629645_106.480273_29.489952.jpg,0.2784036099910736,D:\StreetView_Project\03_Output\clip_knn\questionnaire_sample_k25_300\02_images_main\_final_flat_300_for_check\Q250__Q250_cq_629645_106.480273_29.489952.jpg,d77a00a1c37f04626045857c4d98c3b916918905cfff1d772c3c15cefd180cdd,Q250__cq_629645_106.480273_29.489952.jpg,D:\StreetView_Project\03_Output\clip_knn\questionnaire_sample_k25_500_added_200\08D_spatial_visual_proximity_check_run_20260728_143220\01_preliminary_flat_500\Q250__cq_629645_106.480273_29.489952.jpg,Q250__cq_629645_106.480273_29.489952.jpg,D:\StreetView_Project\03_Output\clip_knn\questionnaire_sample_k25_500_added_200\08F_final500_freeze_run_20260728_145702\01_final_flat_500\Q250__cq_629645_106.480273_29.489952.jpg,frozen_08F,D:\StreetView_Project\03_Output\clip_knn\questionnaire_sample_k25_500_added_200\08D_spatial_visual_proximity_check_run_20260728_143220
Q251,existing_300,CQ_3160737,chongqing,106.529204,29.494881,201907,cq_3160737_106.529204_29.494881.jpg,D:\StreetView_Project\01_Data\Street_Images\chongqing\cq_streetview\cq_3160737_106.529204_29.494881.jpg,16,0.266869843006134,center,树荫居住支路/高绿量社区道路,Q251__cq_3160737_106.529204_29.494881.jpg,D:\StreetView_Project\03_Output\clip_knn\questionnaire_sample_k25_500_added_200\08F_final500_freeze_run_20260728_145702\01_final_flat_500\Q251__cq_3160737_106.529204_29.494881.jpg,CQ_3160737,False,False,not_applicable_existing_300,Q251__Q251_cq_3160737_106.529204_29.494881.jpg,D:\StreetView_Project\03_Output\clip_knn\questionnaire_sample_k25_300\02_images_main\_final_flat_300_for_check\Q251__Q251_cq_3160737_106.529204_29.494881.jpg,,201907,cq_3160737_106.529204_29.494881.jpg,D:\StreetView_Project\01_Data\Street_Images\chongqing\cq_streetview\cq_3160737_106.529204_29.494881.jpg,D:\StreetView_Project\01_Data\Street_Images\chongqing\cq_streetview\cq_3160737_106.529204_29.494881.jpg,0.266869843006134,D:\StreetView_Project\03_Output\clip_knn\questionnaire_sample_k25_300\02_images_main\_final_flat_300_for_check\Q251__Q251_cq_3160737_106.529204_29.494881.jpg,725f151882967472d0757b524e24c7512b86a092a8abbffccf2ead6c09fddd17,Q251__cq_3160737_106.529204_29.494881.jpg,D:\StreetView_Project\03_Output\clip_knn\questionnaire_sample_k25_500_added_200\08D_spatial_visual_proximity_check_run_20260728_143220\01_preliminary_flat_500\Q251__cq_3160737_106.529204_29.494881.jpg,Q251__cq_3160737_106.529204_29.494881.jpg,D:\StreetView_Project\03_Output\clip_knn\questionnaire_sample_k25_500_added_200\08F_final500_freeze_run_20260728_145702\01_final_flat_500\Q251__cq_3160737_106.529204_29.494881.jpg,frozen_08F,D:\StreetView_Project\03_Output\clip_knn\questionnaire_sample_k25_500_added_200\08D_spatial_visual_proximity_check_run_20260728_143220
Q252,existing_300,CQ_659408,chongqing,106.501148,29.585392,202210,cq_659408_106.501148_29.585392.jpg,D:\StreetView_Project\01_Data\Street_Images\chongqing\cq_streetview\cq_659408_106.501148_29.585392.jpg,17,0.2094142735004425,center,成都生活性街道/社区商业道路,Q252__cq_659408_106.501148_29.585392.jpg,D:\StreetView_Project\03_Output\clip_knn\questionnaire_sample_k25_500_added_200\08F_final500_freeze_run_20260728_145702\01_final_flat_500\Q252__cq_659408_106.501148_29.585392.jpg,CQ_659408,False,False,not_applicable_existing_300,Q252__Q252_cq_659408_106.501148_29.585392.jpg,D:\StreetView_Project\03_Output\clip_knn\questionnaire_sample_k25_300\02_images_main\_final_flat_300_for_check\Q252__Q252_cq_659408_106.501148_29.585392.jpg,,202210,cq_659408_106.501148_29.585392.jpg,D:\StreetView_Project\01_Data\Street_Images\chongqing\cq_streetview\cq_659408_106.501148_29.585392.jpg,D:\StreetView_Project\01_Data\Street_Images\chongqing\cq_streetview\cq_659408_106.501148_29.585392.jpg,0.2094142735004425,D:\StreetView_Project\03_Output\clip_knn\questionnaire_sample_k25_300\02_images_main\_final_flat_300_for_check\Q252__Q252_cq_659408_106.501148_29.585392.jpg,1602c9a2766464871ca9ba10e240b2287ca976c28018197eb3732872026f7139,Q252__cq_659408_106.501148_29.585392.jpg,D:\StreetView_Project\03_Output\clip_knn\questionnaire_sample_k25_500_added_200\08D_spatial_visual_proximity_check_run_20260728_143220\01_preliminary_flat_500\Q252__cq_659408_106.501148_29.585392.jpg,Q252__cq_659408_106.501148_29.585392.jpg,D:\StreetView_Project\03_Output\clip_knn\questionnaire_sample_k25_500_added_200\08F_final500_freeze_run_20260728_145702\01_final_flat_500\Q252__cq_659408_106.501148_29.585392.jpg,frozen_08F,D:\StreetView_Project\03_Output\clip_knn\questionnaire_sample_k25_500_added_200\08D_spatial_visual_proximity_check_run_20260728_143220
Q253,existing_300,CQ_2431841,chongqing,106.553052,29.522119,202210,cq_2431841_106.553052_29.522119.jpg,D:\StreetView_Project\01_Data\Street_Images\chongqing\cq_streetview\cq_2431841_106.553052_29.522119.jpg,17,0.2431989759206772,middle,成都生活性街道/社区商业道路,Q253__cq_2431841_106.553052_29.522119.jpg,D:\StreetView_Project\03_Output\clip_knn\questionnaire_sample_k25_500_added_200\08F_final500_freeze_run_20260728_145702\01_final_flat_500\Q253__cq_2431841_106.553052_29.522119.jpg,CQ_2431841,False,False,not_applicable_existing_300,Q253__Q253_cq_2431841_106.553052_29.522119.jpg,D:\StreetView_Project\03_Output\clip_knn\questionnaire_sample_k25_300\02_images_main\_final_flat_300_for_check\Q253__Q253_cq_2431841_106.553052_29.522119.jpg,,202210,cq_2431841_106.553052_29.522119.jpg,D:\StreetView_Project\01_Data\Street_Images\chongqing\cq_streetview\cq_2431841_106.553052_29.522119.jpg,D:\StreetView_Project\01_Data\Street_Images\chongqing\cq_streetview\cq_2431841_106.553052_29.522119.jpg,0.2431989759206772,D:\StreetView_Project\03_Output\clip_knn\questionnaire_sample_k25_300\02_images_main\_final_flat_300_for_check\Q253__Q253_cq_2431841_106.553052_29.522119.jpg,545bf867cdd1563bdb6b0ecf0e5bc1e8db75a15fe002715d9193e02cf96d29f3,Q253__cq_2431841_106.553052_29.522119.jpg,D:\StreetView_Project\03_Output\clip_knn\questionnaire_sample_k25_500_added_200\08D_spatial_visual_proximity_check_run_20260728_143220\01_preliminary_flat_500\Q253__cq_2431841_106.553052_29.522119.jpg,Q253__cq_2431841_106.553052_29.522119.jpg,D:\StreetView_Project\03_Output\clip_knn\questionnaire_sample_k25_500_added_200\08F_final500_freeze_run_20260728_145702\01_final_flat_500\Q253__cq_2431841_106.553052_29.522119.jpg,frozen_08F,D:\StreetView_Project\03_Output\clip_knn\questionnaire_sample_k25_500_added_200\08D_spatial_visual_proximity_check_run_20260728_143220
Q254,existing_300,CQ_676998,chongqing,106.518937,29.584998,202210,cq_676998_106.518937_29.584998.jpg,D:\StreetView_Project\01_Data\Street_Images\chongqing\cq_streetview\cq_676998_106.518937_29.584998.jpg,17,0.2584980130195618,middle,成都生活性街道/社区商业道路,Q254__cq_676998_106.518937_29.584998.jpg,D:\StreetView_Project\03_Output\clip_knn\questionnaire_sample_k25_500_added_200\08F_final500_freeze_run_20260728_145702\01_final_flat_500\Q254__cq_676998_106.518937_29.584998.jpg,CQ_676998,False,False,not_applicable_existing_300,Q254__Q254_cq_676998_106.518937_29.584998.jpg,D:\StreetView_Project\03_Output\clip_knn\questionnaire_sample_k25_300\02_images_main\_final_flat_300_for_check\Q254__Q254_cq_676998_106.518937_29.584998.jpg,,202210,cq_676998_106.518937_29.584998.jpg,D:\StreetView_Project\01_Data\Street_Images\chongqing\cq_streetview\cq_676998_106.518937_29.584998.jpg,D:\StreetView_Project\01_Data\Street_Images\chongqing\cq_streetview\cq_676998_106.518937_29.584998.jpg,0.2584980130195618,D:\StreetView_Project\03_Output\clip_knn\questionnaire_sample_k25_300\02_images_main\_final_flat_300_for_check\Q254__Q254_cq_676998_106.518937_29.584998.jpg,c388dd23920ec9f99437bb85f46f47165e234bf9a50d385d26a3555971103133,Q254__cq_676998_106.518937_29.584998.jpg,D:\StreetView_Project\03_Output\clip_knn\questionnaire_sample_k25_500_added_200\08D_spatial_visual_proximity_check_run_20260728_143220\01_preliminary_flat_500\Q254__cq_676998_106.518937_29.584998.jpg,Q254__cq_676998_106.518937_29.584998.jpg,D:\StreetView_Project\03_Output\clip_knn\questionnaire_sample_k25_500_added_200\08F_final500_freeze_run_20260728_145702\01_final_flat_500\Q254__cq_676998_106.518937_29.584998.jpg,frozen_08F,D:\StreetView_Project\03_Output\clip_knn\questionnaire_sample_k25_500_added_200\08D_spatial_visual_proximity_check_run_20260728_143220
Q255,existing_300,CQ_2434440,chongqing,106.541947,29.576071,202210,cq_2434440_106.541947_29.576071.jpg,D:\StreetView_Project\01_Data\Street_Images\chongqing\cq_streetview\cq_2434440_106.541947_29.576071.jpg,17,0.2914049029350281,edge,成都生活性街道/社区商业道路,Q255__cq_2434440_106.541947_29.576071.jpg,D:\StreetView_Project\03_Output\clip_knn\questionnaire_sample_k25_500_added_200\08F_final500_freeze_run_20260728_145702\01_final_flat_500\Q255__cq_2434440_106.541947_29.576071.jpg,CQ_2434440,False,False,not_applicable_existing_300,Q255__Q255_cq_2434440_106.541947_29.576071.jpg,D:\StreetView_Project\03_Output\clip_knn\questionnaire_sample_k25_300\02_images_main\_final_flat_300_for_check\Q255__Q255_cq_2434440_106.541947_29.576071.jpg,,202210,cq_2434440_106.541947_29.576071.jpg,D:\StreetView_Project\01_Data\Street_Images\chongqing\cq_streetview\cq_2434440_106.541947_29.576071.jpg,D:\StreetView_Project\01_Data\Street_Images\chongqing\cq_streetview\cq_2434440_106.541947_29.576071.jpg,0.2914049029350281,D:\StreetView_Project\03_Output\clip_knn\questionnaire_sample_k25_300\02_images_main\_final_flat_300_for_check\Q255__Q255_cq_2434440_106.541947_29.576071.jpg,122ad1680700e011b45c4b940ed1bede3e3a611ab4457a7d41089d2499e2ae0a,Q255__cq_2434440_106.541947_29.576071.jpg,D:\StreetView_Project\03_Output\clip_knn\questionnaire_sample_k25_500_added_200\08D_spatial_visual_proximity_check_run_20260728_143220\01_preliminary_flat_500\Q255__cq_2434440_106.541947_29.576071.jpg,Q255__cq_2434440_106.541947_29.576071.jpg,D:\StreetView_Project\03_Output\clip_knn\questionnaire_sample_k25_500_added_200\08F_final500_freeze_run_20260728_145702\01_final_flat_500\Q255__cq_2434440_106.541947_29.576071.jpg,frozen_08F,D:\StreetView_Project\03_Output\clip_knn\questionnaire_sample_k25_500_added_200\08D_spatial_visual_proximity_check_run_20260728_143220
Q256,existing_300,CQ_2423599,chongqing,106.473811,29.489111,202210,cq_2423599_106.473811_29.489111.jpg,D:\StreetView_Project\01_Data\Street_Images\chongqing\cq_streetview\cq_2423599_106.473811_29.489111.jpg,18,0.2449651062488556,center,开敞绿化道路/公园边界道路,Q256__cq_2423599_106.473811_29.489111.jpg,D:\StreetView_Project\03_Output\clip_knn\questionnaire_sample_k25_500_added_200\08F_final500_freeze_run_20260728_145702\01_final_flat_500\Q256__cq_2423599_106.473811_29.489111.jpg,CQ_2423599,False,False,not_applicable_existing_300,Q256__Q256_cq_2423599_106.473811_29.489111.jpg,D:\StreetView_Project\03_Output\clip_knn\questionnaire_sample_k25_300\02_images_main\_final_flat_300_for_check\Q256__Q256_cq_2423599_106.473811_29.489111.jpg,,202210,cq_2423599_106.473811_29.489111.jpg,D:\StreetView_Project\01_Data\Street_Images\chongqing\cq_streetview\cq_2423599_106.473811_29.489111.jpg,D:\StreetView_Project\01_Data\Street_Images\chongqing\cq_streetview\cq_2423599_106.473811_29.489111.jpg,0.2449651062488556,D:\StreetView_Project\03_Output\clip_knn\questionnaire_sample_k25_300\02_images_main\_final_flat_300_for_check\Q256__Q256_cq_2423599_106.473811_29.489111.jpg,b437c4ce3cc8ff26c0a1bf83a252c6b1adec8a474dfa28114b43ffd4f64cd60f,Q256__cq_2423599_106.473811_29.489111.jpg,D:\StreetView_Project\03_Output\clip_knn\questionnaire_sample_k25_500_added_200\08D_spatial_visual_proximity_check_run_20260728_143220\01_preliminary_flat_500\Q256__cq_2423599_106.473811_29.489111.jpg,Q256__cq_2423599_106.473811_29.489111.jpg,D:\StreetView_Project\03_Output\clip_knn\questionnaire_sample_k25_500_added_200\08F_final500_freeze_run_20260728_145702\01_final_flat_500\Q256__cq_2423599_106.473811_29.489111.jpg,frozen_08F,D:\StreetView_Project\03_Output\clip_knn\questionnaire_sample_k25_500_added_200\08D_spatial_visual_proximity_check_run_20260728_143220
Q257,existing_300,CQ_2431228,chongqing,106.534125,29.424309,202210,cq_2431228_106.534125_29.424309.jpg,D:\StreetView_Project\01_Data\Street_Images\chongqing\cq_streetview\cq_2431228_106.534125_29.424309.jpg,18,0.272109717130661,middle,开敞绿化道路/公园边界道路,Q257__cq_2431228_106.534125_29.424309.jpg,D:\StreetView_Project\03_Output\clip_knn\questionnaire_sample_k25_500_added_200\08F_final500_freeze_run_20260728_145702\01_final_flat_500\Q257__cq_2431228_106.534125_29.424309.jpg,CQ_2431228,False,False,not_applicable_existing_300,Q257__Q257_cq_2431228_106.534125_29.424309.jpg,D:\StreetView_Project\03_Output\clip_knn\questionnaire_sample_k25_300\02_images_main\_final_flat_300_for_check\Q257__Q257_cq_2431228_106.534125_29.424309.jpg,,202210,cq_2431228_106.534125_29.424309.jpg,D:\StreetView_Project\01_Data\Street_Images\chongqing\cq_streetview\cq_2431228_106.534125_29.424309.jpg,D:\StreetView_Project\01_Data\Street_Images\chongqing\cq_streetview\cq_2431228_106.534125_29.424309.jpg,0.272109717130661,D:\StreetView_Project\03_Output\clip_knn\questionnaire_sample_k25_300\02_images_main\_final_flat_300_for_check\Q257__Q257_cq_2431228_106.534125_29.424309.jpg,25b19a092b12e93f9dd6b481de9046ad28b3c36eb45801433810927b8b8601fc,Q257__cq_2431228_106.534125_29.424309.jpg,D:\StreetView_Project\03_Output\clip_knn\questionnaire_sample_k25_500_added_200\08D_spatial_visual_proximity_check_run_20260728_143220\01_preliminary_flat_500\Q257__cq_2431228_106.534125_29.424309.jpg,Q257__cq_2431228_106.534125_29.424309.jpg,D:\StreetView_Project\03_Output\clip_knn\questionnaire_sample_k25_500_added_200\08F_final500_freeze_run_20260728_145702\01_final_flat_500\Q257__cq_2431228_106.534125_29.424309.jpg,frozen_08F,D:\StreetView_Project\03_Output\clip_knn\questionnaire_sample_k25_500_added_200\08D_spatial_visual_proximity_check_run_20260728_143220
Q258,existing_300,CQ_594865,chongqing,106.450709,29.504638,202210,cq_594865_106.450709_29.504638.jpg,D:\StreetView_Project\01_Data\Street_Images\chongqing\cq_streetview\cq_594865_106.450709_29.504638.jpg,18,0.2280905991792679,center,开敞绿化道路/公园边界道路,Q258__cq_594865_106.450709_29.504638.jpg,D:\StreetView_Project\03_Output\clip_knn\questionnaire_sample_k25_500_added_200\08F_final500_freeze_run_20260728_145702\01_final_flat_500\Q258__cq_594865_106.450709_29.504638.jpg,CQ_594865,False,False,not_applicable_existing_300,Q258__Q258_cq_594865_106.450709_29.504638.jpg,D:\StreetView_Project\03_Output\clip_knn\questionnaire_sample_k25_300\02_images_main\_final_flat_300_for_check\Q258__Q258_cq_594865_106.450709_29.504638.jpg,,202210,cq_594865_106.450709_29.504638.jpg,D:\StreetView_Project\01_Data\Street_Images\chongqing\cq_streetview\cq_594865_106.450709_29.504638.jpg,D:\StreetView_Project\01_Data\Street_Images\chongqing\cq_streetview\cq_594865_106.450709_29.504638.jpg,0.2280905991792679,D:\StreetView_Project\03_Output\clip_knn\questionnaire_sample_k25_300\02_images_main\_final_flat_300_for_check\Q258__Q258_cq_594865_106.450709_29.504638.jpg,83fbdea72e8dcec45fed0d42358746cb4d04ceda6ade9c5ec8f2aa0b86b5c3e4,Q258__cq_594865_106.450709_29.504638.jpg,D:\StreetView_Project\03_Output\clip_knn\questionnaire_sample_k25_500_added_200\08D_spatial_visual_proximity_check_run_20260728_143220\01_preliminary_flat_500\Q258__cq_594865_106.450709_29.504638.jpg,Q258__cq_594865_106.450709_29.504638.jpg,D:\StreetView_Project\03_Output\clip_knn\questionnaire_sample_k25_500_added_200\08F_final500_freeze_run_20260728_145702\01_final_flat_500\Q258__cq_594865_106.450709_29.504638.jpg,frozen_08F,D:\StreetView_Project\03_Output\clip_knn\questionnaire_sample_k25_500_added_200\08D_spatial_visual_proximity_check_run_20260728_143220
Q259,existing_300,CQ_659574,chongqing,106.499877,29.570222,201906,cq_659574_106.499877_29.570222.jpg,D:\StreetView_Project\01_Data\Street_Images\chongqing\cq_streetview\cq_659574_106.499877_29.570222.jpg,18,0.2763836681842804,middle,开敞绿化道路/公园边界道路,Q259__cq_659574_106.499877_29.570222.jpg,D:\StreetView_Project\03_Output\clip_knn\questionnaire_sample_k25_500_added_200\08F_final500_freeze_run_20260728_145702\01_final_flat_500\Q259__cq_659574_106.499877_29.570222.jpg,CQ_659574,False,False,not_applicable_existing_300,Q259__Q259_cq_659574_106.499877_29.570222.jpg,D:\StreetView_Project\03_Output\clip_knn\questionnaire_sample_k25_300\02_images_main\_final_flat_300_for_check\Q259__Q259_cq_659574_106.499877_29.570222.jpg,,201906,cq_659574_106.499877_29.570222.jpg,D:\StreetView_Project\01_Data\Street_Images\chongqing\cq_streetview\cq_659574_106.499877_29.570222.jpg,D:\StreetView_Project\01_Data\Street_Images\chongqing\cq_streetview\cq_659574_106.499877_29.570222.jpg,0.2763836681842804,D:\StreetView_Project\03_Output\clip_knn\questionnaire_sample_k25_300\02_images_main\_final_flat_300_for_check\Q259__Q259_cq_659574_106.499877_29.570222.jpg,c0c670c55e6f96189dd7a6028942a60202ca67d29926b67cd0ac4eaf512e5664,Q259__cq_659574_106.499877_29.570222.jpg,D:\StreetView_Project\03_Output\clip_knn\questionnaire_sample_k25_500_added_200\08D_spatial_visual_proximity_check_run_20260728_143220\01_preliminary_flat_500\Q259__cq_659574_106.499877_29.570222.jpg,Q259__cq_659574_106.499877_29.570222.jpg,D:\StreetView_Project\03_Output\clip_knn\questionnaire_sample_k25_500_added_200\08F_final500_freeze_run_20260728_145702\01_final_flat_500\Q259__cq_659574_106.499877_29.570222.jpg,frozen_08F,D:\StreetView_Project\03_Output\clip_knn\questionnaire_sample_k25_500_added_200\08D_spatial_visual_proximity_check_run_20260728_143220
Q260,existing_300,CQ_650886,chongqing,106.494986,29.534104,201906,cq_650886_106.494986_29.534104.jpg,D:\StreetView_Project\01_Data\Street_Images\chongqing\cq_streetview\cq_650886_106.494986_29.534104.jpg,18,0.2876152098178864,middle,开敞绿化道路/公园边界道路,Q260__cq_650886_106.494986_29.534104.jpg,D:\StreetView_Project\03_Output\clip_knn\questionnaire_sample_k25_500_added_200\08F_final500_freeze_run_20260728_145702\01_final_flat_500\Q260__cq_650886_106.494986_29.534104.jpg,CQ_650886,False,False,not_applicable_existing_300,Q260__Q260_cq_650886_106.494986_29.534104.jpg,D:\StreetView_Project\03_Output\clip_knn\questionnaire_sample_k25_300\02_images_main\_final_flat_300_for_check\Q260__Q260_cq_650886_106.494986_29.534104.jpg,,201906,cq_650886_106.494986_29.534104.jpg,D:\StreetView_Project\01_Data\Street_Images\chongqing\cq_streetview\cq_650886_106.494986_29.534104.jpg,D:\StreetView_Project\01_Data\Street_Images\chongqing\cq_streetview\cq_650886_106.494986_29.534104.jpg,0.2876152098178864,D:\StreetView_Project\03_Output\clip_knn\questionnaire_sample_k25_300\02_images_main\_final_flat_300_for_check\Q260__Q260_cq_650886_106.494986_29.534104.jpg,3b120878b679ed0b45bfc75aca0762eeb127e8a0848676a626cdf7f1e24fae74,Q260__cq_650886_106.494986_29.534104.jpg,D:\StreetView_Project\03_Output\clip_knn\questionnaire_sample_k25_500_added_200\08D_spatial_visual_proximity_check_run_20260728_143220\01_preliminary_flat_500\Q260__cq_650886_106.494986_29.534104.jpg,Q260__cq_650886_106.494986_29.534104.jpg,D:\StreetView_Project\03_Output\clip_knn\questionnaire_sample_k25_500_added_200\08F_final500_freeze_run_20260728_145702\01_final_flat_500\Q260__cq_650886_106.494986_29.534104.jpg,frozen_08F,D:\StreetView_Project\03_Output\clip_knn\questionnaire_sample_k25_500_added_200\08D_spatial_visual_proximity_check_run_20260728_143220
Q261,existing_300,CQ_604729,chongqing,106.46443,29.487771,201711,cq_604729_106.464430_29.487771.jpg,D:\StreetView_Project\01_Data\Street_Images\chongqing\cq_streetview\cq_604729_106.464430_29.487771.jpg,18,0.3298817574977875,edge,开敞绿化道路/公园边界道路,Q261__cq_604729_106.46443_29.487771.jpg,D:\StreetView_Project\03_Output\clip_knn\questionnaire_sample_k25_500_added_200\08F_final500_freeze_run_20260728_145702\01_final_flat_500\Q261__cq_604729_106.46443_29.487771.jpg,CQ_604729,False,False,not_applicable_existing_300,Q261__Q261_cq_604729_106.464430_29.487771.jpg,D:\StreetView_Project\03_Output\clip_knn\questionnaire_sample_k25_300\02_images_main\_final_flat_300_for_check\Q261__Q261_cq_604729_106.464430_29.487771.jpg,,201711,cq_604729_106.464430_29.487771.jpg,D:\StreetView_Project\01_Data\Street_Images\chongqing\cq_streetview\cq_604729_106.464430_29.487771.jpg,D:\StreetView_Project\01_Data\Street_Images\chongqing\cq_streetview\cq_604729_106.464430_29.487771.jpg,0.3298817574977875,D:\StreetView_Project\03_Output\clip_knn\questionnaire_sample_k25_300\02_images_main\_final_flat_300_for_check\Q261__Q261_cq_604729_106.464430_29.487771.jpg,bac315948abf020fe343e86525bf46dc7db27b2602b74bae02e7ab7086fe83af,Q261__cq_604729_106.46443_29.487771.jpg,D:\StreetView_Project\03_Output\clip_knn\questionnaire_sample_k25_500_added_200\08D_spatial_visual_proximity_check_run_20260728_143220\01_preliminary_flat_500\Q261__cq_604729_106.46443_29.487771.jpg,Q261__cq_604729_106.46443_29.487771.jpg,D:\StreetView_Project\03_Output\clip_knn\questionnaire_sample_k25_500_added_200\08F_final500_freeze_run_20260728_145702\01_final_flat_500\Q261__cq_604729_106.46443_29.487771.jpg,frozen_08F,D:\StreetView_Project\03_Output\clip_knn\questionnaire_sample_k25_500_added_200\08D_spatial_visual_proximity_check_run_20260728_143220
Q262,existing_300,CQ_3204227,chongqing,106.524088,29.471751,202210,cq_3204227_106.524088_29.471751.jpg,D:\StreetView_Project\01_Data\Street_Images\chongqing\cq_streetview\cq_3204227_106.524088_29.471751.jpg,19,0.2347969263792038,center,晴天开敞主干路/低密道路,Q262__cq_3204227_106.524088_29.471751.jpg,D:\StreetView_Project\03_Output\clip_knn\questionnaire_sample_k25_500_added_200\08F_final500_freeze_run_20260728_145702\01_final_flat_500\Q262__cq_3204227_106.524088_29.471751.jpg,CQ_3204227,False,False,not_applicable_existing_300,Q262__Q262_cq_3204227_106.524088_29.471751.jpg,D:\StreetView_Project\03_Output\clip_knn\questionnaire_sample_k25_300\02_images_main\_final_flat_300_for_check\Q262__Q262_cq_3204227_106.524088_29.471751.jpg,,202210,cq_3204227_106.524088_29.471751.jpg,D:\StreetView_Project\01_Data\Street_Images\chongqing\cq_streetview\cq_3204227_106.524088_29.471751.jpg,D:\StreetView_Project\01_Data\Street_Images\chongqing\cq_streetview\cq_3204227_106.524088_29.471751.jpg,0.2347969263792038,D:\StreetView_Project\03_Output\clip_knn\questionnaire_sample_k25_300\02_images_main\_final_flat_300_for_check\Q262__Q262_cq_3204227_106.524088_29.471751.jpg,f7a61d4aaab7416dd52c3eff567d864e9861eb957f496a81f72e39df9433fde9,Q262__cq_3204227_106.524088_29.471751.jpg,D:\StreetView_Project\03_Output\clip_knn\questionnaire_sample_k25_500_added_200\08D_spatial_visual_proximity_check_run_20260728_143220\01_preliminary_flat_500\Q262__cq_3204227_106.524088_29.471751.jpg,Q262__cq_3204227_106.524088_29.471751.jpg,D:\StreetView_Project\03_Output\clip_knn\questionnaire_sample_k25_500_added_200\08F_final500_freeze_run_20260728_145702\01_final_flat_500\Q262__cq_3204227_106.524088_29.471751.jpg,frozen_08F,D:\StreetView_Project\03_Output\clip_knn\questionnaire_sample_k25_500_added_200\08D_spatial_visual_proximity_check_run_20260728_143220
Q263,existing_300,CQ_2825937,chongqing,106.505893,29.527433,202210,cq_2825937_106.505893_29.527433.jpg,D:\StreetView_Project\01_Data\Street_Images\chongqing\cq_streetview\cq_2825937_106.505893_29.527433.jpg,19,0.2402112483978271,center,晴天开敞主干路/低密道路,Q263__cq_2825937_106.505893_29.527433.jpg,D:\StreetView_Project\03_Output\clip_knn\questionnaire_sample_k25_500_added_200\08F_final500_freeze_run_20260728_145702\01_final_flat_500\Q263__cq_2825937_106.505893_29.527433.jpg,CQ_2825937,False,False,not_applicable_existing_300,Q263__Q263_cq_2825937_106.505893_29.527433.jpg,D:\StreetView_Project\03_Output\clip_knn\questionnaire_sample_k25_300\02_images_main\_final_flat_300_for_check\Q263__Q263_cq_2825937_106.505893_29.527433.jpg,,202210,cq_2825937_106.505893_29.527433.jpg,D:\StreetView_Project\01_Data\Street_Images\chongqing\cq_streetview\cq_2825937_106.505893_29.527433.jpg,D:\StreetView_Project\01_Data\Street_Images\chongqing\cq_streetview\cq_2825937_106.505893_29.527433.jpg,0.2402112483978271,D:\StreetView_Project\03_Output\clip_knn\questionnaire_sample_k25_300\02_images_main\_final_flat_300_for_check\Q263__Q263_cq_2825937_106.505893_29.527433.jpg,9afde5b261d5fa3421985b138814d2644897c90b9bc91c7228a19d20fd0da3c8,Q263__cq_2825937_106.505893_29.527433.jpg,D:\StreetView_Project\03_Output\clip_knn\questionnaire_sample_k25_500_added_200\08D_spatial_visual_proximity_check_run_20260728_143220\01_preliminary_flat_500\Q263__cq_2825937_106.505893_29.527433.jpg,Q263__cq_2825937_106.505893_29.527433.jpg,D:\StreetView_Project\03_Output\clip_knn\questionnaire_sample_k25_500_added_200\08F_final500_freeze_run_20260728_145702\01_final_flat_500\Q263__cq_2825937_106.505893_29.527433.jpg,frozen_08F,D:\StreetView_Project\03_Output\clip_knn\questionnaire_sample_k25_500_added_200\08D_spatial_visual_proximity_check_run_20260728_143220
Q264,existing_300,CQ_2423343,chongqing,106.496553,29.505622,202210,cq_2423343_106.496553_29.505622.jpg,D:\StreetView_Project\01_Data\Street_Images\chongqing\cq_streetview\cq_2423343_106.496553_29.505622.jpg,19,0.1886011958122253,center,晴天开敞主干路/低密道路,Q264__cq_2423343_106.496553_29.505622.jpg,D:\StreetView_Project\03_Output\clip_knn\questionnaire_sample_k25_500_added_200\08F_final500_freeze_run_20260728_145702\01_final_flat_500\Q264__cq_2423343_106.496553_29.505622.jpg,CQ_2423343,False,False,not_applicable_existing_300,Q264__Q264_cq_2423343_106.496553_29.505622.jpg,D:\StreetView_Project\03_Output\clip_knn\questionnaire_sample_k25_300\02_images_main\_final_flat_300_for_check\Q264__Q264_cq_2423343_106.496553_29.505622.jpg,,202210,cq_2423343_106.496553_29.505622.jpg,D:\StreetView_Project\01_Data\Street_Images\chongqing\cq_streetview\cq_2423343_106.496553_29.505622.jpg,D:\StreetView_Project\01_Data\Street_Images\chongqing\cq_streetview\cq_2423343_106.496553_29.505622.jpg,0.1886011958122253,D:\StreetView_Project\03_Output\clip_knn\questionnaire_sample_k25_300\02_images_main\_final_flat_300_for_check\Q264__Q264_cq_2423343_106.496553_29.505622.jpg,e2fe2d4ad2b5bfbfd4376f2ccc20e29b775221cb2bfbcfaeb0a3f0e2a1d246c0,Q264__cq_2423343_106.496553_29.505622.jpg,D:\StreetView_Project\03_Output\clip_knn\questionnaire_sample_k25_500_added_200\08D_spatial_visual_proximity_check_run_20260728_143220\01_preliminary_flat_500\Q264__cq_2423343_106.496553_29.505622.jpg,Q264__cq_2423343_106.496553_29.505622.jpg,D:\StreetView_Project\03_Output\clip_knn\questionnaire_sample_k25_500_added_200\08F_final500_freeze_run_20260728_145702\01_final_flat_500\Q264__cq_2423343_106.496553_29.505622.jpg,frozen_08F,D:\StreetView_Project\03_Output\clip_knn\questionnaire_sample_k25_500_added_200\08D_spatial_visual_proximity_check_run_20260728_143220
Q265,existing_300,CQ_3304530,chongqing,106.529176,29.592713,202210,cq_3304530_106.529176_29.592713.jpg,D:\StreetView_Project\01_Data\Street_Images\chongqing\cq_streetview\cq_3304530_106.529176_29.592713.jpg,19,0.2820604741573334,middle,晴天开敞主干路/低密道路,Q265__cq_3304530_106.529176_29.592713.jpg,D:\StreetView_Project\03_Output\clip_knn\questionnaire_sample_k25_500_added_200\08F_final500_freeze_run_20260728_145702\01_final_flat_500\Q265__cq_3304530_106.529176_29.592713.jpg,CQ_3304530,False,False,not_applicable_existing_300,Q265__Q265_cq_3304530_106.529176_29.592713.jpg,D:\StreetView_Project\03_Output\clip_knn\questionnaire_sample_k25_300\02_images_main\_final_flat_300_for_check\Q265__Q265_cq_3304530_106.529176_29.592713.jpg,,202210,cq_3304530_106.529176_29.592713.jpg,D:\StreetView_Project\01_Data\Street_Images\chongqing\cq_streetview\cq_3304530_106.529176_29.592713.jpg,D:\StreetView_Project\01_Data\Street_Images\chongqing\cq_streetview\cq_3304530_106.529176_29.592713.jpg,0.2820604741573334,D:\StreetView_Project\03_Output\clip_knn\questionnaire_sample_k25_300\02_images_main\_final_flat_300_for_check\Q265__Q265_cq_3304530_106.529176_29.592713.jpg,a5e6e43d5809e257e580c3f1ae9f453eb6a74784e7cb74e69ef177d83240ad66,Q265__cq_3304530_106.529176_29.592713.jpg,D:\StreetView_Project\03_Output\clip_knn\questionnaire_sample_k25_500_added_200\08D_spatial_visual_proximity_check_run_20260728_143220\01_preliminary_flat_500\Q265__cq_3304530_106.529176_29.592713.jpg,Q265__cq_3304530_106.529176_29.592713.jpg,D:\StreetView_Project\03_Output\clip_knn\questionnaire_sample_k25_500_added_200\08F_final500_freeze_run_20260728_145702\01_final_flat_500\Q265__cq_3304530_106.529176_29.592713.jpg,frozen_08F,D:\StreetView_Project\03_Output\clip_knn\questionnaire_sample_k25_500_added_200\08D_spatial_visual_proximity_check_run_20260728_143220
Q266,existing_300,CQ_3203837,chongqing,106.526698,29.464938,202210,cq_3203837_106.526698_29.464938.jpg,D:\StreetView_Project\01_Data\Street_Images\chongqing\cq_streetview\cq_3203837_106.526698_29.464938.jpg,19,0.2474924176931381,center,晴天开敞主干路/低密道路,Q266__cq_3203837_106.526698_29.464938.jpg,D:\StreetView_Project\03_Output\clip_knn\questionnaire_sample_k25_500_added_200\08F_final500_freeze_run_20260728_145702\01_final_flat_500\Q266__cq_3203837_106.526698_29.464938.jpg,CQ_3203837,False,False,not_applicable_existing_300,Q266__Q266_cq_3203837_106.526698_29.464938.jpg,D:\StreetView_Project\03_Output\clip_knn\questionnaire_sample_k25_300\02_images_main\_final_flat_300_for_check\Q266__Q266_cq_3203837_106.526698_29.464938.jpg,,202210,cq_3203837_106.526698_29.464938.jpg,D:\StreetView_Project\01_Data\Street_Images\chongqing\cq_streetview\cq_3203837_106.526698_29.464938.jpg,D:\StreetView_Project\01_Data\Street_Images\chongqing\cq_streetview\cq_3203837_106.526698_29.464938.jpg,0.2474924176931381,D:\StreetView_Project\03_Output\clip_knn\questionnaire_sample_k25_300\02_images_main\_final_flat_300_for_check\Q266__Q266_cq_3203837_106.526698_29.464938.jpg,5cbfb48063ef7c188adb2b113008d3f002ce6d4241db5b07eb5313d3e03ba408,Q266__cq_3203837_106.526698_29.464938.jpg,D:\StreetView_Project\03_Output\clip_knn\questionnaire_sample_k25_500_added_200\08D_spatial_visual_proximity_check_run_20260728_143220\01_preliminary_flat_500\Q266__cq_3203837_106.526698_29.464938.jpg,Q266__cq_3203837_106.526698_29.464938.jpg,D:\StreetView_Project\03_Output\clip_knn\questionnaire_sample_k25_500_added_200\08F_final500_freeze_run_20260728_145702\01_final_flat_500\Q266__cq_3203837_106.526698_29.464938.jpg,frozen_08F,D:\StreetView_Project\03_Output\clip_knn\questionnaire_sample_k25_500_added_200\08D_spatial_visual_proximity_check_run_20260728_143220
Q267,existing_300,CQ_3304439,chongqing,106.49648,29.596108,202210,cq_3304439_106.496480_29.596108.jpg,D:\StreetView_Project\01_Data\Street_Images\chongqing\cq_streetview\cq_3304439_106.496480_29.596108.jpg,19,0.3479790091514587,edge,晴天开敞主干路/低密道路,Q267__cq_3304439_106.49648_29.596108.jpg,D:\StreetView_Project\03_Output\clip_knn\questionnaire_sample_k25_500_added_200\08F_final500_freeze_run_20260728_145702\01_final_flat_500\Q267__cq_3304439_106.49648_29.596108.jpg,CQ_3304439,False,False,not_applicable_existing_300,Q267__Q267_cq_3304439_106.496480_29.596108.jpg,D:\StreetView_Project\03_Output\clip_knn\questionnaire_sample_k25_300\02_images_main\_final_flat_300_for_check\Q267__Q267_cq_3304439_106.496480_29.596108.jpg,,202210,cq_3304439_106.496480_29.596108.jpg,D:\StreetView_Project\01_Data\Street_Images\chongqing\cq_streetview\cq_3304439_106.496480_29.596108.jpg,D:\StreetView_Project\01_Data\Street_Images\chongqing\cq_streetview\cq_3304439_106.496480_29.596108.jpg,0.3479790091514587,D:\StreetView_Project\03_Output\clip_knn\questionnaire_sample_k25_300\02_images_main\_final_flat_300_for_check\Q267__Q267_cq_3304439_106.496480_29.596108.jpg,425b8e07ce15661a986b03b07251311fafb68181019f6e94bdfcacefd50e1afa,Q267__cq_3304439_106.49648_29.596108.jpg,D:\StreetView_Project\03_Output\clip_knn\questionnaire_sample_k25_500_added_200\08D_spatial_visual_proximity_check_run_20260728_143220\01_preliminary_flat_500\Q267__cq_3304439_106.49648_29.596108.jpg,Q267__cq_3304439_106.49648_29.596108.jpg,D:\StreetView_Project\03_Output\clip_knn\questionnaire_sample_k25_500_added_200\08F_final500_freeze_run_20260728_145702\01_final_flat_500\Q267__cq_3304439_106.49648_29.596108.jpg,frozen_08F,D:\StreetView_Project\03_Output\clip_knn\questionnaire_sample_k25_500_added_200\08D_spatial_visual_proximity_check_run_20260728_143220
Q268,existing_300,CQ_740185,chongqing,106.585088,29.546986,201907,cq_740185_106.585088_29.546986.jpg,D:\StreetView_Project\01_Data\Street_Images\chongqing\cq_streetview\cq_740185_106.585088_29.546986.jpg,20,0.2815961241722107,center,林荫混合街道/绿化商业道路,Q268__cq_740185_106.585088_29.546986.jpg,D:\StreetView_Project\03_Output\clip_knn\questionnaire_sample_k25_500_added_200\08F_final500_freeze_run_20260728_145702\01_final_flat_500\Q268__cq_740185_106.585088_29.546986.jpg,CQ_740185,False,False,not_applicable_existing_300,Q268__Q268_cq_740185_106.585088_29.546986.jpg,D:\StreetView_Project\03_Output\clip_knn\questionnaire_sample_k25_300\02_images_main\_final_flat_300_for_check\Q268__Q268_cq_740185_106.585088_29.546986.jpg,,201907,cq_740185_106.585088_29.546986.jpg,D:\StreetView_Project\01_Data\Street_Images\chongqing\cq_streetview\cq_740185_106.585088_29.546986.jpg,D:\StreetView_Project\01_Data\Street_Images\chongqing\cq_streetview\cq_740185_106.585088_29.546986.jpg,0.2815961241722107,D:\StreetView_Project\03_Output\clip_knn\questionnaire_sample_k25_300\02_images_main\_final_flat_300_for_check\Q268__Q268_cq_740185_106.585088_29.546986.jpg,a52b4f31f4545c8ca9aaebd8007b2d4971ef5bb89c123a7be6cc3c36efa991d7,Q268__cq_740185_106.585088_29.546986.jpg,D:\StreetView_Project\03_Output\clip_knn\questionnaire_sample_k25_500_added_200\08D_spatial_visual_proximity_check_run_20260728_143220\01_preliminary_flat_500\Q268__cq_740185_106.585088_29.546986.jpg,Q268__cq_740185_106.585088_29.546986.jpg,D:\StreetView_Project\03_Output\clip_knn\questionnaire_sample_k25_500_added_200\08F_final500_freeze_run_20260728_145702\01_final_flat_500\Q268__cq_740185_106.585088_29.546986.jpg,frozen_08F,D:\StreetView_Project\03_Output\clip_knn\questionnaire_sample_k25_500_added_200\08D_spatial_visual_proximity_check_run_20260728_143220
Q269,existing_300,CQ_3306780,chongqing,106.522286,29.577289,202210,cq_3306780_106.522286_29.577289.jpg,D:\StreetView_Project\01_Data\Street_Images\chongqing\cq_streetview\cq_3306780_106.522286_29.577289.jpg,20,0.2750126123428345,center,林荫混合街道/绿化商业道路,Q269__cq_3306780_106.522286_29.577289.jpg,D:\StreetView_Project\03_Output\clip_knn\questionnaire_sample_k25_500_added_200\08F_final500_freeze_run_20260728_145702\01_final_flat_500\Q269__cq_3306780_106.522286_29.577289.jpg,CQ_3306780,False,False,not_applicable_existing_300,Q269__Q269_cq_3306780_106.522286_29.577289.jpg,D:\StreetView_Project\03_Output\clip_knn\questionnaire_sample_k25_300\02_images_main\_final_flat_300_for_check\Q269__Q269_cq_3306780_106.522286_29.577289.jpg,,202210,cq_3306780_106.522286_29.577289.jpg,D:\StreetView_Project\01_Data\Street_Images\chongqing\cq_streetview\cq_3306780_106.522286_29.577289.jpg,D:\StreetView_Project\01_Data\Street_Images\chongqing\cq_streetview\cq_3306780_106.522286_29.577289.jpg,0.2750126123428345,D:\StreetView_Project\03_Output\clip_knn\questionnaire_sample_k25_300\02_images_main\_final_flat_300_for_check\Q269__Q269_cq_3306780_106.522286_29.577289.jpg,a7628f7f8b1f4680ddbf0cd2b0686557a2e7d6d1052c913756c738801e06eab7,Q269__cq_3306780_106.522286_29.577289.jpg,D:\StreetView_Project\03_Output\clip_knn\questionnaire_sample_k25_500_added_200\08D_spatial_visual_proximity_check_run_20260728_143220\01_preliminary_flat_500\Q269__cq_3306780_106.522286_29.577289.jpg,Q269__cq_3306780_106.522286_29.577289.jpg,D:\StreetView_Project\03_Output\clip_knn\questionnaire_sample_k25_500_added_200\08F_final500_freeze_run_20260728_145702\01_final_flat_500\Q269__cq_3306780_106.522286_29.577289.jpg,frozen_08F,D:\StreetView_Project\03_Output\clip_knn\questionnaire_sample_k25_500_added_200\08D_spatial_visual_proximity_check_run_20260728_143220
Q270,existing_300,CQ_663250,chongqing,106.499369,29.553524,201711,cq_663250_106.499369_29.553524.jpg,D:\StreetView_Project\01_Data\Street_Images\chongqing\cq_streetview\cq_663250_106.499369_29.553524.jpg,20,0.2770273387432098,center,林荫混合街道/绿化商业道路,Q270__cq_663250_106.499369_29.553524.jpg,D:\StreetView_Project\03_Output\clip_knn\questionnaire_sample_k25_500_added_200\08F_final500_freeze_run_20260728_145702\01_final_flat_500\Q270__cq_663250_106.499369_29.553524.jpg,CQ_663250,False,False,not_applicable_existing_300,Q270__Q270_cq_663250_106.499369_29.553524.jpg,D:\StreetView_Project\03_Output\clip_knn\questionnaire_sample_k25_300\02_images_main\_final_flat_300_for_check\Q270__Q270_cq_663250_106.499369_29.553524.jpg,,201711,cq_663250_106.499369_29.553524.jpg,D:\StreetView_Project\01_Data\Street_Images\chongqing\cq_streetview\cq_663250_106.499369_29.553524.jpg,D:\StreetView_Project\01_Data\Street_Images\chongqing\cq_streetview\cq_663250_106.499369_29.553524.jpg,0.2770273387432098,D:\StreetView_Project\03_Output\clip_knn\questionnaire_sample_k25_300\02_images_main\_final_flat_300_for_check\Q270__Q270_cq_663250_106.499369_29.553524.jpg,9060f89ae148f538ad7265ccf7c6651f322580f58a3567dc909f194fcb6426fa,Q270__cq_663250_106.499369_29.553524.jpg,D:\StreetView_Project\03_Output\clip_knn\questionnaire_sample_k25_500_added_200\08D_spatial_visual_proximity_check_run_20260728_143220\01_preliminary_flat_500\Q270__cq_663250_106.499369_29.553524.jpg,Q270__cq_663250_106.499369_29.553524.jpg,D:\StreetView_Project\03_Output\clip_knn\questionnaire_sample_k25_500_added_200\08F_final500_freeze_run_20260728_145702\01_final_flat_500\Q270__cq_663250_106.499369_29.553524.jpg,frozen_08F,D:\StreetView_Project\03_Output\clip_knn\questionnaire_sample_k25_500_added_200\08D_spatial_visual_proximity_check_run_20260728_143220
Q271,existing_300,CQ_671927,chongqing,106.508117,29.612095,201907,cq_671927_106.508117_29.612095.jpg,D:\StreetView_Project\01_Data\Street_Images\chongqing\cq_streetview\cq_671927_106.508117_29.612095.jpg,20,0.3022711277008057,middle,林荫混合街道/绿化商业道路,Q271__cq_671927_106.508117_29.612095.jpg,D:\StreetView_Project\03_Output\clip_knn\questionnaire_sample_k25_500_added_200\08F_final500_freeze_run_20260728_145702\01_final_flat_500\Q271__cq_671927_106.508117_29.612095.jpg,CQ_671927,False,False,not_applicable_existing_300,Q271__Q271_cq_671927_106.508117_29.612095.jpg,D:\StreetView_Project\03_Output\clip_knn\questionnaire_sample_k25_300\02_images_main\_final_flat_300_for_check\Q271__Q271_cq_671927_106.508117_29.612095.jpg,,201907,cq_671927_106.508117_29.612095.jpg,D:\StreetView_Project\01_Data\Street_Images\chongqing\cq_streetview\cq_671927_106.508117_29.612095.jpg,D:\StreetView_Project\01_Data\Street_Images\chongqing\cq_streetview\cq_671927_106.508117_29.612095.jpg,0.3022711277008057,D:\StreetView_Project\03_Output\clip_knn\questionnaire_sample_k25_300\02_images_main\_final_flat_300_for_check\Q271__Q271_cq_671927_106.508117_29.612095.jpg,48606204bc3f825cb1d67cc4a2ab3ecc480a786aeae0616744537b631b05a4c8,Q271__cq_671927_106.508117_29.612095.jpg,D:\StreetView_Project\03_Output\clip_knn\questionnaire_sample_k25_500_added_200\08D_spatial_visual_proximity_check_run_20260728_143220\01_preliminary_flat_500\Q271__cq_671927_106.508117_29.612095.jpg,Q271__cq_671927_106.508117_29.612095.jpg,D:\StreetView_Project\03_Output\clip_knn\questionnaire_sample_k25_500_added_200\08F_final500_freeze_run_20260728_145702\01_final_flat_500\Q271__cq_671927_106.508117_29.612095.jpg,frozen_08F,D:\StreetView_Project\03_Output\clip_knn\questionnaire_sample_k25_500_added_200\08D_spatial_visual_proximity_check_run_20260728_143220
Q272,existing_300,CQ_673016,chongqing,106.512243,29.51002,201907,cq_673016_106.512243_29.510020.jpg,D:\StreetView_Project\01_Data\Street_Images\chongqing\cq_streetview\cq_673016_106.512243_29.510020.jpg,20,0.3104296624660492,middle,林荫混合街道/绿化商业道路,Q272__cq_673016_106.512243_29.51002.jpg,D:\StreetView_Project\03_Output\clip_knn\questionnaire_sample_k25_500_added_200\08F_final500_freeze_run_20260728_145702\01_final_flat_500\Q272__cq_673016_106.512243_29.51002.jpg,CQ_673016,False,False,not_applicable_existing_300,Q272__Q272_cq_673016_106.512243_29.510020.jpg,D:\StreetView_Project\03_Output\clip_knn\questionnaire_sample_k25_300\02_images_main\_final_flat_300_for_check\Q272__Q272_cq_673016_106.512243_29.510020.jpg,,201907,cq_673016_106.512243_29.510020.jpg,D:\StreetView_Project\01_Data\Street_Images\chongqing\cq_streetview\cq_673016_106.512243_29.510020.jpg,D:\StreetView_Project\01_Data\Street_Images\chongqing\cq_streetview\cq_673016_106.512243_29.510020.jpg,0.3104296624660492,D:\StreetView_Project\03_Output\clip_knn\questionnaire_sample_k25_300\02_images_main\_final_flat_300_for_check\Q272__Q272_cq_673016_106.512243_29.510020.jpg,a08ad3f34ed51b1572a6f1ae5213707f11c9c90ea31a1972766988fe1e1ba1b2,Q272__cq_673016_106.512243_29.51002.jpg,D:\StreetView_Project\03_Output\clip_knn\questionnaire_sample_k25_500_added_200\08D_spatial_visual_proximity_check_run_20260728_143220\01_preliminary_flat_500\Q272__cq_673016_106.512243_29.51002.jpg,Q272__cq_673016_106.512243_29.51002.jpg,D:\StreetView_Project\03_Output\clip_knn\questionnaire_sample_k25_500_added_200\08F_final500_freeze_run_20260728_145702\01_final_flat_500\Q272__cq_673016_106.512243_29.51002.jpg,frozen_08F,D:\StreetView_Project\03_Output\clip_knn\questionnaire_sample_k25_500_added_200\08D_spatial_visual_proximity_check_run_20260728_143220
Q273,existing_300,CQ_705334,chongqing,106.547989,29.555709,201906,cq_705334_106.547989_29.555709.jpg,D:\StreetView_Project\01_Data\Street_Images\chongqing\cq_streetview\cq_705334_106.547989_29.555709.jpg,20,0.2952184677124023,middle,林荫混合街道/绿化商业道路,Q273__cq_705334_106.547989_29.555709.jpg,D:\StreetView_Project\03_Output\clip_knn\questionnaire_sample_k25_500_added_200\08F_final500_freeze_run_20260728_145702\01_final_flat_500\Q273__cq_705334_106.547989_29.555709.jpg,CQ_705334,False,False,not_applicable_existing_300,Q273__Q273_cq_705334_106.547989_29.555709.jpg,D:\StreetView_Project\03_Output\clip_knn\questionnaire_sample_k25_300\02_images_main\_final_flat_300_for_check\Q273__Q273_cq_705334_106.547989_29.555709.jpg,,201906,cq_705334_106.547989_29.555709.jpg,D:\StreetView_Project\01_Data\Street_Images\chongqing\cq_streetview\cq_705334_106.547989_29.555709.jpg,D:\StreetView_Project\01_Data\Street_Images\chongqing\cq_streetview\cq_705334_106.547989_29.555709.jpg,0.2952184677124023,D:\StreetView_Project\03_Output\clip_knn\questionnaire_sample_k25_300\02_images_main\_final_flat_300_for_check\Q273__Q273_cq_705334_106.547989_29.555709.jpg,47c83f1e3f17065cb6c8aae73c1d74b0b2d6aff9317a9bd099827e8063a4a13f,Q273__cq_705334_106.547989_29.555709.jpg,D:\StreetView_Project\03_Output\clip_knn\questionnaire_sample_k25_500_added_200\08D_spatial_visual_proximity_check_run_20260728_143220\01_preliminary_flat_500\Q273__cq_705334_106.547989_29.555709.jpg,Q273__cq_705334_106.547989_29.555709.jpg,D:\StreetView_Project\03_Output\clip_knn\questionnaire_sample_k25_500_added_200\08F_final500_freeze_run_20260728_145702\01_final_flat_500\Q273__cq_705334_106.547989_29.555709.jpg,frozen_08F,D:\StreetView_Project\03_Output\clip_knn\questionnaire_sample_k25_500_added_200\08D_spatial_visual_proximity_check_run_20260728_143220
Q274,existing_300,CQ_676632,chongqing,106.517693,29.609778,202210,cq_676632_106.517693_29.609778.jpg,D:\StreetView_Project\01_Data\Street_Images\chongqing\cq_streetview\cq_676632_106.517693_29.609778.jpg,21,0.230009138584137,center,开敞桥梁/滨水/城市快速路,Q274__cq_676632_106.517693_29.609778.jpg,D:\StreetView_Project\03_Output\clip_knn\questionnaire_sample_k25_500_added_200\08F_final500_freeze_run_20260728_145702\01_final_flat_500\Q274__cq_676632_106.517693_29.609778.jpg,CQ_676632,False,False,not_applicable_existing_300,Q274__Q274_cq_676632_106.517693_29.609778.jpg,D:\StreetView_Project\03_Output\clip_knn\questionnaire_sample_k25_300\02_images_main\_final_flat_300_for_check\Q274__Q274_cq_676632_106.517693_29.609778.jpg,,202210,cq_676632_106.517693_29.609778.jpg,D:\StreetView_Project\01_Data\Street_Images\chongqing\cq_streetview\cq_676632_106.517693_29.609778.jpg,D:\StreetView_Project\01_Data\Street_Images\chongqing\cq_streetview\cq_676632_106.517693_29.609778.jpg,0.230009138584137,D:\StreetView_Project\03_Output\clip_knn\questionnaire_sample_k25_300\02_images_main\_final_flat_300_for_check\Q274__Q274_cq_676632_106.517693_29.609778.jpg,e9f905b6a74377be3d1a12edb9b067acc35d3e1dc5d604474b3ebbee6c8c156c,Q274__cq_676632_106.517693_29.609778.jpg,D:\StreetView_Project\03_Output\clip_knn\questionnaire_sample_k25_500_added_200\08D_spatial_visual_proximity_check_run_20260728_143220\01_preliminary_flat_500\Q274__cq_676632_106.517693_29.609778.jpg,Q274__cq_676632_106.517693_29.609778.jpg,D:\StreetView_Project\03_Output\clip_knn\questionnaire_sample_k25_500_added_200\08F_final500_freeze_run_20260728_145702\01_final_flat_500\Q274__cq_676632_106.517693_29.609778.jpg,frozen_08F,D:\StreetView_Project\03_Output\clip_knn\questionnaire_sample_k25_500_added_200\08D_spatial_visual_proximity_check_run_20260728_143220
Q275,existing_300,CQ_590490,chongqing,106.448325,29.563993,201711,cq_590490_106.448325_29.563993.jpg,D:\StreetView_Project\01_Data\Street_Images\chongqing\cq_streetview\cq_590490_106.448325_29.563993.jpg,21,0.2316264808177948,center,开敞桥梁/滨水/城市快速路,Q275__cq_590490_106.448325_29.563993.jpg,D:\StreetView_Project\03_Output\clip_knn\questionnaire_sample_k25_500_added_200\08F_final500_freeze_run_20260728_145702\01_final_flat_500\Q275__cq_590490_106.448325_29.563993.jpg,CQ_590490,False,False,not_applicable_existing_300,Q275__Q275_cq_590490_106.448325_29.563993.jpg,D:\StreetView_Project\03_Output\clip_knn\questionnaire_sample_k25_300\02_images_main\_final_flat_300_for_check\Q275__Q275_cq_590490_106.448325_29.563993.jpg,,201711,cq_590490_106.448325_29.563993.jpg,D:\StreetView_Project\01_Data\Street_Images\chongqing\cq_streetview\cq_590490_106.448325_29.563993.jpg,D:\StreetView_Project\01_Data\Street_Images\chongqing\cq_streetview\cq_590490_106.448325_29.563993.jpg,0.2316264808177948,D:\StreetView_Project\03_Output\clip_knn\questionnaire_sample_k25_300\02_images_main\_final_flat_300_for_check\Q275__Q275_cq_590490_106.448325_29.563993.jpg,e049c0871673fe0016360603ea00a8dfd9c94a7582371ee76486127c4e45f5c8,Q275__cq_590490_106.448325_29.563993.jpg,D:\StreetView_Project\03_Output\clip_knn\questionnaire_sample_k25_500_added_200\08D_spatial_visual_proximity_check_run_20260728_143220\01_preliminary_flat_500\Q275__cq_590490_106.448325_29.563993.jpg,Q275__cq_590490_106.448325_29.563993.jpg,D:\StreetView_Project\03_Output\clip_knn\questionnaire_sample_k25_500_added_200\08F_final500_freeze_run_20260728_145702\01_final_flat_500\Q275__cq_590490_106.448325_29.563993.jpg,frozen_08F,D:\StreetView_Project\03_Output\clip_knn\questionnaire_sample_k25_500_added_200\08D_spatial_visual_proximity_check_run_20260728_143220
Q276,existing_300,CQ_2423415,chongqing,106.48858,29.519282,202005,cq_2423415_106.488580_29.519282.jpg,D:\StreetView_Project\01_Data\Street_Images\chongqing\cq_streetview\cq_2423415_106.488580_29.519282.jpg,21,0.2151151448488235,center,开敞桥梁/滨水/城市快速路,Q276__cq_2423415_106.48858_29.519282.jpg,D:\StreetView_Project\03_Output\clip_knn\questionnaire_sample_k25_500_added_200\08F_final500_freeze_run_20260728_145702\01_final_flat_500\Q276__cq_2423415_106.48858_29.519282.jpg,CQ_2423415,False,False,not_applicable_existing_300,Q276__Q276_cq_2423415_106.488580_29.519282.jpg,D:\StreetView_Project\03_Output\clip_knn\questionnaire_sample_k25_300\02_images_main\_final_flat_300_for_check\Q276__Q276_cq_2423415_106.488580_29.519282.jpg,,202005,cq_2423415_106.488580_29.519282.jpg,D:\StreetView_Project\01_Data\Street_Images\chongqing\cq_streetview\cq_2423415_106.488580_29.519282.jpg,D:\StreetView_Project\01_Data\Street_Images\chongqing\cq_streetview\cq_2423415_106.488580_29.519282.jpg,0.2151151448488235,D:\StreetView_Project\03_Output\clip_knn\questionnaire_sample_k25_300\02_images_main\_final_flat_300_for_check\Q276__Q276_cq_2423415_106.488580_29.519282.jpg,7bba53a0193054e104a93c9134f746b32e9ab1858e09b662d7fde485bd1c4d49,Q276__cq_2423415_106.48858_29.519282.jpg,D:\StreetView_Project\03_Output\clip_knn\questionnaire_sample_k25_500_added_200\08D_spatial_visual_proximity_check_run_20260728_143220\01_preliminary_flat_500\Q276__cq_2423415_106.48858_29.519282.jpg,Q276__cq_2423415_106.48858_29.519282.jpg,D:\StreetView_Project\03_Output\clip_knn\questionnaire_sample_k25_500_added_200\08F_final500_freeze_run_20260728_145702\01_final_flat_500\Q276__cq_2423415_106.48858_29.519282.jpg,frozen_08F,D:\StreetView_Project\03_Output\clip_knn\questionnaire_sample_k25_500_added_200\08D_spatial_visual_proximity_check_run_20260728_143220
Q277,existing_300,CQ_677376,chongqing,106.518011,29.53425,202210,cq_677376_106.518011_29.534250.jpg,D:\StreetView_Project\01_Data\Street_Images\chongqing\cq_streetview\cq_677376_106.518011_29.534250.jpg,21,0.2683467268943787,middle,开敞桥梁/滨水/城市快速路,Q277__cq_677376_106.518011_29.53425.jpg,D:\StreetView_Project\03_Output\clip_knn\questionnaire_sample_k25_500_added_200\08F_final500_freeze_run_20260728_145702\01_final_flat_500\Q277__cq_677376_106.518011_29.53425.jpg,CQ_677376,False,False,not_applicable_existing_300,Q277__Q277_cq_677376_106.518011_29.534250.jpg,D:\StreetView_Project\03_Output\clip_knn\questionnaire_sample_k25_300\02_images_main\_final_flat_300_for_check\Q277__Q277_cq_677376_106.518011_29.534250.jpg,,202210,cq_677376_106.518011_29.534250.jpg,D:\StreetView_Project\01_Data\Street_Images\chongqing\cq_streetview\cq_677376_106.518011_29.534250.jpg,D:\StreetView_Project\01_Data\Street_Images\chongqing\cq_streetview\cq_677376_106.518011_29.534250.jpg,0.2683467268943787,D:\StreetView_Project\03_Output\clip_knn\questionnaire_sample_k25_300\02_images_main\_final_flat_300_for_check\Q277__Q277_cq_677376_106.518011_29.534250.jpg,73d639e2dbd94492c2cb15d00fb88d29d25ebe79696af0b3df1c30740028de44,Q277__cq_677376_106.518011_29.53425.jpg,D:\StreetView_Project\03_Output\clip_knn\questionnaire_sample_k25_500_added_200\08D_spatial_visual_proximity_check_run_20260728_143220\01_preliminary_flat_500\Q277__cq_677376_106.518011_29.53425.jpg,Q277__cq_677376_106.518011_29.53425.jpg,D:\StreetView_Project\03_Output\clip_knn\questionnaire_sample_k25_500_added_200\08F_final500_freeze_run_20260728_145702\01_final_flat_500\Q277__cq_677376_106.518011_29.53425.jpg,frozen_08F,D:\StreetView_Project\03_Output\clip_knn\questionnaire_sample_k25_500_added_200\08D_spatial_visual_proximity_check_run_20260728_143220
Q278,existing_300,CQ_3421661,chongqing,106.572132,29.588066,202210,cq_3421661_106.572132_29.588066.jpg,D:\StreetView_Project\01_Data\Street_Images\chongqing\cq_streetview\cq_3421661_106.572132_29.588066.jpg,21,0.2533359527587891,middle,开敞桥梁/滨水/城市快速路,Q278__cq_3421661_106.572132_29.588066.jpg,D:\StreetView_Project\03_Output\clip_knn\questionnaire_sample_k25_500_added_200\08F_final500_freeze_run_20260728_145702\01_final_flat_500\Q278__cq_3421661_106.572132_29.588066.jpg,CQ_3421661,False,False,not_applicable_existing_300,Q278__Q278_cq_3421661_106.572132_29.588066.jpg,D:\StreetView_Project\03_Output\clip_knn\questionnaire_sample_k25_300\02_images_main\_final_flat_300_for_check\Q278__Q278_cq_3421661_106.572132_29.588066.jpg,,202210,cq_3421661_106.572132_29.588066.jpg,D:\StreetView_Project\01_Data\Street_Images\chongqing\cq_streetview\cq_3421661_106.572132_29.588066.jpg,D:\StreetView_Project\01_Data\Street_Images\chongqing\cq_streetview\cq_3421661_106.572132_29.588066.jpg,0.2533359527587891,D:\StreetView_Project\03_Output\clip_knn\questionnaire_sample_k25_300\02_images_main\_final_flat_300_for_check\Q278__Q278_cq_3421661_106.572132_29.588066.jpg,ffdffdad2dd8e9a22a6d973ef07b9853f70deb1d18e5b4081262e2272d1ebec5,Q278__cq_3421661_106.572132_29.588066.jpg,D:\StreetView_Project\03_Output\clip_knn\questionnaire_sample_k25_500_added_200\08D_spatial_visual_proximity_check_run_20260728_143220\01_preliminary_flat_500\Q278__cq_3421661_106.572132_29.588066.jpg,Q278__cq_3421661_106.572132_29.588066.jpg,D:\StreetView_Project\03_Output\clip_knn\questionnaire_sample_k25_500_added_200\08F_final500_freeze_run_20260728_145702\01_final_flat_500\Q278__cq_3421661_106.572132_29.588066.jpg,frozen_08F,D:\StreetView_Project\03_Output\clip_knn\questionnaire_sample_k25_500_added_200\08D_spatial_visual_proximity_check_run_20260728_143220
Q279,existing_300,CQ_3379640,chongqing,106.542288,29.42657,202210,cq_3379640_106.542288_29.426570.jpg,D:\StreetView_Project\01_Data\Street_Images\chongqing\cq_streetview\cq_3379640_106.542288_29.426570.jpg,21,0.2829722166061401,edge,开敞桥梁/滨水/城市快速路,Q279__cq_3379640_106.542288_29.42657.jpg,D:\StreetView_Project\03_Output\clip_knn\questionnaire_sample_k25_500_added_200\08F_final500_freeze_run_20260728_145702\01_final_flat_500\Q279__cq_3379640_106.542288_29.42657.jpg,CQ_3379640,False,False,not_applicable_existing_300,Q279__Q279_cq_3379640_106.542288_29.426570.jpg,D:\StreetView_Project\03_Output\clip_knn\questionnaire_sample_k25_300\02_images_main\_final_flat_300_for_check\Q279__Q279_cq_3379640_106.542288_29.426570.jpg,,202210,cq_3379640_106.542288_29.426570.jpg,D:\StreetView_Project\01_Data\Street_Images\chongqing\cq_streetview\cq_3379640_106.542288_29.426570.jpg,D:\StreetView_Project\01_Data\Street_Images\chongqing\cq_streetview\cq_3379640_106.542288_29.426570.jpg,0.2829722166061401,D:\StreetView_Project\03_Output\clip_knn\questionnaire_sample_k25_300\02_images_main\_final_flat_300_for_check\Q279__Q279_cq_3379640_106.542288_29.426570.jpg,c82b1e2c563c6742847406c6210889d52389a0f1967300cf98141d682135575e,Q279__cq_3379640_106.542288_29.42657.jpg,D:\StreetView_Project\03_Output\clip_knn\questionnaire_sample_k25_500_added_200\08D_spatial_visual_proximity_check_run_20260728_143220\01_preliminary_flat_500\Q279__cq_3379640_106.542288_29.42657.jpg,Q279__cq_3379640_106.542288_29.42657.jpg,D:\StreetView_Project\03_Output\clip_knn\questionnaire_sample_k25_500_added_200\08F_final500_freeze_run_20260728_145702\01_final_flat_500\Q279__cq_3379640_106.542288_29.42657.jpg,frozen_08F,D:\StreetView_Project\03_Output\clip_knn\questionnaire_sample_k25_500_added_200\08D_spatial_visual_proximity_check_run_20260728_143220
Q280,existing_300,CQ_3423261,chongqing,106.552507,29.521293,202210,cq_3423261_106.552507_29.521293.jpg,D:\StreetView_Project\01_Data\Street_Images\chongqing\cq_streetview\cq_3423261_106.552507_29.521293.jpg,22,0.1823780238628387,center,重庆高层主干路/山地城市道路,Q280__cq_3423261_106.552507_29.521293.jpg,D:\StreetView_Project\03_Output\clip_knn\questionnaire_sample_k25_500_added_200\08F_final500_freeze_run_20260728_145702\01_final_flat_500\Q280__cq_3423261_106.552507_29.521293.jpg,CQ_3423261,False,False,not_applicable_existing_300,Q280__Q280_cq_3423261_106.552507_29.521293.jpg,D:\StreetView_Project\03_Output\clip_knn\questionnaire_sample_k25_300\02_images_main\_final_flat_300_for_check\Q280__Q280_cq_3423261_106.552507_29.521293.jpg,,202210,cq_3423261_106.552507_29.521293.jpg,D:\StreetView_Project\01_Data\Street_Images\chongqing\cq_streetview\cq_3423261_106.552507_29.521293.jpg,D:\StreetView_Project\01_Data\Street_Images\chongqing\cq_streetview\cq_3423261_106.552507_29.521293.jpg,0.1823780238628387,D:\StreetView_Project\03_Output\clip_knn\questionnaire_sample_k25_300\02_images_main\_final_flat_300_for_check\Q280__Q280_cq_3423261_106.552507_29.521293.jpg,f0d126fb904034e8c913fa2056c328b8ff394680b25c4316277e037820165489,Q280__cq_3423261_106.552507_29.521293.jpg,D:\StreetView_Project\03_Output\clip_knn\questionnaire_sample_k25_500_added_200\08D_spatial_visual_proximity_check_run_20260728_143220\01_preliminary_flat_500\Q280__cq_3423261_106.552507_29.521293.jpg,Q280__cq_3423261_106.552507_29.521293.jpg,D:\StreetView_Project\03_Output\clip_knn\questionnaire_sample_k25_500_added_200\08F_final500_freeze_run_20260728_145702\01_final_flat_500\Q280__cq_3423261_106.552507_29.521293.jpg,frozen_08F,D:\StreetView_Project\03_Output\clip_knn\questionnaire_sample_k25_500_added_200\08D_spatial_visual_proximity_check_run_20260728_143220
Q281,existing_300,CQ_3153415,chongqing,106.467213,29.525643,202210,cq_3153415_106.467213_29.525643.jpg,D:\StreetView_Project\01_Data\Street_Images\chongqing\cq_streetview\cq_3153415_106.467213_29.525643.jpg,22,0.2025717198848724,center,重庆高层主干路/山地城市道路,Q281__cq_3153415_106.467213_29.525643.jpg,D:\StreetView_Project\03_Output\clip_knn\questionnaire_sample_k25_500_added_200\08F_final500_freeze_run_20260728_145702\01_final_flat_500\Q281__cq_3153415_106.467213_29.525643.jpg,CQ_3153415,False,False,not_applicable_existing_300,Q281__Q281_cq_3153415_106.467213_29.525643.jpg,D:\StreetView_Project\03_Output\clip_knn\questionnaire_sample_k25_300\02_images_main\_final_flat_300_for_check\Q281__Q281_cq_3153415_106.467213_29.525643.jpg,,202210,cq_3153415_106.467213_29.525643.jpg,D:\StreetView_Project\01_Data\Street_Images\chongqing\cq_streetview\cq_3153415_106.467213_29.525643.jpg,D:\StreetView_Project\01_Data\Street_Images\chongqing\cq_streetview\cq_3153415_106.467213_29.525643.jpg,0.2025717198848724,D:\StreetView_Project\03_Output\clip_knn\questionnaire_sample_k25_300\02_images_main\_final_flat_300_for_check\Q281__Q281_cq_3153415_106.467213_29.525643.jpg,81d5bed9972dff2b682eb295fb9f183cc5e0749be91d00777cf2478dc5461d3c,Q281__cq_3153415_106.467213_29.525643.jpg,D:\StreetView_Project\03_Output\clip_knn\questionnaire_sample_k25_500_added_200\08D_spatial_visual_proximity_check_run_20260728_143220\01_preliminary_flat_500\Q281__cq_3153415_106.467213_29.525643.jpg,Q281__cq_3153415_106.467213_29.525643.jpg,D:\StreetView_Project\03_Output\clip_knn\questionnaire_sample_k25_500_added_200\08F_final500_freeze_run_20260728_145702\01_final_flat_500\Q281__cq_3153415_106.467213_29.525643.jpg,frozen_08F,D:\StreetView_Project\03_Output\clip_knn\questionnaire_sample_k25_500_added_200\08D_spatial_visual_proximity_check_run_20260728_143220
Q282,existing_300,CQ_629049,chongqing,106.476778,29.545423,202210,cq_629049_106.476778_29.545423.jpg,D:\StreetView_Project\01_Data\Street_Images\chongqing\cq_streetview\cq_629049_106.476778_29.545423.jpg,22,0.1943800151348114,center,重庆高层主干路/山地城市道路,Q282__cq_629049_106.476778_29.545423.jpg,D:\StreetView_Project\03_Output\clip_knn\questionnaire_sample_k25_500_added_200\08F_final500_freeze_run_20260728_145702\01_final_flat_500\Q282__cq_629049_106.476778_29.545423.jpg,CQ_629049,False,False,not_applicable_existing_300,Q282__Q282_cq_629049_106.476778_29.545423.jpg,D:\StreetView_Project\03_Output\clip_knn\questionnaire_sample_k25_300\02_images_main\_final_flat_300_for_check\Q282__Q282_cq_629049_106.476778_29.545423.jpg,,202210,cq_629049_106.476778_29.545423.jpg,D:\StreetView_Project\01_Data\Street_Images\chongqing\cq_streetview\cq_629049_106.476778_29.545423.jpg,D:\StreetView_Project\01_Data\Street_Images\chongqing\cq_streetview\cq_629049_106.476778_29.545423.jpg,0.1943800151348114,D:\StreetView_Project\03_Output\clip_knn\questionnaire_sample_k25_300\02_images_main\_final_flat_300_for_check\Q282__Q282_cq_629049_106.476778_29.545423.jpg,c522889b089e658b5ca7936f8dfd3fd64ac24e5fb5906be88db78300db8627f7,Q282__cq_629049_106.476778_29.545423.jpg,D:\StreetView_Project\03_Output\clip_knn\questionnaire_sample_k25_500_added_200\08D_spatial_visual_proximity_check_run_20260728_143220\01_preliminary_flat_500\Q282__cq_629049_106.476778_29.545423.jpg,Q282__cq_629049_106.476778_29.545423.jpg,D:\StreetView_Project\03_Output\clip_knn\questionnaire_sample_k25_500_added_200\08F_final500_freeze_run_20260728_145702\01_final_flat_500\Q282__cq_629049_106.476778_29.545423.jpg,frozen_08F,D:\StreetView_Project\03_Output\clip_knn\questionnaire_sample_k25_500_added_200\08D_spatial_visual_proximity_check_run_20260728_143220
Q283,existing_300,CQ_3283781,chongqing,106.546381,29.458856,202210,cq_3283781_106.546381_29.458856.jpg,D:\StreetView_Project\01_Data\Street_Images\chongqing\cq_streetview\cq_3283781_106.546381_29.458856.jpg,22,0.2343280762434006,middle,重庆高层主干路/山地城市道路,Q283__cq_3283781_106.546381_29.458856.jpg,D:\StreetView_Project\03_Output\clip_knn\questionnaire_sample_k25_500_added_200\08F_final500_freeze_run_20260728_145702\01_final_flat_500\Q283__cq_3283781_106.546381_29.458856.jpg,CQ_3283781,False,False,not_applicable_existing_300,Q283__Q283_cq_3283781_106.546381_29.458856.jpg,D:\StreetView_Project\03_Output\clip_knn\questionnaire_sample_k25_300\02_images_main\_final_flat_300_for_check\Q283__Q283_cq_3283781_106.546381_29.458856.jpg,,202210,cq_3283781_106.546381_29.458856.jpg,D:\StreetView_Project\01_Data\Street_Images\chongqing\cq_streetview\cq_3283781_106.546381_29.458856.jpg,D:\StreetView_Project\01_Data\Street_Images\chongqing\cq_streetview\cq_3283781_106.546381_29.458856.jpg,0.2343280762434006,D:\StreetView_Project\03_Output\clip_knn\questionnaire_sample_k25_300\02_images_main\_final_flat_300_for_check\Q283__Q283_cq_3283781_106.546381_29.458856.jpg,f626160215175e8f60191b22d766a4e4b6133b80072d5360fa4f1818c4a913bf,Q283__cq_3283781_106.546381_29.458856.jpg,D:\StreetView_Project\03_Output\clip_knn\questionnaire_sample_k25_500_added_200\08D_spatial_visual_proximity_check_run_20260728_143220\01_preliminary_flat_500\Q283__cq_3283781_106.546381_29.458856.jpg,Q283__cq_3283781_106.546381_29.458856.jpg,D:\StreetView_Project\03_Output\clip_knn\questionnaire_sample_k25_500_added_200\08F_final500_freeze_run_20260728_145702\01_final_flat_500\Q283__cq_3283781_106.546381_29.458856.jpg,frozen_08F,D:\StreetView_Project\03_Output\clip_knn\questionnaire_sample_k25_500_added_200\08D_spatial_visual_proximity_check_run_20260728_143220
Q284,existing_300,CQ_3426844,chongqing,106.484603,29.510427,202210,cq_3426844_106.484603_29.510427.jpg,D:\StreetView_Project\01_Data\Street_Images\chongqing\cq_streetview\cq_3426844_106.484603_29.510427.jpg,22,0.2201091647148132,middle,重庆高层主干路/山地城市道路,Q284__cq_3426844_106.484603_29.510427.jpg,D:\StreetView_Project\03_Output\clip_knn\questionnaire_sample_k25_500_added_200\08F_final500_freeze_run_20260728_145702\01_final_flat_500\Q284__cq_3426844_106.484603_29.510427.jpg,CQ_3426844,False,False,not_applicable_existing_300,Q284__Q284_cq_3426844_106.484603_29.510427.jpg,D:\StreetView_Project\03_Output\clip_knn\questionnaire_sample_k25_300\02_images_main\_final_flat_300_for_check\Q284__Q284_cq_3426844_106.484603_29.510427.jpg,,202210,cq_3426844_106.484603_29.510427.jpg,D:\StreetView_Project\01_Data\Street_Images\chongqing\cq_streetview\cq_3426844_106.484603_29.510427.jpg,D:\StreetView_Project\01_Data\Street_Images\chongqing\cq_streetview\cq_3426844_106.484603_29.510427.jpg,0.2201091647148132,D:\StreetView_Project\03_Output\clip_knn\questionnaire_sample_k25_300\02_images_main\_final_flat_300_for_check\Q284__Q284_cq_3426844_106.484603_29.510427.jpg,0b19a66b4249ba4ac5556a84160a7e98ce29d92a58e02eecd1efc4671ebaf081,Q284__cq_3426844_106.484603_29.510427.jpg,D:\StreetView_Project\03_Output\clip_knn\questionnaire_sample_k25_500_added_200\08D_spatial_visual_proximity_check_run_20260728_143220\01_preliminary_flat_500\Q284__cq_3426844_106.484603_29.510427.jpg,Q284__cq_3426844_106.484603_29.510427.jpg,D:\StreetView_Project\03_Output\clip_knn\questionnaire_sample_k25_500_added_200\08F_final500_freeze_run_20260728_145702\01_final_flat_500\Q284__cq_3426844_106.484603_29.510427.jpg,frozen_08F,D:\StreetView_Project\03_Output\clip_knn\questionnaire_sample_k25_500_added_200\08D_spatial_visual_proximity_check_run_20260728_143220
Q285,existing_300,CQ_692112,chongqing,106.5294,29.588927,202210,cq_692112_106.529400_29.588927.jpg,D:\StreetView_Project\01_Data\Street_Images\chongqing\cq_streetview\cq_692112_106.529400_29.588927.jpg,22,0.2256305068731308,middle,重庆高层主干路/山地城市道路,Q285__cq_692112_106.5294_29.588927.jpg,D:\StreetView_Project\03_Output\clip_knn\questionnaire_sample_k25_500_added_200\08F_final500_freeze_run_20260728_145702\01_final_flat_500\Q285__cq_692112_106.5294_29.588927.jpg,CQ_692112,False,False,not_applicable_existing_300,Q285__Q285_cq_692112_106.529400_29.588927.jpg,D:\StreetView_Project\03_Output\clip_knn\questionnaire_sample_k25_300\02_images_main\_final_flat_300_for_check\Q285__Q285_cq_692112_106.529400_29.588927.jpg,,202210,cq_692112_106.529400_29.588927.jpg,D:\StreetView_Project\01_Data\Street_Images\chongqing\cq_streetview\cq_692112_106.529400_29.588927.jpg,D:\StreetView_Project\01_Data\Street_Images\chongqing\cq_streetview\cq_692112_106.529400_29.588927.jpg,0.2256305068731308,D:\StreetView_Project\03_Output\clip_knn\questionnaire_sample_k25_300\02_images_main\_final_flat_300_for_check\Q285__Q285_cq_692112_106.529400_29.588927.jpg,5142a635f00f63cb6b51e226f5f4f774aabcc0a07faa73c0d58efa149aa1c36c,Q285__cq_692112_106.5294_29.588927.jpg,D:\StreetView_Project\03_Output\clip_knn\questionnaire_sample_k25_500_added_200\08D_spatial_visual_proximity_check_run_20260728_143220\01_preliminary_flat_500\Q285__cq_692112_106.5294_29.588927.jpg,Q285__cq_692112_106.5294_29.588927.jpg,D:\StreetView_Project\03_Output\clip_knn\questionnaire_sample_k25_500_added_200\08F_final500_freeze_run_20260728_145702\01_final_flat_500\Q285__cq_692112_106.5294_29.588927.jpg,frozen_08F,D:\StreetView_Project\03_Output\clip_knn\questionnaire_sample_k25_500_added_200\08D_spatial_visual_proximity_check_run_20260728_143220
Q286,existing_300,CQ_3158838,chongqing,106.500084,29.557742,202210,cq_3158838_106.500084_29.557742.jpg,D:\StreetView_Project\01_Data\Street_Images\chongqing\cq_streetview\cq_3158838_106.500084_29.557742.jpg,22,0.2609938383102417,edge,重庆高层主干路/山地城市道路,Q286__cq_3158838_106.500084_29.557742.jpg,D:\StreetView_Project\03_Output\clip_knn\questionnaire_sample_k25_500_added_200\08F_final500_freeze_run_20260728_145702\01_final_flat_500\Q286__cq_3158838_106.500084_29.557742.jpg,CQ_3158838,False,False,not_applicable_existing_300,Q286__Q286_cq_3158838_106.500084_29.557742.jpg,D:\StreetView_Project\03_Output\clip_knn\questionnaire_sample_k25_300\02_images_main\_final_flat_300_for_check\Q286__Q286_cq_3158838_106.500084_29.557742.jpg,,202210,cq_3158838_106.500084_29.557742.jpg,D:\StreetView_Project\01_Data\Street_Images\chongqing\cq_streetview\cq_3158838_106.500084_29.557742.jpg,D:\StreetView_Project\01_Data\Street_Images\chongqing\cq_streetview\cq_3158838_106.500084_29.557742.jpg,0.2609938383102417,D:\StreetView_Project\03_Output\clip_knn\questionnaire_sample_k25_300\02_images_main\_final_flat_300_for_check\Q286__Q286_cq_3158838_106.500084_29.557742.jpg,548d89e95ca25a35740f68acc71b81746aa8ec0d9a1c17cf29ad5a11fefbbc7f,Q286__cq_3158838_106.500084_29.557742.jpg,D:\StreetView_Project\03_Output\clip_knn\questionnaire_sample_k25_500_added_200\08D_spatial_visual_proximity_check_run_20260728_143220\01_preliminary_flat_500\Q286__cq_3158838_106.500084_29.557742.jpg,Q286__cq_3158838_106.500084_29.557742.jpg,D:\StreetView_Project\03_Output\clip_knn\questionnaire_sample_k25_500_added_200\08F_final500_freeze_run_20260728_145702\01_final_flat_500\Q286__cq_3158838_106.500084_29.557742.jpg,frozen_08F,D:\StreetView_Project\03_Output\clip_knn\questionnaire_sample_k25_500_added_200\08D_spatial_visual_proximity_check_run_20260728_143220
Q287,existing_300,CQ_2435217,chongqing,106.522504,29.528578,202210,cq_2435217_106.522504_29.528578.jpg,D:\StreetView_Project\01_Data\Street_Images\chongqing\cq_streetview\cq_2435217_106.522504_29.528578.jpg,22,0.2648417353630066,edge,重庆高层主干路/山地城市道路,Q287__cq_2435217_106.522504_29.528578.jpg,D:\StreetView_Project\03_Output\clip_knn\questionnaire_sample_k25_500_added_200\08F_final500_freeze_run_20260728_145702\01_final_flat_500\Q287__cq_2435217_106.522504_29.528578.jpg,CQ_2435217,False,False,not_applicable_existing_300,Q287__Q287_cq_2435217_106.522504_29.528578.jpg,D:\StreetView_Project\03_Output\clip_knn\questionnaire_sample_k25_300\02_images_main\_final_flat_300_for_check\Q287__Q287_cq_2435217_106.522504_29.528578.jpg,,202210,cq_2435217_106.522504_29.528578.jpg,D:\StreetView_Project\01_Data\Street_Images\chongqing\cq_streetview\cq_2435217_106.522504_29.528578.jpg,D:\StreetView_Project\01_Data\Street_Images\chongqing\cq_streetview\cq_2435217_106.522504_29.528578.jpg,0.2648417353630066,D:\StreetView_Project\03_Output\clip_knn\questionnaire_sample_k25_300\02_images_main\_final_flat_300_for_check\Q287__Q287_cq_2435217_106.522504_29.528578.jpg,ca9c894bbb989853b79bafb44717f9581e6ed9b4b89346edad39bddb38babd16,Q287__cq_2435217_106.522504_29.528578.jpg,D:\StreetView_Project\03_Output\clip_knn\questionnaire_sample_k25_500_added_200\08D_spatial_visual_proximity_check_run_20260728_143220\01_preliminary_flat_500\Q287__cq_2435217_106.522504_29.528578.jpg,Q287__cq_2435217_106.522504_29.528578.jpg,D:\StreetView_Project\03_Output\clip_knn\questionnaire_sample_k25_500_added_200\08F_final500_freeze_run_20260728_145702\01_final_flat_500\Q287__cq_2435217_106.522504_29.528578.jpg,frozen_08F,D:\StreetView_Project\03_Output\clip_knn\questionnaire_sample_k25_500_added_200\08D_spatial_visual_proximity_check_run_20260728_143220
Q288,existing_300,CQ_2913952,chongqing,106.524558,29.598872,201907,cq_2913952_106.524558_29.598872.jpg,D:\StreetView_Project\01_Data\Street_Images\chongqing\cq_streetview\cq_2913952_106.524558_29.598872.jpg,23,0.2258594483137131,center,重庆高密居住道路/坡地街区,Q288__cq_2913952_106.524558_29.598872.jpg,D:\StreetView_Project\03_Output\clip_knn\questionnaire_sample_k25_500_added_200\08F_final500_freeze_run_20260728_145702\01_final_flat_500\Q288__cq_2913952_106.524558_29.598872.jpg,CQ_2913952,False,False,not_applicable_existing_300,Q288__Q288_cq_2913952_106.524558_29.598872.jpg,D:\StreetView_Project\03_Output\clip_knn\questionnaire_sample_k25_300\02_images_main\_final_flat_300_for_check\Q288__Q288_cq_2913952_106.524558_29.598872.jpg,,201907,cq_2913952_106.524558_29.598872.jpg,D:\StreetView_Project\01_Data\Street_Images\chongqing\cq_streetview\cq_2913952_106.524558_29.598872.jpg,D:\StreetView_Project\01_Data\Street_Images\chongqing\cq_streetview\cq_2913952_106.524558_29.598872.jpg,0.2258594483137131,D:\StreetView_Project\03_Output\clip_knn\questionnaire_sample_k25_300\02_images_main\_final_flat_300_for_check\Q288__Q288_cq_2913952_106.524558_29.598872.jpg,bce328b402433ab90195a7aa9c5921d72d3f7439e7184dcdd0d3ea7d307478a0,Q288__cq_2913952_106.524558_29.598872.jpg,D:\StreetView_Project\03_Output\clip_knn\questionnaire_sample_k25_500_added_200\08D_spatial_visual_proximity_check_run_20260728_143220\01_preliminary_flat_500\Q288__cq_2913952_106.524558_29.598872.jpg,Q288__cq_2913952_106.524558_29.598872.jpg,D:\StreetView_Project\03_Output\clip_knn\questionnaire_sample_k25_500_added_200\08F_final500_freeze_run_20260728_145702\01_final_flat_500\Q288__cq_2913952_106.524558_29.598872.jpg,frozen_08F,D:\StreetView_Project\03_Output\clip_knn\questionnaire_sample_k25_500_added_200\08D_spatial_visual_proximity_check_run_20260728_143220
Q289,existing_300,CQ_3157333,chongqing,106.489529,29.508582,201906,cq_3157333_106.489529_29.508582.jpg,D:\StreetView_Project\01_Data\Street_Images\chongqing\cq_streetview\cq_3157333_106.489529_29.508582.jpg,23,0.2000675946474075,center,重庆高密居住道路/坡地街区,Q289__cq_3157333_106.489529_29.508582.jpg,D:\StreetView_Project\03_Output\clip_knn\questionnaire_sample_k25_500_added_200\08F_final500_freeze_run_20260728_145702\01_final_flat_500\Q289__cq_3157333_106.489529_29.508582.jpg,CQ_3157333,False,False,not_applicable_existing_300,Q289__Q289_cq_3157333_106.489529_29.508582.jpg,D:\StreetView_Project\03_Output\clip_knn\questionnaire_sample_k25_300\02_images_main\_final_flat_300_for_check\Q289__Q289_cq_3157333_106.489529_29.508582.jpg,,201906,cq_3157333_106.489529_29.508582.jpg,D:\StreetView_Project\01_Data\Street_Images\chongqing\cq_streetview\cq_3157333_106.489529_29.508582.jpg,D:\StreetView_Project\01_Data\Street_Images\chongqing\cq_streetview\cq_3157333_106.489529_29.508582.jpg,0.2000675946474075,D:\StreetView_Project\03_Output\clip_knn\questionnaire_sample_k25_300\02_images_main\_final_flat_300_for_check\Q289__Q289_cq_3157333_106.489529_29.508582.jpg,f3585ea4532d45217ad5b58ef6c22756ece8c6a3165e171a0755c00602ae098f,Q289__cq_3157333_106.489529_29.508582.jpg,D:\StreetView_Project\03_Output\clip_knn\questionnaire_sample_k25_500_added_200\08D_spatial_visual_proximity_check_run_20260728_143220\01_preliminary_flat_500\Q289__cq_3157333_106.489529_29.508582.jpg,Q289__cq_3157333_106.489529_29.508582.jpg,D:\StreetView_Project\03_Output\clip_knn\questionnaire_sample_k25_500_added_200\08F_final500_freeze_run_20260728_145702\01_final_flat_500\Q289__cq_3157333_106.489529_29.508582.jpg,frozen_08F,D:\StreetView_Project\03_Output\clip_knn\questionnaire_sample_k25_500_added_200\08D_spatial_visual_proximity_check_run_20260728_143220
Q290,existing_300,CQ_676676,chongqing,106.52046,29.607534,201907,cq_676676_106.520460_29.607534.jpg,D:\StreetView_Project\01_Data\Street_Images\chongqing\cq_streetview\cq_676676_106.520460_29.607534.jpg,23,0.206418514251709,center,重庆高密居住道路/坡地街区,Q290__cq_676676_106.52046_29.607534.jpg,D:\StreetView_Project\03_Output\clip_knn\questionnaire_sample_k25_500_added_200\08F_final500_freeze_run_20260728_145702\01_final_flat_500\Q290__cq_676676_106.52046_29.607534.jpg,CQ_676676,False,False,not_applicable_existing_300,Q290__Q290_cq_676676_106.520460_29.607534.jpg,D:\StreetView_Project\03_Output\clip_knn\questionnaire_sample_k25_300\02_images_main\_final_flat_300_for_check\Q290__Q290_cq_676676_106.520460_29.607534.jpg,,201907,cq_676676_106.520460_29.607534.jpg,D:\StreetView_Project\01_Data\Street_Images\chongqing\cq_streetview\cq_676676_106.520460_29.607534.jpg,D:\StreetView_Project\01_Data\Street_Images\chongqing\cq_streetview\cq_676676_106.520460_29.607534.jpg,0.206418514251709,D:\StreetView_Project\03_Output\clip_knn\questionnaire_sample_k25_300\02_images_main\_final_flat_300_for_check\Q290__Q290_cq_676676_106.520460_29.607534.jpg,0d5406bea76b2eff45253ffd1a009e1bc0390ec41086e66b38ba78b0c4448707,Q290__cq_676676_106.52046_29.607534.jpg,D:\StreetView_Project\03_Output\clip_knn\questionnaire_sample_k25_500_added_200\08D_spatial_visual_proximity_check_run_20260728_143220\01_preliminary_flat_500\Q290__cq_676676_106.52046_29.607534.jpg,Q290__cq_676676_106.52046_29.607534.jpg,D:\StreetView_Project\03_Output\clip_knn\questionnaire_sample_k25_500_added_200\08F_final500_freeze_run_20260728_145702\01_final_flat_500\Q290__cq_676676_106.52046_29.607534.jpg,frozen_08F,D:\StreetView_Project\03_Output\clip_knn\questionnaire_sample_k25_500_added_200\08D_spatial_visual_proximity_check_run_20260728_143220
Q291,existing_300,CQ_739901,chongqing,106.586661,29.582071,201907,cq_739901_106.586661_29.582071.jpg,D:\StreetView_Project\01_Data\Street_Images\chongqing\cq_streetview\cq_739901_106.586661_29.582071.jpg,23,0.2398211061954498,center,重庆高密居住道路/坡地街区,Q291__cq_739901_106.586661_29.582071.jpg,D:\StreetView_Project\03_Output\clip_knn\questionnaire_sample_k25_500_added_200\08F_final500_freeze_run_20260728_145702\01_final_flat_500\Q291__cq_739901_106.586661_29.582071.jpg,CQ_739901,False,False,not_applicable_existing_300,Q291__Q291_cq_739901_106.586661_29.582071.jpg,D:\StreetView_Project\03_Output\clip_knn\questionnaire_sample_k25_300\02_images_main\_final_flat_300_for_check\Q291__Q291_cq_739901_106.586661_29.582071.jpg,,201907,cq_739901_106.586661_29.582071.jpg,D:\StreetView_Project\01_Data\Street_Images\chongqing\cq_streetview\cq_739901_106.586661_29.582071.jpg,D:\StreetView_Project\01_Data\Street_Images\chongqing\cq_streetview\cq_739901_106.586661_29.582071.jpg,0.2398211061954498,D:\StreetView_Project\03_Output\clip_knn\questionnaire_sample_k25_300\02_images_main\_final_flat_300_for_check\Q291__Q291_cq_739901_106.586661_29.582071.jpg,4cfd6a3387517e2d413095d07109c0d2d9268d18d4f6b3932b053757a168ad8e,Q291__cq_739901_106.586661_29.582071.jpg,D:\StreetView_Project\03_Output\clip_knn\questionnaire_sample_k25_500_added_200\08D_spatial_visual_proximity_check_run_20260728_143220\01_preliminary_flat_500\Q291__cq_739901_106.586661_29.582071.jpg,Q291__cq_739901_106.586661_29.582071.jpg,D:\StreetView_Project\03_Output\clip_knn\questionnaire_sample_k25_500_added_200\08F_final500_freeze_run_20260728_145702\01_final_flat_500\Q291__cq_739901_106.586661_29.582071.jpg,frozen_08F,D:\StreetView_Project\03_Output\clip_knn\questionnaire_sample_k25_500_added_200\08D_spatial_visual_proximity_check_run_20260728_143220
Q292,existing_300,CQ_3160754,chongqing,106.500881,29.512229,201906,cq_3160754_106.500881_29.512229.jpg,D:\StreetView_Project\01_Data\Street_Images\chongqing\cq_streetview\cq_3160754_106.500881_29.512229.jpg,23,0.2470538318157196,middle,重庆高密居住道路/坡地街区,Q292__cq_3160754_106.500881_29.512229.jpg,D:\StreetView_Project\03_Output\clip_knn\questionnaire_sample_k25_500_added_200\08F_final500_freeze_run_20260728_145702\01_final_flat_500\Q292__cq_3160754_106.500881_29.512229.jpg,CQ_3160754,False,False,not_applicable_existing_300,Q292__Q292_cq_3160754_106.500881_29.512229.jpg,D:\StreetView_Project\03_Output\clip_knn\questionnaire_sample_k25_300\02_images_main\_final_flat_300_for_check\Q292__Q292_cq_3160754_106.500881_29.512229.jpg,,201906,cq_3160754_106.500881_29.512229.jpg,D:\StreetView_Project\01_Data\Street_Images\chongqing\cq_streetview\cq_3160754_106.500881_29.512229.jpg,D:\StreetView_Project\01_Data\Street_Images\chongqing\cq_streetview\cq_3160754_106.500881_29.512229.jpg,0.2470538318157196,D:\StreetView_Project\03_Output\clip_knn\questionnaire_sample_k25_300\02_images_main\_final_flat_300_for_check\Q292__Q292_cq_3160754_106.500881_29.512229.jpg,a4075578a91cf508f2b657204e956e8abc596836b2fd5ff2fa58c88850f9edcb,Q292__cq_3160754_106.500881_29.512229.jpg,D:\StreetView_Project\03_Output\clip_knn\questionnaire_sample_k25_500_added_200\08D_spatial_visual_proximity_check_run_20260728_143220\01_preliminary_flat_500\Q292__cq_3160754_106.500881_29.512229.jpg,Q292__cq_3160754_106.500881_29.512229.jpg,D:\StreetView_Project\03_Output\clip_knn\questionnaire_sample_k25_500_added_200\08F_final500_freeze_run_20260728_145702\01_final_flat_500\Q292__cq_3160754_106.500881_29.512229.jpg,frozen_08F,D:\StreetView_Project\03_Output\clip_knn\questionnaire_sample_k25_500_added_200\08D_spatial_visual_proximity_check_run_20260728_143220
Q293,existing_300,CQ_659323,chongqing,106.502322,29.580491,201907,cq_659323_106.502322_29.580491.jpg,D:\StreetView_Project\01_Data\Street_Images\chongqing\cq_streetview\cq_659323_106.502322_29.580491.jpg,23,0.2686626315116882,middle,重庆高密居住道路/坡地街区,Q293__cq_659323_106.502322_29.580491.jpg,D:\StreetView_Project\03_Output\clip_knn\questionnaire_sample_k25_500_added_200\08F_final500_freeze_run_20260728_145702\01_final_flat_500\Q293__cq_659323_106.502322_29.580491.jpg,CQ_659323,False,False,not_applicable_existing_300,Q293__Q293_cq_659323_106.502322_29.580491.jpg,D:\StreetView_Project\03_Output\clip_knn\questionnaire_sample_k25_300\02_images_main\_final_flat_300_for_check\Q293__Q293_cq_659323_106.502322_29.580491.jpg,,201907,cq_659323_106.502322_29.580491.jpg,D:\StreetView_Project\01_Data\Street_Images\chongqing\cq_streetview\cq_659323_106.502322_29.580491.jpg,D:\StreetView_Project\01_Data\Street_Images\chongqing\cq_streetview\cq_659323_106.502322_29.580491.jpg,0.2686626315116882,D:\StreetView_Project\03_Output\clip_knn\questionnaire_sample_k25_300\02_images_main\_final_flat_300_for_check\Q293__Q293_cq_659323_106.502322_29.580491.jpg,5512965028c7313494fd96a0c00d5dd3588d5a0ee4a32891a0fdf13b50112f21,Q293__cq_659323_106.502322_29.580491.jpg,D:\StreetView_Project\03_Output\clip_knn\questionnaire_sample_k25_500_added_200\08D_spatial_visual_proximity_check_run_20260728_143220\01_preliminary_flat_500\Q293__cq_659323_106.502322_29.580491.jpg,Q293__cq_659323_106.502322_29.580491.jpg,D:\StreetView_Project\03_Output\clip_knn\questionnaire_sample_k25_500_added_200\08F_final500_freeze_run_20260728_145702\01_final_flat_500\Q293__cq_659323_106.502322_29.580491.jpg,frozen_08F,D:\StreetView_Project\03_Output\clip_knn\questionnaire_sample_k25_500_added_200\08D_spatial_visual_proximity_check_run_20260728_143220
Q294,existing_300,CQ_664139,chongqing,106.505222,29.503452,201907,cq_664139_106.505222_29.503452.jpg,D:\StreetView_Project\01_Data\Street_Images\chongqing\cq_streetview\cq_664139_106.505222_29.503452.jpg,23,0.2776554822921753,edge,重庆高密居住道路/坡地街区,Q294__cq_664139_106.505222_29.503452.jpg,D:\StreetView_Project\03_Output\clip_knn\questionnaire_sample_k25_500_added_200\08F_final500_freeze_run_20260728_145702\01_final_flat_500\Q294__cq_664139_106.505222_29.503452.jpg,CQ_664139,False,False,not_applicable_existing_300,Q294__Q294_cq_664139_106.505222_29.503452.jpg,D:\StreetView_Project\03_Output\clip_knn\questionnaire_sample_k25_300\02_images_main\_final_flat_300_for_check\Q294__Q294_cq_664139_106.505222_29.503452.jpg,,201907,cq_664139_106.505222_29.503452.jpg,D:\StreetView_Project\01_Data\Street_Images\chongqing\cq_streetview\cq_664139_106.505222_29.503452.jpg,D:\StreetView_Project\01_Data\Street_Images\chongqing\cq_streetview\cq_664139_106.505222_29.503452.jpg,0.2776554822921753,D:\StreetView_Project\03_Output\clip_knn\questionnaire_sample_k25_300\02_images_main\_final_flat_300_for_check\Q294__Q294_cq_664139_106.505222_29.503452.jpg,80c18a89e1ae9391f8e63595ebfebaf3496526f20a74ce428af50d9da4fa581e,Q294__cq_664139_106.505222_29.503452.jpg,D:\StreetView_Project\03_Output\clip_knn\questionnaire_sample_k25_500_added_200\08D_spatial_visual_proximity_check_run_20260728_143220\01_preliminary_flat_500\Q294__cq_664139_106.505222_29.503452.jpg,Q294__cq_664139_106.505222_29.503452.jpg,D:\StreetView_Project\03_Output\clip_knn\questionnaire_sample_k25_500_added_200\08F_final500_freeze_run_20260728_145702\01_final_flat_500\Q294__cq_664139_106.505222_29.503452.jpg,frozen_08F,D:\StreetView_Project\03_Output\clip_knn\questionnaire_sample_k25_500_added_200\08D_spatial_visual_proximity_check_run_20260728_143220
Q295,existing_300,CQ_2430651,chongqing,106.510795,29.560605,201906,cq_2430651_106.510795_29.560605.jpg,D:\StreetView_Project\01_Data\Street_Images\chongqing\cq_streetview\cq_2430651_106.510795_29.560605.jpg,24,0.2264537215232849,center,开敞公园化/滨水式道路,Q295__cq_2430651_106.510795_29.560605.jpg,D:\StreetView_Project\03_Output\clip_knn\questionnaire_sample_k25_500_added_200\08F_final500_freeze_run_20260728_145702\01_final_flat_500\Q295__cq_2430651_106.510795_29.560605.jpg,CQ_2430651,False,False,not_applicable_existing_300,Q295__Q295_cq_2430651_106.510795_29.560605.jpg,D:\StreetView_Project\03_Output\clip_knn\questionnaire_sample_k25_300\02_images_main\_final_flat_300_for_check\Q295__Q295_cq_2430651_106.510795_29.560605.jpg,,201906,cq_2430651_106.510795_29.560605.jpg,D:\StreetView_Project\01_Data\Street_Images\chongqing\cq_streetview\cq_2430651_106.510795_29.560605.jpg,D:\StreetView_Project\01_Data\Street_Images\chongqing\cq_streetview\cq_2430651_106.510795_29.560605.jpg,0.2264537215232849,D:\StreetView_Project\03_Output\clip_knn\questionnaire_sample_k25_300\02_images_main\_final_flat_300_for_check\Q295__Q295_cq_2430651_106.510795_29.560605.jpg,fd8fc67823895b9e8c1403854429aac4b3a779bc3b2d8a683bdc32d287a62224,Q295__cq_2430651_106.510795_29.560605.jpg,D:\StreetView_Project\03_Output\clip_knn\questionnaire_sample_k25_500_added_200\08D_spatial_visual_proximity_check_run_20260728_143220\01_preliminary_flat_500\Q295__cq_2430651_106.510795_29.560605.jpg,Q295__cq_2430651_106.510795_29.560605.jpg,D:\StreetView_Project\03_Output\clip_knn\questionnaire_sample_k25_500_added_200\08F_final500_freeze_run_20260728_145702\01_final_flat_500\Q295__cq_2430651_106.510795_29.560605.jpg,frozen_08F,D:\StreetView_Project\03_Output\clip_knn\questionnaire_sample_k25_500_added_200\08D_spatial_visual_proximity_check_run_20260728_143220
Q296,existing_300,CQ_2433799,chongqing,106.546909,29.618792,201907,cq_2433799_106.546909_29.618792.jpg,D:\StreetView_Project\01_Data\Street_Images\chongqing\cq_streetview\cq_2433799_106.546909_29.618792.jpg,24,0.2088629156351089,center,开敞公园化/滨水式道路,Q296__cq_2433799_106.546909_29.618792.jpg,D:\StreetView_Project\03_Output\clip_knn\questionnaire_sample_k25_500_added_200\08F_final500_freeze_run_20260728_145702\01_final_flat_500\Q296__cq_2433799_106.546909_29.618792.jpg,CQ_2433799,False,False,not_applicable_existing_300,Q296__Q296_cq_2433799_106.546909_29.618792.jpg,D:\StreetView_Project\03_Output\clip_knn\questionnaire_sample_k25_300\02_images_main\_final_flat_300_for_check\Q296__Q296_cq_2433799_106.546909_29.618792.jpg,,201907,cq_2433799_106.546909_29.618792.jpg,D:\StreetView_Project\01_Data\Street_Images\chongqing\cq_streetview\cq_2433799_106.546909_29.618792.jpg,D:\StreetView_Project\01_Data\Street_Images\chongqing\cq_streetview\cq_2433799_106.546909_29.618792.jpg,0.2088629156351089,D:\StreetView_Project\03_Output\clip_knn\questionnaire_sample_k25_300\02_images_main\_final_flat_300_for_check\Q296__Q296_cq_2433799_106.546909_29.618792.jpg,c0856f57b96a7c441d2bfd8086b7372531d046fdc8671ce073f3eff57e4135cd,Q296__cq_2433799_106.546909_29.618792.jpg,D:\StreetView_Project\03_Output\clip_knn\questionnaire_sample_k25_500_added_200\08D_spatial_visual_proximity_check_run_20260728_143220\01_preliminary_flat_500\Q296__cq_2433799_106.546909_29.618792.jpg,Q296__cq_2433799_106.546909_29.618792.jpg,D:\StreetView_Project\03_Output\clip_knn\questionnaire_sample_k25_500_added_200\08F_final500_freeze_run_20260728_145702\01_final_flat_500\Q296__cq_2433799_106.546909_29.618792.jpg,frozen_08F,D:\StreetView_Project\03_Output\clip_knn\questionnaire_sample_k25_500_added_200\08D_spatial_visual_proximity_check_run_20260728_143220
Q297,existing_300,CQ_681507,chongqing,106.521612,29.595666,201907,cq_681507_106.521612_29.595666.jpg,D:\StreetView_Project\01_Data\Street_Images\chongqing\cq_streetview\cq_681507_106.521612_29.595666.jpg,24,0.2424435466527939,center,开敞公园化/滨水式道路,Q297__cq_681507_106.521612_29.595666.jpg,D:\StreetView_Project\03_Output\clip_knn\questionnaire_sample_k25_500_added_200\08F_final500_freeze_run_20260728_145702\01_final_flat_500\Q297__cq_681507_106.521612_29.595666.jpg,CQ_681507,False,False,not_applicable_existing_300,Q297__Q297_cq_681507_106.521612_29.595666.jpg,D:\StreetView_Project\03_Output\clip_knn\questionnaire_sample_k25_300\02_images_main\_final_flat_300_for_check\Q297__Q297_cq_681507_106.521612_29.595666.jpg,,201907,cq_681507_106.521612_29.595666.jpg,D:\StreetView_Project\01_Data\Street_Images\chongqing\cq_streetview\cq_681507_106.521612_29.595666.jpg,D:\StreetView_Project\01_Data\Street_Images\chongqing\cq_streetview\cq_681507_106.521612_29.595666.jpg,0.2424435466527939,D:\StreetView_Project\03_Output\clip_knn\questionnaire_sample_k25_300\02_images_main\_final_flat_300_for_check\Q297__Q297_cq_681507_106.521612_29.595666.jpg,1dd935254f861f0ea1b240e7700bc85e80b23955890b8ca3318571226cc53c19,Q297__cq_681507_106.521612_29.595666.jpg,D:\StreetView_Project\03_Output\clip_knn\questionnaire_sample_k25_500_added_200\08D_spatial_visual_proximity_check_run_20260728_143220\01_preliminary_flat_500\Q297__cq_681507_106.521612_29.595666.jpg,Q297__cq_681507_106.521612_29.595666.jpg,D:\StreetView_Project\03_Output\clip_knn\questionnaire_sample_k25_500_added_200\08F_final500_freeze_run_20260728_145702\01_final_flat_500\Q297__cq_681507_106.521612_29.595666.jpg,frozen_08F,D:\StreetView_Project\03_Output\clip_knn\questionnaire_sample_k25_500_added_200\08D_spatial_visual_proximity_check_run_20260728_143220
Q298,existing_300,CQ_695705,chongqing,106.538549,29.616615,201907,cq_695705_106.538549_29.616615.jpg,D:\StreetView_Project\01_Data\Street_Images\chongqing\cq_streetview\cq_695705_106.538549_29.616615.jpg,24,0.259132444858551,middle,开敞公园化/滨水式道路,Q298__cq_695705_106.538549_29.616615.jpg,D:\StreetView_Project\03_Output\clip_knn\questionnaire_sample_k25_500_added_200\08F_final500_freeze_run_20260728_145702\01_final_flat_500\Q298__cq_695705_106.538549_29.616615.jpg,CQ_695705,False,False,not_applicable_existing_300,Q298__Q298_cq_695705_106.538549_29.616615.jpg,D:\StreetView_Project\03_Output\clip_knn\questionnaire_sample_k25_300\02_images_main\_final_flat_300_for_check\Q298__Q298_cq_695705_106.538549_29.616615.jpg,,201907,cq_695705_106.538549_29.616615.jpg,D:\StreetView_Project\01_Data\Street_Images\chongqing\cq_streetview\cq_695705_106.538549_29.616615.jpg,D:\StreetView_Project\01_Data\Street_Images\chongqing\cq_streetview\cq_695705_106.538549_29.616615.jpg,0.259132444858551,D:\StreetView_Project\03_Output\clip_knn\questionnaire_sample_k25_300\02_images_main\_final_flat_300_for_check\Q298__Q298_cq_695705_106.538549_29.616615.jpg,a82b14fd11b43e647e19414694f064fafac774d540cf9a1c378f916674490f99,Q298__cq_695705_106.538549_29.616615.jpg,D:\StreetView_Project\03_Output\clip_knn\questionnaire_sample_k25_500_added_200\08D_spatial_visual_proximity_check_run_20260728_143220\01_preliminary_flat_500\Q298__cq_695705_106.538549_29.616615.jpg,Q298__cq_695705_106.538549_29.616615.jpg,D:\StreetView_Project\03_Output\clip_knn\questionnaire_sample_k25_500_added_200\08F_final500_freeze_run_20260728_145702\01_final_flat_500\Q298__cq_695705_106.538549_29.616615.jpg,frozen_08F,D:\StreetView_Project\03_Output\clip_knn\questionnaire_sample_k25_500_added_200\08D_spatial_visual_proximity_check_run_20260728_143220
Q299,existing_300,CQ_2924023,chongqing,106.562352,29.575547,201610,cq_2924023_106.562352_29.575547.jpg,D:\StreetView_Project\01_Data\Street_Images\chongqing\cq_streetview\cq_2924023_106.562352_29.575547.jpg,24,0.2636783123016357,middle,开敞公园化/滨水式道路,Q299__cq_2924023_106.562352_29.575547.jpg,D:\StreetView_Project\03_Output\clip_knn\questionnaire_sample_k25_500_added_200\08F_final500_freeze_run_20260728_145702\01_final_flat_500\Q299__cq_2924023_106.562352_29.575547.jpg,CQ_2924023,False,False,not_applicable_existing_300,Q299__Q299_cq_2924023_106.562352_29.575547.jpg,D:\StreetView_Project\03_Output\clip_knn\questionnaire_sample_k25_300\02_images_main\_final_flat_300_for_check\Q299__Q299_cq_2924023_106.562352_29.575547.jpg,,201610,cq_2924023_106.562352_29.575547.jpg,D:\StreetView_Project\01_Data\Street_Images\chongqing\cq_streetview\cq_2924023_106.562352_29.575547.jpg,D:\StreetView_Project\01_Data\Street_Images\chongqing\cq_streetview\cq_2924023_106.562352_29.575547.jpg,0.2636783123016357,D:\StreetView_Project\03_Output\clip_knn\questionnaire_sample_k25_300\02_images_main\_final_flat_300_for_check\Q299__Q299_cq_2924023_106.562352_29.575547.jpg,a958ee31e90935979aebba2759299dd1cc2653d012896ec371b679e2ef6fb17c,Q299__cq_2924023_106.562352_29.575547.jpg,D:\StreetView_Project\03_Output\clip_knn\questionnaire_sample_k25_500_added_200\08D_spatial_visual_proximity_check_run_20260728_143220\01_preliminary_flat_500\Q299__cq_2924023_106.562352_29.575547.jpg,Q299__cq_2924023_106.562352_29.575547.jpg,D:\StreetView_Project\03_Output\clip_knn\questionnaire_sample_k25_500_added_200\08F_final500_freeze_run_20260728_145702\01_final_flat_500\Q299__cq_2924023_106.562352_29.575547.jpg,frozen_08F,D:\StreetView_Project\03_Output\clip_knn\questionnaire_sample_k25_500_added_200\08D_spatial_visual_proximity_check_run_20260728_143220
Q300,existing_300,CQ_700764,chongqing,106.546749,29.586232,201906,cq_700764_106.546749_29.586232.jpg,D:\StreetView_Project\01_Data\Street_Images\chongqing\cq_streetview\cq_700764_106.546749_29.586232.jpg,24,0.2829601466655731,edge,开敞公园化/滨水式道路,Q300__cq_700764_106.546749_29.586232.jpg,D:\StreetView_Project\03_Output\clip_knn\questionnaire_sample_k25_500_added_200\08F_final500_freeze_run_20260728_145702\01_final_flat_500\Q300__cq_700764_106.546749_29.586232.jpg,CQ_700764,False,False,not_applicable_existing_300,Q300__Q300_cq_700764_106.546749_29.586232.jpg,D:\StreetView_Project\03_Output\clip_knn\questionnaire_sample_k25_300\02_images_main\_final_flat_300_for_check\Q300__Q300_cq_700764_106.546749_29.586232.jpg,,201906,cq_700764_106.546749_29.586232.jpg,D:\StreetView_Project\01_Data\Street_Images\chongqing\cq_streetview\cq_700764_106.546749_29.586232.jpg,D:\StreetView_Project\01_Data\Street_Images\chongqing\cq_streetview\cq_700764_106.546749_29.586232.jpg,0.2829601466655731,D:\StreetView_Project\03_Output\clip_knn\questionnaire_sample_k25_300\02_images_main\_final_flat_300_for_check\Q300__Q300_cq_700764_106.546749_29.586232.jpg,319427d5bd8a5cbe89eeddb8c1dbcef26bbeccb828226790591e4c655751f350,Q300__cq_700764_106.546749_29.586232.jpg,D:\StreetView_Project\03_Output\clip_knn\questionnaire_sample_k25_500_added_200\08D_spatial_visual_proximity_check_run_20260728_143220\01_preliminary_flat_500\Q300__cq_700764_106.546749_29.586232.jpg,Q300__cq_700764_106.546749_29.586232.jpg,D:\StreetView_Project\03_Output\clip_knn\questionnaire_sample_k25_500_added_200\08F_final500_freeze_run_20260728_145702\01_final_flat_500\Q300__cq_700764_106.546749_29.586232.jpg,frozen_08F,D:\StreetView_Project\03_Output\clip_knn\questionnaire_sample_k25_500_added_200\08D_spatial_visual_proximity_check_run_20260728_143220
Q301,added_200,CD_36830,chengdu,104.0225511,30.70270588,202005,cd_36830_104.022551055_30.7027058792.jpg,D:\StreetView_Project\01_Data\Street_Images\chengdu\cd_streetview\cd_36830_104.022551055_30.7027058792.jpg,0,0.2206837832927704,center,开敞混合主干路/绿化背景道路,Q301__cd_36830_104.0225511_30.70270588.jpg,D:\StreetView_Project\03_Output\clip_knn\questionnaire_sample_k25_500_added_200\08F_final500_freeze_run_20260728_145702\01_final_flat_500\Q301__cd_36830_104.0225511_30.70270588.jpg,CD_37044,True,True,matched_replaced,Q301__cd_36830_104.022551055_30.7027058792.jpg,D:\StreetView_Project\03_Output\clip_knn\questionnaire_sample_k25_500_added_200\02_images_added_200_by_city_cluster\_08C_final_flat_added_200_after_manual_replacement_check_run_20260728_142934\Q301__cd_36830_104.022551055_30.7027058792.jpg,41ce49f08484047dd6aa388aa147b8114f25687647395aa1b9dd9f00421cfb52,202005,cd_36830_104.022551055_30.7027058792.jpg,D:\StreetView_Project\01_Data\Street_Images\chengdu\cd_streetview\cd_36830_104.022551055_30.7027058792.jpg,D:\StreetView_Project\01_Data\Street_Images\chengdu\cd_streetview\cd_36830_104.022551055_30.7027058792.jpg,0.2206837832927704,D:\StreetView_Project\03_Output\clip_knn\questionnaire_sample_k25_500_added_200\02_images_added_200_by_city_cluster\_08C_final_flat_added_200_after_manual_replacement_check_run_20260728_142934\Q301__cd_36830_104.022551055_30.7027058792.jpg,41ce49f08484047dd6aa388aa147b8114f25687647395aa1b9dd9f00421cfb52,Q301__cd_36830_104.0225511_30.70270588.jpg,D:\StreetView_Project\03_Output\clip_knn\questionnaire_sample_k25_500_added_200\08D_spatial_visual_proximity_check_run_20260728_143220\01_preliminary_flat_500\Q301__cd_36830_104.0225511_30.70270588.jpg,Q301__cd_36830_104.0225511_30.70270588.jpg,D:\StreetView_Project\03_Output\clip_knn\questionnaire_sample_k25_500_added_200\08F_final500_freeze_run_20260728_145702\01_final_flat_500\Q301__cd_36830_104.0225511_30.70270588.jpg,frozen_08F,D:\StreetView_Project\03_Output\clip_knn\questionnaire_sample_k25_500_added_200\08D_spatial_visual_proximity_check_run_20260728_143220
Q302,added_200,CD_37492,chengdu,104.0586227,30.67367877,202005,cd_37492_104.058622652_30.6736787694.jpg,D:\StreetView_Project\01_Data\Street_Images\chengdu\cd_streetview\cd_37492_104.058622652_30.6736787694.jpg,0,0.2278848737478256,center,开敞混合主干路/绿化背景道路,Q302__cd_37492_104.0586227_30.67367877.jpg,D:\StreetView_Project\03_Output\clip_knn\questionnaire_sample_k25_500_added_200\08F_final500_freeze_run_20260728_145702\01_final_flat_500\Q302__cd_37492_104.0586227_30.67367877.jpg,CD_37492,False,False,matched_not_replaced,Q302__cd_37492_104.058622652_30.6736787694.jpg,D:\StreetView_Project\03_Output\clip_knn\questionnaire_sample_k25_500_added_200\02_images_added_200_by_city_cluster\_08C_final_flat_added_200_after_manual_replacement_check_run_20260728_142934\Q302__cd_37492_104.058622652_30.6736787694.jpg,1086a7323edd8e80dfd5bf4bacf8a4ecc3e29d2b91a20187830a3cda27c53b2c,202005,cd_37492_104.058622652_30.6736787694.jpg,D:\StreetView_Project\01_Data\Street_Images\chengdu\cd_streetview\cd_37492_104.058622652_30.6736787694.jpg,D:\StreetView_Project\01_Data\Street_Images\chengdu\cd_streetview\cd_37492_104.058622652_30.6736787694.jpg,0.2278848737478256,D:\StreetView_Project\03_Output\clip_knn\questionnaire_sample_k25_500_added_200\02_images_added_200_by_city_cluster\_08C_final_flat_added_200_after_manual_replacement_check_run_20260728_142934\Q302__cd_37492_104.058622652_30.6736787694.jpg,1086a7323edd8e80dfd5bf4bacf8a4ecc3e29d2b91a20187830a3cda27c53b2c,Q302__cd_37492_104.0586227_30.67367877.jpg,D:\StreetView_Project\03_Output\clip_knn\questionnaire_sample_k25_500_added_200\08D_spatial_visual_proximity_check_run_20260728_143220\01_preliminary_flat_500\Q302__cd_37492_104.0586227_30.67367877.jpg,Q302__cd_37492_104.0586227_30.67367877.jpg,D:\StreetView_Project\03_Output\clip_knn\questionnaire_sample_k25_500_added_200\08F_final500_freeze_run_20260728_145702\01_final_flat_500\Q302__cd_37492_104.0586227_30.67367877.jpg,frozen_08F,D:\StreetView_Project\03_Output\clip_knn\questionnaire_sample_k25_500_added_200\08D_spatial_visual_proximity_check_run_20260728_143220
Q303,added_200,CD_471458,chengdu,104.0735617,30.63370246,201707,cd_471458_104.07356168_30.6337024584.jpg,D:\StreetView_Project\01_Data\Street_Images\chengdu\cd_streetview\cd_471458_104.07356168_30.6337024584.jpg,0,0.256503701210022,middle,开敞混合主干路/绿化背景道路,Q303__cd_471458_104.0735617_30.63370246.jpg,D:\StreetView_Project\03_Output\clip_knn\questionnaire_sample_k25_500_added_200\08F_final500_freeze_run_20260728_145702\01_final_flat_500\Q303__cd_471458_104.0735617_30.63370246.jpg,CD_471458,False,False,matched_not_replaced,Q303__cd_471458_104.07356168_30.6337024584.jpg,D:\StreetView_Project\03_Output\clip_knn\questionnaire_sample_k25_500_added_200\02_images_added_200_by_city_cluster\_08C_final_flat_added_200_after_manual_replacement_check_run_20260728_142934\Q303__cd_471458_104.07356168_30.6337024584.jpg,ac9f2e19a010195466b0e6d3fdc990b35ba3b2a1066058d3c82024718ca341d7,201707,cd_471458_104.07356168_30.6337024584.jpg,D:\StreetView_Project\01_Data\Street_Images\chengdu\cd_streetview\cd_471458_104.07356168_30.6337024584.jpg,D:\StreetView_Project\01_Data\Street_Images\chengdu\cd_streetview\cd_471458_104.07356168_30.6337024584.jpg,0.256503701210022,D:\StreetView_Project\03_Output\clip_knn\questionnaire_sample_k25_500_added_200\02_images_added_200_by_city_cluster\_08C_final_flat_added_200_after_manual_replacement_check_run_20260728_142934\Q303__cd_471458_104.07356168_30.6337024584.jpg,ac9f2e19a010195466b0e6d3fdc990b35ba3b2a1066058d3c82024718ca341d7,Q303__cd_471458_104.0735617_30.63370246.jpg,D:\StreetView_Project\03_Output\clip_knn\questionnaire_sample_k25_500_added_200\08D_spatial_visual_proximity_check_run_20260728_143220\01_preliminary_flat_500\Q303__cd_471458_104.0735617_30.63370246.jpg,Q303__cd_471458_104.0735617_30.63370246.jpg,D:\StreetView_Project\03_Output\clip_knn\questionnaire_sample_k25_500_added_200\08F_final500_freeze_run_20260728_145702\01_final_flat_500\Q303__cd_471458_104.0735617_30.63370246.jpg,frozen_08F,D:\StreetView_Project\03_Output\clip_knn\questionnaire_sample_k25_500_added_200\08D_spatial_visual_proximity_check_run_20260728_143220
Q304,added_200,CD_36089,chengdu,104.0397821,30.7174061,202304,cd_36089_104.03978214_30.7174060972.jpg,D:\StreetView_Project\01_Data\Street_Images\chengdu\cd_streetview\cd_36089_104.03978214_30.7174060972.jpg,0,0.270011305809021,middle,开敞混合主干路/绿化背景道路,Q304__cd_36089_104.0397821_30.7174061.jpg,D:\StreetView_Project\03_Output\clip_knn\questionnaire_sample_k25_500_added_200\08F_final500_freeze_run_20260728_145702\01_final_flat_500\Q304__cd_36089_104.0397821_30.7174061.jpg,CD_36089,False,False,matched_not_replaced,Q304__cd_36089_104.03978214_30.7174060972.jpg,D:\StreetView_Project\03_Output\clip_knn\questionnaire_sample_k25_500_added_200\02_images_added_200_by_city_cluster\_08C_final_flat_added_200_after_manual_replacement_check_run_20260728_142934\Q304__cd_36089_104.03978214_30.7174060972.jpg,9fe3de1daa5452bd0c5770f9bec166b165ac25949e15ce16348c89cd08e30764,202304,cd_36089_104.03978214_30.7174060972.jpg,D:\StreetView_Project\01_Data\Street_Images\chengdu\cd_streetview\cd_36089_104.03978214_30.7174060972.jpg,D:\StreetView_Project\01_Data\Street_Images\chengdu\cd_streetview\cd_36089_104.03978214_30.7174060972.jpg,0.270011305809021,D:\StreetView_Project\03_Output\clip_knn\questionnaire_sample_k25_500_added_200\02_images_added_200_by_city_cluster\_08C_final_flat_added_200_after_manual_replacement_check_run_20260728_142934\Q304__cd_36089_104.03978214_30.7174060972.jpg,9fe3de1daa5452bd0c5770f9bec166b165ac25949e15ce16348c89cd08e30764,Q304__cd_36089_104.0397821_30.7174061.jpg,D:\StreetView_Project\03_Output\clip_knn\questionnaire_sample_k25_500_added_200\08D_spatial_visual_proximity_check_run_20260728_143220\01_preliminary_flat_500\Q304__cd_36089_104.0397821_30.7174061.jpg,Q304__cd_36089_104.0397821_30.7174061.jpg,D:\StreetView_Project\03_Output\clip_knn\questionnaire_sample_k25_500_added_200\08F_final500_freeze_run_20260728_145702\01_final_flat_500\Q304__cd_36089_104.0397821_30.7174061.jpg,frozen_08F,D:\StreetView_Project\03_Output\clip_knn\questionnaire_sample_k25_500_added_200\08D_spatial_visual_proximity_check_run_20260728_143220
Q305,added_200,CD_414559,chengdu,104.0379214,30.67703882,201904,cd_414559_104.037921408_30.6770388198.jpg,D:\StreetView_Project\01_Data\Street_Images\chengdu\cd_streetview\cd_414559_104.037921408_30.6770388198.jpg,1,0.3094133734703064,edge,高架桥下/立交桥下遮蔽空间,Q305__cd_414559_104.0379214_30.67703882.jpg,D:\StreetView_Project\03_Output\clip_knn\questionnaire_sample_k25_500_added_200\08F_final500_freeze_run_20260728_145702\01_final_flat_500\Q305__cd_414559_104.0379214_30.67703882.jpg,CD_421858,True,False,detected_but_not_reported,Q305__cd_414559_104.037921408_30.6770388198.jpg,D:\StreetView_Project\03_Output\clip_knn\questionnaire_sample_k25_500_added_200\02_images_added_200_by_city_cluster\_08C_final_flat_added_200_after_manual_replacement_check_run_20260728_142934\Q305__cd_414559_104.037921408_30.6770388198.jpg,47fc3af9e9ba0d947c805f07058f5a995657fe8ce9d01c99d33fbd0c1898bda1,201904,cd_414559_104.037921408_30.6770388198.jpg,D:\StreetView_Project\01_Data\Street_Images\chengdu\cd_streetview\cd_414559_104.037921408_30.6770388198.jpg,D:\StreetView_Project\01_Data\Street_Images\chengdu\cd_streetview\cd_414559_104.037921408_30.6770388198.jpg,0.3094133734703064,D:\StreetView_Project\03_Output\clip_knn\questionnaire_sample_k25_500_added_200\02_images_added_200_by_city_cluster\_08C_final_flat_added_200_after_manual_replacement_check_run_20260728_142934\Q305__cd_414559_104.037921408_30.6770388198.jpg,47fc3af9e9ba0d947c805f07058f5a995657fe8ce9d01c99d33fbd0c1898bda1,Q305__cd_414559_104.0379214_30.67703882.jpg,D:\StreetView_Project\03_Output\clip_knn\questionnaire_sample_k25_500_added_200\08D_spatial_visual_proximity_check_run_20260728_143220\01_preliminary_flat_500\Q305__cd_414559_104.0379214_30.67703882.jpg,Q305__cd_414559_104.0379214_30.67703882.jpg,D:\StreetView_Project\03_Output\clip_knn\questionnaire_sample_k25_500_added_200\08F_final500_freeze_run_20260728_145702\01_final_flat_500\Q305__cd_414559_104.0379214_30.67703882.jpg,frozen_08F,D:\StreetView_Project\03_Output\clip_knn\questionnaire_sample_k25_500_added_200\08D_spatial_visual_proximity_check_run_20260728_143220
Q306,added_200,CD_222700,chengdu,104.0939701,30.62502044,201903,cd_222700_104.093970078_30.6250204421.jpg,D:\StreetView_Project\01_Data\Street_Images\chengdu\cd_streetview\cd_222700_104.093970078_30.6250204421.jpg,1,0.2476534843444824,center,高架桥下/立交桥下遮蔽空间,Q306__cd_222700_104.0939701_30.62502044.jpg,D:\StreetView_Project\03_Output\clip_knn\questionnaire_sample_k25_500_added_200\08F_final500_freeze_run_20260728_145702\01_final_flat_500\Q306__cd_222700_104.0939701_30.62502044.jpg,CD_222700,False,False,matched_not_replaced,Q306__cd_222700_104.093970078_30.6250204421.jpg,D:\StreetView_Project\03_Output\clip_knn\questionnaire_sample_k25_500_added_200\02_images_added_200_by_city_cluster\_08C_final_flat_added_200_after_manual_replacement_check_run_20260728_142934\Q306__cd_222700_104.093970078_30.6250204421.jpg,6d0e4db99b59af3ceb19d1eafe1e97a8ff533701758bdf2ed538363fabbae72e,201903,cd_222700_104.093970078_30.6250204421.jpg,D:\StreetView_Project\01_Data\Street_Images\chengdu\cd_streetview\cd_222700_104.093970078_30.6250204421.jpg,D:\StreetView_Project\01_Data\Street_Images\chengdu\cd_streetview\cd_222700_104.093970078_30.6250204421.jpg,0.2476534843444824,D:\StreetView_Project\03_Output\clip_knn\questionnaire_sample_k25_500_added_200\02_images_added_200_by_city_cluster\_08C_final_flat_added_200_after_manual_replacement_check_run_20260728_142934\Q306__cd_222700_104.093970078_30.6250204421.jpg,6d0e4db99b59af3ceb19d1eafe1e97a8ff533701758bdf2ed538363fabbae72e,Q306__cd_222700_104.0939701_30.62502044.jpg,D:\StreetView_Project\03_Output\clip_knn\questionnaire_sample_k25_500_added_200\08D_spatial_visual_proximity_check_run_20260728_143220\01_preliminary_flat_500\Q306__cd_222700_104.0939701_30.62502044.jpg,Q306__cd_222700_104.0939701_30.62502044.jpg,D:\StreetView_Project\03_Output\clip_knn\questionnaire_sample_k25_500_added_200\08F_final500_freeze_run_20260728_145702\01_final_flat_500\Q306__cd_222700_104.0939701_30.62502044.jpg,frozen_08F,D:\StreetView_Project\03_Output\clip_knn\questionnaire_sample_k25_500_added_200\08D_spatial_visual_proximity_check_run_20260728_143220
Q307,added_200,CD_52207,chengdu,104.1087192,30.64592402,201903,cd_52207_104.108719223_30.6459240198.jpg,D:\StreetView_Project\01_Data\Street_Images\chengdu\cd_streetview\cd_52207_104.108719223_30.6459240198.jpg,1,0.2535952627658844,middle,高架桥下/立交桥下遮蔽空间,Q307__cd_52207_104.1087192_30.64592402.jpg,D:\StreetView_Project\03_Output\clip_knn\questionnaire_sample_k25_500_added_200\08F_final500_freeze_run_20260728_145702\01_final_flat_500\Q307__cd_52207_104.1087192_30.64592402.jpg,CD_52207,False,False,matched_not_replaced,Q307__cd_52207_104.108719223_30.6459240198.jpg,D:\StreetView_Project\03_Output\clip_knn\questionnaire_sample_k25_500_added_200\02_images_added_200_by_city_cluster\_08C_final_flat_added_200_after_manual_replacement_check_run_20260728_142934\Q307__cd_52207_104.108719223_30.6459240198.jpg,cc3f4dbb9db8c10cbae1337493a46e42a521d4cc2340c4a59b9c4e5ccb06e841,201903,cd_52207_104.108719223_30.6459240198.jpg,D:\StreetView_Project\01_Data\Street_Images\chengdu\cd_streetview\cd_52207_104.108719223_30.6459240198.jpg,D:\StreetView_Project\01_Data\Street_Images\chengdu\cd_streetview\cd_52207_104.108719223_30.6459240198.jpg,0.2535952627658844,D:\StreetView_Project\03_Output\clip_knn\questionnaire_sample_k25_500_added_200\02_images_added_200_by_city_cluster\_08C_final_flat_added_200_after_manual_replacement_check_run_20260728_142934\Q307__cd_52207_104.108719223_30.6459240198.jpg,cc3f4dbb9db8c10cbae1337493a46e42a521d4cc2340c4a59b9c4e5ccb06e841,Q307__cd_52207_104.1087192_30.64592402.jpg,D:\StreetView_Project\03_Output\clip_knn\questionnaire_sample_k25_500_added_200\08D_spatial_visual_proximity_check_run_20260728_143220\01_preliminary_flat_500\Q307__cd_52207_104.1087192_30.64592402.jpg,Q307__cd_52207_104.1087192_30.64592402.jpg,D:\StreetView_Project\03_Output\clip_knn\questionnaire_sample_k25_500_added_200\08F_final500_freeze_run_20260728_145702\01_final_flat_500\Q307__cd_52207_104.1087192_30.64592402.jpg,frozen_08F,D:\StreetView_Project\03_Output\clip_knn\questionnaire_sample_k25_500_added_200\08D_spatial_visual_proximity_check_run_20260728_143220
Q308,added_200,CD_220860,chengdu,104.1047086,30.67994808,202303,cd_220860_104.104708562_30.6799480779.jpg,D:\StreetView_Project\01_Data\Street_Images\chengdu\cd_streetview\cd_220860_104.104708562_30.6799480779.jpg,1,0.3473010659217834,edge,高架桥下/立交桥下遮蔽空间,Q308__cd_220860_104.1047086_30.67994808.jpg,D:\StreetView_Project\03_Output\clip_knn\questionnaire_sample_k25_500_added_200\08F_final500_freeze_run_20260728_145702\01_final_flat_500\Q308__cd_220860_104.1047086_30.67994808.jpg,CD_222882,True,True,matched_replaced,Q308__cd_220860_104.104708562_30.6799480779.jpg,D:\StreetView_Project\03_Output\clip_knn\questionnaire_sample_k25_500_added_200\02_images_added_200_by_city_cluster\_08C_final_flat_added_200_after_manual_replacement_check_run_20260728_142934\Q308__cd_220860_104.104708562_30.6799480779.jpg,e7f05847a4c98dd1cba86e58f86da65f715eee93cd1900f343a9f736adb23378,202303,cd_220860_104.104708562_30.6799480779.jpg,D:\StreetView_Project\01_Data\Street_Images\chengdu\cd_streetview\cd_220860_104.104708562_30.6799480779.jpg,D:\StreetView_Project\01_Data\Street_Images\chengdu\cd_streetview\cd_220860_104.104708562_30.6799480779.jpg,0.3473010659217834,D:\StreetView_Project\03_Output\clip_knn\questionnaire_sample_k25_500_added_200\02_images_added_200_by_city_cluster\_08C_final_flat_added_200_after_manual_replacement_check_run_20260728_142934\Q308__cd_220860_104.104708562_30.6799480779.jpg,e7f05847a4c98dd1cba86e58f86da65f715eee93cd1900f343a9f736adb23378,Q308__cd_220860_104.1047086_30.67994808.jpg,D:\StreetView_Project\03_Output\clip_knn\questionnaire_sample_k25_500_added_200\08D_spatial_visual_proximity_check_run_20260728_143220\01_preliminary_flat_500\Q308__cd_220860_104.1047086_30.67994808.jpg,Q308__cd_220860_104.1047086_30.67994808.jpg,D:\StreetView_Project\03_Output\clip_knn\questionnaire_sample_k25_500_added_200\08F_final500_freeze_run_20260728_145702\01_final_flat_500\Q308__cd_220860_104.1047086_30.67994808.jpg,frozen_08F,D:\StreetView_Project\03_Output\clip_knn\questionnaire_sample_k25_500_added_200\08D_spatial_visual_proximity_check_run_20260728_143220
Q309,added_200,CD_32132,chengdu,104.0656365,30.72653447,201510,cd_32132_104.065636521_30.7265344672.jpg,D:\StreetView_Project\01_Data\Street_Images\chengdu\cd_streetview\cd_32132_104.065636521_30.7265344672.jpg,1,0.317543625831604,edge,高架桥下/立交桥下遮蔽空间,Q309__cd_32132_104.0656365_30.72653447.jpg,D:\StreetView_Project\03_Output\clip_knn\questionnaire_sample_k25_500_added_200\08F_final500_freeze_run_20260728_145702\01_final_flat_500\Q309__cd_32132_104.0656365_30.72653447.jpg,CD_32132,False,False,matched_not_replaced,Q309__cd_32132_104.065636521_30.7265344672.jpg,D:\StreetView_Project\03_Output\clip_knn\questionnaire_sample_k25_500_added_200\02_images_added_200_by_city_cluster\_08C_final_flat_added_200_after_manual_replacement_check_run_20260728_142934\Q309__cd_32132_104.065636521_30.7265344672.jpg,70703eb856e58595d75002ba5b46fdcc181c1a795b760d8b6645b540f67be460,201510,cd_32132_104.065636521_30.7265344672.jpg,D:\StreetView_Project\01_Data\Street_Images\chengdu\cd_streetview\cd_32132_104.065636521_30.7265344672.jpg,D:\StreetView_Project\01_Data\Street_Images\chengdu\cd_streetview\cd_32132_104.065636521_30.7265344672.jpg,0.317543625831604,D:\StreetView_Project\03_Output\clip_knn\questionnaire_sample_k25_500_added_200\02_images_added_200_by_city_cluster\_08C_final_flat_added_200_after_manual_replacement_check_run_20260728_142934\Q309__cd_32132_104.065636521_30.7265344672.jpg,70703eb856e58595d75002ba5b46fdcc181c1a795b760d8b6645b540f67be460,Q309__cd_32132_104.0656365_30.72653447.jpg,D:\StreetView_Project\03_Output\clip_knn\questionnaire_sample_k25_500_added_200\08D_spatial_visual_proximity_check_run_20260728_143220\01_preliminary_flat_500\Q309__cd_32132_104.0656365_30.72653447.jpg,Q309__cd_32132_104.0656365_30.72653447.jpg,D:\StreetView_Project\03_Output\clip_knn\questionnaire_sample_k25_500_added_200\08F_final500_freeze_run_20260728_145702\01_final_flat_500\Q309__cd_32132_104.0656365_30.72653447.jpg,frozen_08F,D:\StreetView_Project\03_Output\clip_knn\questionnaire_sample_k25_500_added_200\08D_spatial_visual_proximity_check_run_20260728_143220
Q310,added_200,CD_220892,chengdu,104.0936473,30.69099078,201903,cd_220892_104.093647277_30.6909907817.jpg,D:\StreetView_Project\01_Data\Street_Images\chengdu\cd_streetview\cd_220892_104.093647277_30.6909907817.jpg,1,0.3285776972770691,edge,高架桥下/立交桥下遮蔽空间,Q310__cd_220892_104.0936473_30.69099078.jpg,D:\StreetView_Project\03_Output\clip_knn\questionnaire_sample_k25_500_added_200\08F_final500_freeze_run_20260728_145702\01_final_flat_500\Q310__cd_220892_104.0936473_30.69099078.jpg,CD_220892,False,False,matched_not_replaced,Q310__cd_220892_104.093647277_30.6909907817.jpg,D:\StreetView_Project\03_Output\clip_knn\questionnaire_sample_k25_500_added_200\02_images_added_200_by_city_cluster\_08C_final_flat_added_200_after_manual_replacement_check_run_20260728_142934\Q310__cd_220892_104.093647277_30.6909907817.jpg,728e1ae7c19ec2933c554986a1e65170e2b2b1f87cba95a18cf399866f6d6cb0,201903,cd_220892_104.093647277_30.6909907817.jpg,D:\StreetView_Project\01_Data\Street_Images\chengdu\cd_streetview\cd_220892_104.093647277_30.6909907817.jpg,D:\StreetView_Project\01_Data\Street_Images\chengdu\cd_streetview\cd_220892_104.093647277_30.6909907817.jpg,0.3285776972770691,D:\StreetView_Project\03_Output\clip_knn\questionnaire_sample_k25_500_added_200\02_images_added_200_by_city_cluster\_08C_final_flat_added_200_after_manual_replacement_check_run_20260728_142934\Q310__cd_220892_104.093647277_30.6909907817.jpg,728e1ae7c19ec2933c554986a1e65170e2b2b1f87cba95a18cf399866f6d6cb0,Q310__cd_220892_104.0936473_30.69099078.jpg,D:\StreetView_Project\03_Output\clip_knn\questionnaire_sample_k25_500_added_200\08D_spatial_visual_proximity_check_run_20260728_143220\01_preliminary_flat_500\Q310__cd_220892_104.0936473_30.69099078.jpg,Q310__cd_220892_104.0936473_30.69099078.jpg,D:\StreetView_Project\03_Output\clip_knn\questionnaire_sample_k25_500_added_200\08F_final500_freeze_run_20260728_145702\01_final_flat_500\Q310__cd_220892_104.0936473_30.69099078.jpg,frozen_08F,D:\StreetView_Project\03_Output\clip_knn\questionnaire_sample_k25_500_added_200\08D_spatial_visual_proximity_check_run_20260728_143220
Q311,added_200,CD_469931,chengdu,104.0386501,30.63075329,201707,cd_469931_104.038650081_30.6307532916.jpg,D:\StreetView_Project\01_Data\Street_Images\chengdu\cd_streetview\cd_469931_104.038650081_30.6307532916.jpg,2,0.2504453063011169,center,重庆高密居住区街道,Q311__cd_469931_104.0386501_30.63075329.jpg,D:\StreetView_Project\03_Output\clip_knn\questionnaire_sample_k25_500_added_200\08F_final500_freeze_run_20260728_145702\01_final_flat_500\Q311__cd_469931_104.0386501_30.63075329.jpg,CD_469931,False,False,matched_not_replaced,Q311__cd_469931_104.038650081_30.6307532916.jpg,D:\StreetView_Project\03_Output\clip_knn\questionnaire_sample_k25_500_added_200\02_images_added_200_by_city_cluster\_08C_final_flat_added_200_after_manual_replacement_check_run_20260728_142934\Q311__cd_469931_104.038650081_30.6307532916.jpg,981ed134d707b75a2910bec02ce4e2a65da4cb2b355b276c58316061611a0032,201707,cd_469931_104.038650081_30.6307532916.jpg,D:\StreetView_Project\01_Data\Street_Images\chengdu\cd_streetview\cd_469931_104.038650081_30.6307532916.jpg,D:\StreetView_Project\01_Data\Street_Images\chengdu\cd_streetview\cd_469931_104.038650081_30.6307532916.jpg,0.2504453063011169,D:\StreetView_Project\03_Output\clip_knn\questionnaire_sample_k25_500_added_200\02_images_added_200_by_city_cluster\_08C_final_flat_added_200_after_manual_replacement_check_run_20260728_142934\Q311__cd_469931_104.038650081_30.6307532916.jpg,981ed134d707b75a2910bec02ce4e2a65da4cb2b355b276c58316061611a0032,Q311__cd_469931_104.0386501_30.63075329.jpg,D:\StreetView_Project\03_Output\clip_knn\questionnaire_sample_k25_500_added_200\08D_spatial_visual_proximity_check_run_20260728_143220\01_preliminary_flat_500\Q311__cd_469931_104.0386501_30.63075329.jpg,Q311__cd_469931_104.0386501_30.63075329.jpg,D:\StreetView_Project\03_Output\clip_knn\questionnaire_sample_k25_500_added_200\08F_final500_freeze_run_20260728_145702\01_final_flat_500\Q311__cd_469931_104.0386501_30.63075329.jpg,frozen_08F,D:\StreetView_Project\03_Output\clip_knn\questionnaire_sample_k25_500_added_200\08D_spatial_visual_proximity_check_run_20260728_143220
Q312,added_200,CD_422122,chengdu,104.069569,30.67240983,202003,cd_422122_104.069569012_30.6724098291.jpg,D:\StreetView_Project\01_Data\Street_Images\chengdu\cd_streetview\cd_422122_104.069569012_30.6724098291.jpg,2,0.2646516561508179,middle,重庆高密居住区街道,Q312__cd_422122_104.069569_30.67240983.jpg,D:\StreetView_Project\03_Output\clip_knn\questionnaire_sample_k25_500_added_200\08F_final500_freeze_run_20260728_145702\01_final_flat_500\Q312__cd_422122_104.069569_30.67240983.jpg,CD_422122,False,False,matched_not_replaced,Q312__cd_422122_104.069569012_30.6724098291.jpg,D:\StreetView_Project\03_Output\clip_knn\questionnaire_sample_k25_500_added_200\02_images_added_200_by_city_cluster\_08C_final_flat_added_200_after_manual_replacement_check_run_20260728_142934\Q312__cd_422122_104.069569012_30.6724098291.jpg,b34e9cf74f377549db4a47423366d2a78a2d4548c3ce51524cc7088f49d1c35c,202003,cd_422122_104.069569012_30.6724098291.jpg,D:\StreetView_Project\01_Data\Street_Images\chengdu\cd_streetview\cd_422122_104.069569012_30.6724098291.jpg,D:\StreetView_Project\01_Data\Street_Images\chengdu\cd_streetview\cd_422122_104.069569012_30.6724098291.jpg,0.2646516561508179,D:\StreetView_Project\03_Output\clip_knn\questionnaire_sample_k25_500_added_200\02_images_added_200_by_city_cluster\_08C_final_flat_added_200_after_manual_replacement_check_run_20260728_142934\Q312__cd_422122_104.069569012_30.6724098291.jpg,b34e9cf74f377549db4a47423366d2a78a2d4548c3ce51524cc7088f49d1c35c,Q312__cd_422122_104.069569_30.67240983.jpg,D:\StreetView_Project\03_Output\clip_knn\questionnaire_sample_k25_500_added_200\08D_spatial_visual_proximity_check_run_20260728_143220\01_preliminary_flat_500\Q312__cd_422122_104.069569_30.67240983.jpg,Q312__cd_422122_104.069569_30.67240983.jpg,D:\StreetView_Project\03_Output\clip_knn\questionnaire_sample_k25_500_added_200\08F_final500_freeze_run_20260728_145702\01_final_flat_500\Q312__cd_422122_104.069569_30.67240983.jpg,frozen_08F,D:\StreetView_Project\03_Output\clip_knn\questionnaire_sample_k25_500_added_200\08D_spatial_visual_proximity_check_run_20260728_143220
Q313,added_200,CD_417602,chengdu,104.0210654,30.67989433,201707,cd_417602_104.021065373_30.6798943275.jpg,D:\StreetView_Project\01_Data\Street_Images\chengdu\cd_streetview\cd_417602_104.021065373_30.6798943275.jpg,2,0.2451535165309906,center,重庆高密居住区街道,Q313__cd_417602_104.0210654_30.67989433.jpg,D:\StreetView_Project\03_Output\clip_knn\questionnaire_sample_k25_500_added_200\08F_final500_freeze_run_20260728_145702\01_final_flat_500\Q313__cd_417602_104.0210654_30.67989433.jpg,CD_415948,True,True,matched_replaced,Q313__cd_417602_104.021065373_30.6798943275.jpg,D:\StreetView_Project\03_Output\clip_knn\questionnaire_sample_k25_500_added_200\02_images_added_200_by_city_cluster\_08C_final_flat_added_200_after_manual_replacement_check_run_20260728_142934\Q313__cd_417602_104.021065373_30.6798943275.jpg,9ff90cdb21237cd51a742ede6086df4c10212d0e51b2c815c177108dc9278b73,201707,cd_417602_104.021065373_30.6798943275.jpg,D:\StreetView_Project\01_Data\Street_Images\chengdu\cd_streetview\cd_417602_104.021065373_30.6798943275.jpg,D:\StreetView_Project\01_Data\Street_Images\chengdu\cd_streetview\cd_417602_104.021065373_30.6798943275.jpg,0.2451535165309906,D:\StreetView_Project\03_Output\clip_knn\questionnaire_sample_k25_500_added_200\02_images_added_200_by_city_cluster\_08C_final_flat_added_200_after_manual_replacement_check_run_20260728_142934\Q313__cd_417602_104.021065373_30.6798943275.jpg,9ff90cdb21237cd51a742ede6086df4c10212d0e51b2c815c177108dc9278b73,Q313__cd_417602_104.0210654_30.67989433.jpg,D:\StreetView_Project\03_Output\clip_knn\questionnaire_sample_k25_500_added_200\08D_spatial_visual_proximity_check_run_20260728_143220\01_preliminary_flat_500\Q313__cd_417602_104.0210654_30.67989433.jpg,Q313__cd_417602_104.0210654_30.67989433.jpg,D:\StreetView_Project\03_Output\clip_knn\questionnaire_sample_k25_500_added_200\08F_final500_freeze_run_20260728_145702\01_final_flat_500\Q313__cd_417602_104.0210654_30.67989433.jpg,frozen_08F,D:\StreetView_Project\03_Output\clip_knn\questionnaire_sample_k25_500_added_200\08D_spatial_visual_proximity_check_run_20260728_143220
Q314,added_200,CD_53622,chengdu,104.1085936,30.64618793,201707,cd_53622_104.108593564_30.6461879333.jpg,D:\StreetView_Project\01_Data\Street_Images\chengdu\cd_streetview\cd_53622_104.108593564_30.6461879333.jpg,3,0.3242460787296295,edge,重庆开敞快速路/山地干道,Q314__cd_53622_104.1085936_30.64618793.jpg,D:\StreetView_Project\03_Output\clip_knn\questionnaire_sample_k25_500_added_200\08F_final500_freeze_run_20260728_145702\01_final_flat_500\Q314__cd_53622_104.1085936_30.64618793.jpg,CD_52190,True,True,matched_replaced,Q314__cd_53622_104.108593564_30.6461879333.jpg,D:\StreetView_Project\03_Output\clip_knn\questionnaire_sample_k25_500_added_200\02_images_added_200_by_city_cluster\_08C_final_flat_added_200_after_manual_replacement_check_run_20260728_142934\Q314__cd_53622_104.108593564_30.6461879333.jpg,18bb448bb2f161d2df34b34655867c0c7daba83f3e7d8e0272bd0a0dd43e44a0,201707,cd_53622_104.108593564_30.6461879333.jpg,D:\StreetView_Project\01_Data\Street_Images\chengdu\cd_streetview\cd_53622_104.108593564_30.6461879333.jpg,D:\StreetView_Project\01_Data\Street_Images\chengdu\cd_streetview\cd_53622_104.108593564_30.6461879333.jpg,0.3242460787296295,D:\StreetView_Project\03_Output\clip_knn\questionnaire_sample_k25_500_added_200\02_images_added_200_by_city_cluster\_08C_final_flat_added_200_after_manual_replacement_check_run_20260728_142934\Q314__cd_53622_104.108593564_30.6461879333.jpg,18bb448bb2f161d2df34b34655867c0c7daba83f3e7d8e0272bd0a0dd43e44a0,Q314__cd_53622_104.1085936_30.64618793.jpg,D:\StreetView_Project\03_Output\clip_knn\questionnaire_sample_k25_500_added_200\08D_spatial_visual_proximity_check_run_20260728_143220\01_preliminary_flat_500\Q314__cd_53622_104.1085936_30.64618793.jpg,Q314__cd_53622_104.1085936_30.64618793.jpg,D:\StreetView_Project\03_Output\clip_knn\questionnaire_sample_k25_500_added_200\08F_final500_freeze_run_20260728_145702\01_final_flat_500\Q314__cd_53622_104.1085936_30.64618793.jpg,frozen_08F,D:\StreetView_Project\03_Output\clip_knn\questionnaire_sample_k25_500_added_200\08D_spatial_visual_proximity_check_run_20260728_143220
Q315,added_200,CD_55716,chengdu,104.0581958,30.66006794,202303,cd_55716_104.058195817_30.6600679427.jpg,D:\StreetView_Project\01_Data\Street_Images\chengdu\cd_streetview\cd_55716_104.058195817_30.6600679427.jpg,4,0.2876018583774567,center,隧道/夜间暗光通行空间,Q315__cd_55716_104.0581958_30.66006794.jpg,D:\StreetView_Project\03_Output\clip_knn\questionnaire_sample_k25_500_added_200\08F_final500_freeze_run_20260728_145702\01_final_flat_500\Q315__cd_55716_104.0581958_30.66006794.jpg,CD_55716,False,False,matched_not_replaced,Q315__cd_55716_104.058195817_30.6600679427.jpg,D:\StreetView_Project\03_Output\clip_knn\questionnaire_sample_k25_500_added_200\02_images_added_200_by_city_cluster\_08C_final_flat_added_200_after_manual_replacement_check_run_20260728_142934\Q315__cd_55716_104.058195817_30.6600679427.jpg,a89faad446afddc1c494e85a3947418abad48aa4ad28bcf140cff0ffbe29f275,202303,cd_55716_104.058195817_30.6600679427.jpg,D:\StreetView_Project\01_Data\Street_Images\chengdu\cd_streetview\cd_55716_104.058195817_30.6600679427.jpg,D:\StreetView_Project\01_Data\Street_Images\chengdu\cd_streetview\cd_55716_104.058195817_30.6600679427.jpg,0.2876018583774567,D:\StreetView_Project\03_Output\clip_knn\questionnaire_sample_k25_500_added_200\02_images_added_200_by_city_cluster\_08C_final_flat_added_200_after_manual_replacement_check_run_20260728_142934\Q315__cd_55716_104.058195817_30.6600679427.jpg,a89faad446afddc1c494e85a3947418abad48aa4ad28bcf140cff0ffbe29f275,Q315__cd_55716_104.0581958_30.66006794.jpg,D:\StreetView_Project\03_Output\clip_knn\questionnaire_sample_k25_500_added_200\08D_spatial_visual_proximity_check_run_20260728_143220\01_preliminary_flat_500\Q315__cd_55716_104.0581958_30.66006794.jpg,Q315__cd_55716_104.0581958_30.66006794.jpg,D:\StreetView_Project\03_Output\clip_knn\questionnaire_sample_k25_500_added_200\08F_final500_freeze_run_20260728_145702\01_final_flat_500\Q315__cd_55716_104.0581958_30.66006794.jpg,frozen_08F,D:\StreetView_Project\03_Output\clip_knn\questionnaire_sample_k25_500_added_200\08D_spatial_visual_proximity_check_run_20260728_143220
Q316,added_200,CD_36855,chengdu,104.007537,30.67542691,202303,cd_36855_104.00753703_30.6754269132.jpg,D:\StreetView_Project\01_Data\Street_Images\chengdu\cd_streetview\cd_36855_104.00753703_30.6754269132.jpg,4,0.288782149553299,center,隧道/夜间暗光通行空间,Q316__cd_36855_104.007537_30.67542691.jpg,D:\StreetView_Project\03_Output\clip_knn\questionnaire_sample_k25_500_added_200\08F_final500_freeze_run_20260728_145702\01_final_flat_500\Q316__cd_36855_104.007537_30.67542691.jpg,CD_55410,True,True,matched_replaced,Q316__cd_36855_104.00753703_30.6754269132.jpg,D:\StreetView_Project\03_Output\clip_knn\questionnaire_sample_k25_500_added_200\02_images_added_200_by_city_cluster\_08C_final_flat_added_200_after_manual_replacement_check_run_20260728_142934\Q316__cd_36855_104.00753703_30.6754269132.jpg,ff743a8ed6e8408a5a35f9e1744c4ccc3bfe79aa6f2337155ff016b4628fda6b,202303,cd_36855_104.00753703_30.6754269132.jpg,D:\StreetView_Project\01_Data\Street_Images\chengdu\cd_streetview\cd_36855_104.00753703_30.6754269132.jpg,D:\StreetView_Project\01_Data\Street_Images\chengdu\cd_streetview\cd_36855_104.00753703_30.6754269132.jpg,0.288782149553299,D:\StreetView_Project\03_Output\clip_knn\questionnaire_sample_k25_500_added_200\02_images_added_200_by_city_cluster\_08C_final_flat_added_200_after_manual_replacement_check_run_20260728_142934\Q316__cd_36855_104.00753703_30.6754269132.jpg,ff743a8ed6e8408a5a35f9e1744c4ccc3bfe79aa6f2337155ff016b4628fda6b,Q316__cd_36855_104.007537_30.67542691.jpg,D:\StreetView_Project\03_Output\clip_knn\questionnaire_sample_k25_500_added_200\08D_spatial_visual_proximity_check_run_20260728_143220\01_preliminary_flat_500\Q316__cd_36855_104.007537_30.67542691.jpg,Q316__cd_36855_104.007537_30.67542691.jpg,D:\StreetView_Project\03_Output\clip_knn\questionnaire_sample_k25_500_added_200\08F_final500_freeze_run_20260728_145702\01_final_flat_500\Q316__cd_36855_104.007537_30.67542691.jpg,frozen_08F,D:\StreetView_Project\03_Output\clip_knn\questionnaire_sample_k25_500_added_200\08D_spatial_visual_proximity_check_run_20260728_143220
Q317,added_200,CD_49691,chengdu,104.0580786,30.60599,201707,cd_49691_104.058078632_30.605989997.jpg,D:\StreetView_Project\01_Data\Street_Images\chengdu\cd_streetview\cd_49691_104.058078632_30.605989997.jpg,5,0.2049605846405029,center,混合城市主干路/公交道路,Q317__cd_49691_104.0580786_30.60599.jpg,D:\StreetView_Project\03_Output\clip_knn\questionnaire_sample_k25_500_added_200\08F_final500_freeze_run_20260728_145702\01_final_flat_500\Q317__cd_49691_104.0580786_30.60599.jpg,CD_49691,False,False,matched_not_replaced,Q317__cd_49691_104.058078632_30.605989997.jpg,D:\StreetView_Project\03_Output\clip_knn\questionnaire_sample_k25_500_added_200\02_images_added_200_by_city_cluster\_08C_final_flat_added_200_after_manual_replacement_check_run_20260728_142934\Q317__cd_49691_104.058078632_30.605989997.jpg,2a7d3c4a6b2b16b4f2ecc7dadfcd1899fa0871bbcabc0c4c11f8d35c09ca33ec,201707,cd_49691_104.058078632_30.605989997.jpg,D:\StreetView_Project\01_Data\Street_Images\chengdu\cd_streetview\cd_49691_104.058078632_30.605989997.jpg,D:\StreetView_Project\01_Data\Street_Images\chengdu\cd_streetview\cd_49691_104.058078632_30.605989997.jpg,0.2049605846405029,D:\StreetView_Project\03_Output\clip_knn\questionnaire_sample_k25_500_added_200\02_images_added_200_by_city_cluster\_08C_final_flat_added_200_after_manual_replacement_check_run_20260728_142934\Q317__cd_49691_104.058078632_30.605989997.jpg,2a7d3c4a6b2b16b4f2ecc7dadfcd1899fa0871bbcabc0c4c11f8d35c09ca33ec,Q317__cd_49691_104.0580786_30.60599.jpg,D:\StreetView_Project\03_Output\clip_knn\questionnaire_sample_k25_500_added_200\08D_spatial_visual_proximity_check_run_20260728_143220\01_preliminary_flat_500\Q317__cd_49691_104.0580786_30.60599.jpg,Q317__cd_49691_104.0580786_30.60599.jpg,D:\StreetView_Project\03_Output\clip_knn\questionnaire_sample_k25_500_added_200\08F_final500_freeze_run_20260728_145702\01_final_flat_500\Q317__cd_49691_104.0580786_30.60599.jpg,frozen_08F,D:\StreetView_Project\03_Output\clip_knn\questionnaire_sample_k25_500_added_200\08D_spatial_visual_proximity_check_run_20260728_143220
Q318,added_200,CD_52797,chengdu,104.064673,30.61708081,202003,cd_52797_104.064673011_30.6170808111.jpg,D:\StreetView_Project\01_Data\Street_Images\chengdu\cd_streetview\cd_52797_104.064673011_30.6170808111.jpg,5,0.2105869203805923,center,混合城市主干路/公交道路,Q318__cd_52797_104.064673_30.61708081.jpg,D:\StreetView_Project\03_Output\clip_knn\questionnaire_sample_k25_500_added_200\08F_final500_freeze_run_20260728_145702\01_final_flat_500\Q318__cd_52797_104.064673_30.61708081.jpg,CD_52797,False,False,matched_not_replaced,Q318__cd_52797_104.064673011_30.6170808111.jpg,D:\StreetView_Project\03_Output\clip_knn\questionnaire_sample_k25_500_added_200\02_images_added_200_by_city_cluster\_08C_final_flat_added_200_after_manual_replacement_check_run_20260728_142934\Q318__cd_52797_104.064673011_30.6170808111.jpg,d8098eb6dfc4686eddedc8b26db3af0bc674f386ab18952989751c57e2e53052,202003,cd_52797_104.064673011_30.6170808111.jpg,D:\StreetView_Project\01_Data\Street_Images\chengdu\cd_streetview\cd_52797_104.064673011_30.6170808111.jpg,D:\StreetView_Project\01_Data\Street_Images\chengdu\cd_streetview\cd_52797_104.064673011_30.6170808111.jpg,0.2105869203805923,D:\StreetView_Project\03_Output\clip_knn\questionnaire_sample_k25_500_added_200\02_images_added_200_by_city_cluster\_08C_final_flat_added_200_after_manual_replacement_check_run_20260728_142934\Q318__cd_52797_104.064673011_30.6170808111.jpg,d8098eb6dfc4686eddedc8b26db3af0bc674f386ab18952989751c57e2e53052,Q318__cd_52797_104.064673_30.61708081.jpg,D:\StreetView_Project\03_Output\clip_knn\questionnaire_sample_k25_500_added_200\08D_spatial_visual_proximity_check_run_20260728_143220\01_preliminary_flat_500\Q318__cd_52797_104.064673_30.61708081.jpg,Q318__cd_52797_104.064673_30.61708081.jpg,D:\StreetView_Project\03_Output\clip_knn\questionnaire_sample_k25_500_added_200\08F_final500_freeze_run_20260728_145702\01_final_flat_500\Q318__cd_52797_104.064673_30.61708081.jpg,frozen_08F,D:\StreetView_Project\03_Output\clip_knn\questionnaire_sample_k25_500_added_200\08D_spatial_visual_proximity_check_run_20260728_143220
Q319,added_200,CD_34347,chengdu,104.0485178,30.69274135,202203,cd_34347_104.04851778_30.6927413455.jpg,D:\StreetView_Project\01_Data\Street_Images\chengdu\cd_streetview\cd_34347_104.04851778_30.6927413455.jpg,5,0.2134008705615997,center,混合城市主干路/公交道路,Q319__cd_34347_104.0485178_30.69274135.jpg,D:\StreetView_Project\03_Output\clip_knn\questionnaire_sample_k25_500_added_200\08F_final500_freeze_run_20260728_145702\01_final_flat_500\Q319__cd_34347_104.0485178_30.69274135.jpg,CD_34347,False,False,matched_not_replaced,Q319__cd_34347_104.04851778_30.6927413455.jpg,D:\StreetView_Project\03_Output\clip_knn\questionnaire_sample_k25_500_added_200\02_images_added_200_by_city_cluster\_08C_final_flat_added_200_after_manual_replacement_check_run_20260728_142934\Q319__cd_34347_104.04851778_30.6927413455.jpg,1c86334d9c514421c753b543175239bb42e7d6cbbacae57f62293c24bdbca7ab,202203,cd_34347_104.04851778_30.6927413455.jpg,D:\StreetView_Project\01_Data\Street_Images\chengdu\cd_streetview\cd_34347_104.04851778_30.6927413455.jpg,D:\StreetView_Project\01_Data\Street_Images\chengdu\cd_streetview\cd_34347_104.04851778_30.6927413455.jpg,0.2134008705615997,D:\StreetView_Project\03_Output\clip_knn\questionnaire_sample_k25_500_added_200\02_images_added_200_by_city_cluster\_08C_final_flat_added_200_after_manual_replacement_check_run_20260728_142934\Q319__cd_34347_104.04851778_30.6927413455.jpg,1c86334d9c514421c753b543175239bb42e7d6cbbacae57f62293c24bdbca7ab,Q319__cd_34347_104.0485178_30.69274135.jpg,D:\StreetView_Project\03_Output\clip_knn\questionnaire_sample_k25_500_added_200\08D_spatial_visual_proximity_check_run_20260728_143220\01_preliminary_flat_500\Q319__cd_34347_104.0485178_30.69274135.jpg,Q319__cd_34347_104.0485178_30.69274135.jpg,D:\StreetView_Project\03_Output\clip_knn\questionnaire_sample_k25_500_added_200\08F_final500_freeze_run_20260728_145702\01_final_flat_500\Q319__cd_34347_104.0485178_30.69274135.jpg,frozen_08F,D:\StreetView_Project\03_Output\clip_knn\questionnaire_sample_k25_500_added_200\08D_spatial_visual_proximity_check_run_20260728_143220
Q320,added_200,CD_54277,chengdu,104.0960692,30.64543826,202304,cd_54277_104.096069164_30.6454382642.jpg,D:\StreetView_Project\01_Data\Street_Images\chengdu\cd_streetview\cd_54277_104.096069164_30.6454382642.jpg,5,0.2172605842351913,center,混合城市主干路/公交道路,Q320__cd_54277_104.0960692_30.64543826.jpg,D:\StreetView_Project\03_Output\clip_knn\questionnaire_sample_k25_500_added_200\08F_final500_freeze_run_20260728_145702\01_final_flat_500\Q320__cd_54277_104.0960692_30.64543826.jpg,CD_55086,True,True,matched_replaced,Q320__cd_54277_104.096069164_30.6454382642.jpg,D:\StreetView_Project\03_Output\clip_knn\questionnaire_sample_k25_500_added_200\02_images_added_200_by_city_cluster\_08C_final_flat_added_200_after_manual_replacement_check_run_20260728_142934\Q320__cd_54277_104.096069164_30.6454382642.jpg,c637a3da3aab111ef649b7cd477b2ccde09c57bdf440596cd55d121e95b0984a,202304,cd_54277_104.096069164_30.6454382642.jpg,D:\StreetView_Project\01_Data\Street_Images\chengdu\cd_streetview\cd_54277_104.096069164_30.6454382642.jpg,D:\StreetView_Project\01_Data\Street_Images\chengdu\cd_streetview\cd_54277_104.096069164_30.6454382642.jpg,0.2172605842351913,D:\StreetView_Project\03_Output\clip_knn\questionnaire_sample_k25_500_added_200\02_images_added_200_by_city_cluster\_08C_final_flat_added_200_after_manual_replacement_check_run_20260728_142934\Q320__cd_54277_104.096069164_30.6454382642.jpg,c637a3da3aab111ef649b7cd477b2ccde09c57bdf440596cd55d121e95b0984a,Q320__cd_54277_104.0960692_30.64543826.jpg,D:\StreetView_Project\03_Output\clip_knn\questionnaire_sample_k25_500_added_200\08D_spatial_visual_proximity_check_run_20260728_143220\01_preliminary_flat_500\Q320__cd_54277_104.0960692_30.64543826.jpg,Q320__cd_54277_104.0960692_30.64543826.jpg,D:\StreetView_Project\03_Output\clip_knn\questionnaire_sample_k25_500_added_200\08F_final500_freeze_run_20260728_145702\01_final_flat_500\Q320__cd_54277_104.0960692_30.64543826.jpg,frozen_08F,D:\StreetView_Project\03_Output\clip_knn\questionnaire_sample_k25_500_added_200\08D_spatial_visual_proximity_check_run_20260728_143220
Q321,added_200,CD_55512,chengdu,104.060947,30.65420857,202303,cd_55512_104.06094697_30.6542085684.jpg,D:\StreetView_Project\01_Data\Street_Images\chengdu\cd_streetview\cd_55512_104.06094697_30.6542085684.jpg,5,0.291076123714447,edge,混合城市主干路/公交道路,Q321__cd_55512_104.060947_30.65420857.jpg,D:\StreetView_Project\03_Output\clip_knn\questionnaire_sample_k25_500_added_200\08F_final500_freeze_run_20260728_145702\01_final_flat_500\Q321__cd_55512_104.060947_30.65420857.jpg,CD_55512,False,False,matched_not_replaced,Q321__cd_55512_104.06094697_30.6542085684.jpg,D:\StreetView_Project\03_Output\clip_knn\questionnaire_sample_k25_500_added_200\02_images_added_200_by_city_cluster\_08C_final_flat_added_200_after_manual_replacement_check_run_20260728_142934\Q321__cd_55512_104.06094697_30.6542085684.jpg,8a91f3f8cbe40d31957cb34e34674768bd02b68631bd68c610e881ef102ddac6,202303,cd_55512_104.06094697_30.6542085684.jpg,D:\StreetView_Project\01_Data\Street_Images\chengdu\cd_streetview\cd_55512_104.06094697_30.6542085684.jpg,D:\StreetView_Project\01_Data\Street_Images\chengdu\cd_streetview\cd_55512_104.06094697_30.6542085684.jpg,0.291076123714447,D:\StreetView_Project\03_Output\clip_knn\questionnaire_sample_k25_500_added_200\02_images_added_200_by_city_cluster\_08C_final_flat_added_200_after_manual_replacement_check_run_20260728_142934\Q321__cd_55512_104.06094697_30.6542085684.jpg,8a91f3f8cbe40d31957cb34e34674768bd02b68631bd68c610e881ef102ddac6,Q321__cd_55512_104.060947_30.65420857.jpg,D:\StreetView_Project\03_Output\clip_knn\questionnaire_sample_k25_500_added_200\08D_spatial_visual_proximity_check_run_20260728_143220\01_preliminary_flat_500\Q321__cd_55512_104.060947_30.65420857.jpg,Q321__cd_55512_104.060947_30.65420857.jpg,D:\StreetView_Project\03_Output\clip_knn\questionnaire_sample_k25_500_added_200\08F_final500_freeze_run_20260728_145702\01_final_flat_500\Q321__cd_55512_104.060947_30.65420857.jpg,frozen_08F,D:\StreetView_Project\03_Output\clip_knn\questionnaire_sample_k25_500_added_200\08D_spatial_visual_proximity_check_run_20260728_143220
Q322,added_200,CD_479894,chengdu,104.1389965,30.66017954,201707,cd_479894_104.138996494_30.6601795443.jpg,D:\StreetView_Project\01_Data\Street_Images\chengdu\cd_streetview\cd_479894_104.138996494_30.6601795443.jpg,6,0.3117009103298187,center,城市边缘/围墙边界/低密道路,Q322__cd_479894_104.1389965_30.66017954.jpg,D:\StreetView_Project\03_Output\clip_knn\questionnaire_sample_k25_500_added_200\08F_final500_freeze_run_20260728_145702\01_final_flat_500\Q322__cd_479894_104.1389965_30.66017954.jpg,CD_479894,False,False,matched_not_replaced,Q322__cd_479894_104.138996494_30.6601795443.jpg,D:\StreetView_Project\03_Output\clip_knn\questionnaire_sample_k25_500_added_200\02_images_added_200_by_city_cluster\_08C_final_flat_added_200_after_manual_replacement_check_run_20260728_142934\Q322__cd_479894_104.138996494_30.6601795443.jpg,a12477d28665f93f8c67b50b23cf9d02a7d8c25971cbcb6d2fabdf9756e154e6,201707,cd_479894_104.138996494_30.6601795443.jpg,D:\StreetView_Project\01_Data\Street_Images\chengdu\cd_streetview\cd_479894_104.138996494_30.6601795443.jpg,D:\StreetView_Project\01_Data\Street_Images\chengdu\cd_streetview\cd_479894_104.138996494_30.6601795443.jpg,0.3117009103298187,D:\StreetView_Project\03_Output\clip_knn\questionnaire_sample_k25_500_added_200\02_images_added_200_by_city_cluster\_08C_final_flat_added_200_after_manual_replacement_check_run_20260728_142934\Q322__cd_479894_104.138996494_30.6601795443.jpg,a12477d28665f93f8c67b50b23cf9d02a7d8c25971cbcb6d2fabdf9756e154e6,Q322__cd_479894_104.1389965_30.66017954.jpg,D:\StreetView_Project\03_Output\clip_knn\questionnaire_sample_k25_500_added_200\08D_spatial_visual_proximity_check_run_20260728_143220\01_preliminary_flat_500\Q322__cd_479894_104.1389965_30.66017954.jpg,Q322__cd_479894_104.1389965_30.66017954.jpg,D:\StreetView_Project\03_Output\clip_knn\questionnaire_sample_k25_500_added_200\08F_final500_freeze_run_20260728_145702\01_final_flat_500\Q322__cd_479894_104.1389965_30.66017954.jpg,frozen_08F,D:\StreetView_Project\03_Output\clip_knn\questionnaire_sample_k25_500_added_200\08D_spatial_visual_proximity_check_run_20260728_143220
Q323,added_200,CD_465763,chengdu,104.0215092,30.61577948,201707,cd_465763_104.021509197_30.6157794791.jpg,D:\StreetView_Project\01_Data\Street_Images\chengdu\cd_streetview\cd_465763_104.021509197_30.6157794791.jpg,6,0.3152556419372559,center,城市边缘/围墙边界/低密道路,Q323__cd_465763_104.0215092_30.61577948.jpg,D:\StreetView_Project\03_Output\clip_knn\questionnaire_sample_k25_500_added_200\08F_final500_freeze_run_20260728_145702\01_final_flat_500\Q323__cd_465763_104.0215092_30.61577948.jpg,CD_465763,False,False,matched_not_replaced,Q323__cd_465763_104.021509197_30.6157794791.jpg,D:\StreetView_Project\03_Output\clip_knn\questionnaire_sample_k25_500_added_200\02_images_added_200_by_city_cluster\_08C_final_flat_added_200_after_manual_replacement_check_run_20260728_142934\Q323__cd_465763_104.021509197_30.6157794791.jpg,3b79df4cf54f07b9e2724361739090dda2e2c2abc90b60fedf319b8281c60a76,201707,cd_465763_104.021509197_30.6157794791.jpg,D:\StreetView_Project\01_Data\Street_Images\chengdu\cd_streetview\cd_465763_104.021509197_30.6157794791.jpg,D:\StreetView_Project\01_Data\Street_Images\chengdu\cd_streetview\cd_465763_104.021509197_30.6157794791.jpg,0.3152556419372559,D:\StreetView_Project\03_Output\clip_knn\questionnaire_sample_k25_500_added_200\02_images_added_200_by_city_cluster\_08C_final_flat_added_200_after_manual_replacement_check_run_20260728_142934\Q323__cd_465763_104.021509197_30.6157794791.jpg,3b79df4cf54f07b9e2724361739090dda2e2c2abc90b60fedf319b8281c60a76,Q323__cd_465763_104.0215092_30.61577948.jpg,D:\StreetView_Project\03_Output\clip_knn\questionnaire_sample_k25_500_added_200\08D_spatial_visual_proximity_check_run_20260728_143220\01_preliminary_flat_500\Q323__cd_465763_104.0215092_30.61577948.jpg,Q323__cd_465763_104.0215092_30.61577948.jpg,D:\StreetView_Project\03_Output\clip_knn\questionnaire_sample_k25_500_added_200\08F_final500_freeze_run_20260728_145702\01_final_flat_500\Q323__cd_465763_104.0215092_30.61577948.jpg,frozen_08F,D:\StreetView_Project\03_Output\clip_knn\questionnaire_sample_k25_500_added_200\08D_spatial_visual_proximity_check_run_20260728_143220
Q324,added_200,CD_423690,chengdu,104.1413474,30.67862347,201904,cd_423690_104.141347363_30.6786234653.jpg,D:\StreetView_Project\01_Data\Street_Images\chengdu\cd_streetview\cd_423690_104.141347363_30.6786234653.jpg,6,0.3343328535556793,middle,城市边缘/围墙边界/低密道路,Q324__cd_423690_104.1413474_30.67862347.jpg,D:\StreetView_Project\03_Output\clip_knn\questionnaire_sample_k25_500_added_200\08F_final500_freeze_run_20260728_145702\01_final_flat_500\Q324__cd_423690_104.1413474_30.67862347.jpg,CD_479892,True,False,detected_but_not_reported,Q324__cd_423690_104.141347363_30.6786234653.jpg,D:\StreetView_Project\03_Output\clip_knn\questionnaire_sample_k25_500_added_200\02_images_added_200_by_city_cluster\_08C_final_flat_added_200_after_manual_replacement_check_run_20260728_142934\Q324__cd_423690_104.141347363_30.6786234653.jpg,a1814fbac7433cee9ede8e4a3b8fd2416b673ba268c9e4691fc042f030397974,201904,cd_423690_104.141347363_30.6786234653.jpg,D:\StreetView_Project\01_Data\Street_Images\chengdu\cd_streetview\cd_423690_104.141347363_30.6786234653.jpg,D:\StreetView_Project\01_Data\Street_Images\chengdu\cd_streetview\cd_423690_104.141347363_30.6786234653.jpg,0.3343328535556793,D:\StreetView_Project\03_Output\clip_knn\questionnaire_sample_k25_500_added_200\02_images_added_200_by_city_cluster\_08C_final_flat_added_200_after_manual_replacement_check_run_20260728_142934\Q324__cd_423690_104.141347363_30.6786234653.jpg,a1814fbac7433cee9ede8e4a3b8fd2416b673ba268c9e4691fc042f030397974,Q324__cd_423690_104.1413474_30.67862347.jpg,D:\StreetView_Project\03_Output\clip_knn\questionnaire_sample_k25_500_added_200\08D_spatial_visual_proximity_check_run_20260728_143220\01_preliminary_flat_500\Q324__cd_423690_104.1413474_30.67862347.jpg,Q324__cd_423690_104.1413474_30.67862347.jpg,D:\StreetView_Project\03_Output\clip_knn\questionnaire_sample_k25_500_added_200\08F_final500_freeze_run_20260728_145702\01_final_flat_500\Q324__cd_423690_104.1413474_30.67862347.jpg,frozen_08F,D:\StreetView_Project\03_Output\clip_knn\questionnaire_sample_k25_500_added_200\08D_spatial_visual_proximity_check_run_20260728_143220
Q325,added_200,CD_464996,chengdu,104.0155993,30.62904742,201707,cd_464996_104.015599305_30.6290474208.jpg,D:\StreetView_Project\01_Data\Street_Images\chengdu\cd_streetview\cd_464996_104.015599305_30.6290474208.jpg,6,0.3653525710105896,edge,城市边缘/围墙边界/低密道路,Q325__cd_464996_104.0155993_30.62904742.jpg,D:\StreetView_Project\03_Output\clip_knn\questionnaire_sample_k25_500_added_200\08F_final500_freeze_run_20260728_145702\01_final_flat_500\Q325__cd_464996_104.0155993_30.62904742.jpg,CD_464996,False,False,matched_not_replaced,Q325__cd_464996_104.015599305_30.6290474208.jpg,D:\StreetView_Project\03_Output\clip_knn\questionnaire_sample_k25_500_added_200\02_images_added_200_by_city_cluster\_08C_final_flat_added_200_after_manual_replacement_check_run_20260728_142934\Q325__cd_464996_104.015599305_30.6290474208.jpg,5a0d8b27383dba40cc6ff10c1da80c59f8768fb3e8dca7956e43da2cb3709517,201707,cd_464996_104.015599305_30.6290474208.jpg,D:\StreetView_Project\01_Data\Street_Images\chengdu\cd_streetview\cd_464996_104.015599305_30.6290474208.jpg,D:\StreetView_Project\01_Data\Street_Images\chengdu\cd_streetview\cd_464996_104.015599305_30.6290474208.jpg,0.3653525710105896,D:\StreetView_Project\03_Output\clip_knn\questionnaire_sample_k25_500_added_200\02_images_added_200_by_city_cluster\_08C_final_flat_added_200_after_manual_replacement_check_run_20260728_142934\Q325__cd_464996_104.015599305_30.6290474208.jpg,5a0d8b27383dba40cc6ff10c1da80c59f8768fb3e8dca7956e43da2cb3709517,Q325__cd_464996_104.0155993_30.62904742.jpg,D:\StreetView_Project\03_Output\clip_knn\questionnaire_sample_k25_500_added_200\08D_spatial_visual_proximity_check_run_20260728_143220\01_preliminary_flat_500\Q325__cd_464996_104.0155993_30.62904742.jpg,Q325__cd_464996_104.0155993_30.62904742.jpg,D:\StreetView_Project\03_Output\clip_knn\questionnaire_sample_k25_500_added_200\08F_final500_freeze_run_20260728_145702\01_final_flat_500\Q325__cd_464996_104.0155993_30.62904742.jpg,frozen_08F,D:\StreetView_Project\03_Output\clip_knn\questionnaire_sample_k25_500_added_200\08D_spatial_visual_proximity_check_run_20260728_143220
Q326,added_200,CD_243538,chengdu,104.1571774,30.67133046,202002,cd_243538_104.157177399_30.6713304575.jpg,D:\StreetView_Project\01_Data\Street_Images\chengdu\cd_streetview\cd_243538_104.157177399_30.6713304575.jpg,7,0.2251748591661453,center,成都开敞桥梁/快速路道路,Q326__cd_243538_104.1571774_30.67133046.jpg,D:\StreetView_Project\03_Output\clip_knn\questionnaire_sample_k25_500_added_200\08F_final500_freeze_run_20260728_145702\01_final_flat_500\Q326__cd_243538_104.1571774_30.67133046.jpg,CD_243538,False,False,matched_not_replaced,Q326__cd_243538_104.157177399_30.6713304575.jpg,D:\StreetView_Project\03_Output\clip_knn\questionnaire_sample_k25_500_added_200\02_images_added_200_by_city_cluster\_08C_final_flat_added_200_after_manual_replacement_check_run_20260728_142934\Q326__cd_243538_104.157177399_30.6713304575.jpg,3b583c32f1d9314b76dc7f0d47a0f9b35ef271ca45075f50a51976a18fa28c65,202002,cd_243538_104.157177399_30.6713304575.jpg,D:\StreetView_Project\01_Data\Street_Images\chengdu\cd_streetview\cd_243538_104.157177399_30.6713304575.jpg,D:\StreetView_Project\01_Data\Street_Images\chengdu\cd_streetview\cd_243538_104.157177399_30.6713304575.jpg,0.2251748591661453,D:\StreetView_Project\03_Output\clip_knn\questionnaire_sample_k25_500_added_200\02_images_added_200_by_city_cluster\_08C_final_flat_added_200_after_manual_replacement_check_run_20260728_142934\Q326__cd_243538_104.157177399_30.6713304575.jpg,3b583c32f1d9314b76dc7f0d47a0f9b35ef271ca45075f50a51976a18fa28c65,Q326__cd_243538_104.1571774_30.67133046.jpg,D:\StreetView_Project\03_Output\clip_knn\questionnaire_sample_k25_500_added_200\08D_spatial_visual_proximity_check_run_20260728_143220\01_preliminary_flat_500\Q326__cd_243538_104.1571774_30.67133046.jpg,Q326__cd_243538_104.1571774_30.67133046.jpg,D:\StreetView_Project\03_Output\clip_knn\questionnaire_sample_k25_500_added_200\08F_final500_freeze_run_20260728_145702\01_final_flat_500\Q326__cd_243538_104.1571774_30.67133046.jpg,frozen_08F,D:\StreetView_Project\03_Output\clip_knn\questionnaire_sample_k25_500_added_200\08D_spatial_visual_proximity_check_run_20260728_143220
Q327,added_200,CD_237755,chengdu,104.0373913,30.6178264,202003,cd_237755_104.037391334_30.6178264002.jpg,D:\StreetView_Project\01_Data\Street_Images\chengdu\cd_streetview\cd_237755_104.037391334_30.6178264002.jpg,7,0.2280480563640594,center,成都开敞桥梁/快速路道路,Q327__cd_237755_104.0373913_30.6178264.jpg,D:\StreetView_Project\03_Output\clip_knn\questionnaire_sample_k25_500_added_200\08F_final500_freeze_run_20260728_145702\01_final_flat_500\Q327__cd_237755_104.0373913_30.6178264.jpg,CD_237755,False,False,matched_not_replaced,Q327__cd_237755_104.037391334_30.6178264002.jpg,D:\StreetView_Project\03_Output\clip_knn\questionnaire_sample_k25_500_added_200\02_images_added_200_by_city_cluster\_08C_final_flat_added_200_after_manual_replacement_check_run_20260728_142934\Q327__cd_237755_104.037391334_30.6178264002.jpg,ef0f469318a2da248fb9791de60f4bccfe039a1d780760dc0cc2707d02c5f8e9,202003,cd_237755_104.037391334_30.6178264002.jpg,D:\StreetView_Project\01_Data\Street_Images\chengdu\cd_streetview\cd_237755_104.037391334_30.6178264002.jpg,D:\StreetView_Project\01_Data\Street_Images\chengdu\cd_streetview\cd_237755_104.037391334_30.6178264002.jpg,0.2280480563640594,D:\StreetView_Project\03_Output\clip_knn\questionnaire_sample_k25_500_added_200\02_images_added_200_by_city_cluster\_08C_final_flat_added_200_after_manual_replacement_check_run_20260728_142934\Q327__cd_237755_104.037391334_30.6178264002.jpg,ef0f469318a2da248fb9791de60f4bccfe039a1d780760dc0cc2707d02c5f8e9,Q327__cd_237755_104.0373913_30.6178264.jpg,D:\StreetView_Project\03_Output\clip_knn\questionnaire_sample_k25_500_added_200\08D_spatial_visual_proximity_check_run_20260728_143220\01_preliminary_flat_500\Q327__cd_237755_104.0373913_30.6178264.jpg,Q327__cd_237755_104.0373913_30.6178264.jpg,D:\StreetView_Project\03_Output\clip_knn\questionnaire_sample_k25_500_added_200\08F_final500_freeze_run_20260728_145702\01_final_flat_500\Q327__cd_237755_104.0373913_30.6178264.jpg,frozen_08F,D:\StreetView_Project\03_Output\clip_knn\questionnaire_sample_k25_500_added_200\08D_spatial_visual_proximity_check_run_20260728_143220
Q328,added_200,CD_221407,chengdu,104.024246,30.71254736,201904,cd_221407_104.024246008_30.7125473624.jpg,D:\StreetView_Project\01_Data\Street_Images\chengdu\cd_streetview\cd_221407_104.024246008_30.7125473624.jpg,7,0.2741001546382904,edge,成都开敞桥梁/快速路道路,Q328__cd_221407_104.024246_30.71254736.jpg,D:\StreetView_Project\03_Output\clip_knn\questionnaire_sample_k25_500_added_200\08F_final500_freeze_run_20260728_145702\01_final_flat_500\Q328__cd_221407_104.024246_30.71254736.jpg,CD_34856,True,True,matched_replaced,Q328__cd_221407_104.024246008_30.7125473624.jpg,D:\StreetView_Project\03_Output\clip_knn\questionnaire_sample_k25_500_added_200\02_images_added_200_by_city_cluster\_08C_final_flat_added_200_after_manual_replacement_check_run_20260728_142934\Q328__cd_221407_104.024246008_30.7125473624.jpg,cf2c1bd38008e25009b11fba7979acca3484095576c61b537fd4264d5b95a149,201904,cd_221407_104.024246008_30.7125473624.jpg,D:\StreetView_Project\01_Data\Street_Images\chengdu\cd_streetview\cd_221407_104.024246008_30.7125473624.jpg,D:\StreetView_Project\01_Data\Street_Images\chengdu\cd_streetview\cd_221407_104.024246008_30.7125473624.jpg,0.2741001546382904,D:\StreetView_Project\03_Output\clip_knn\questionnaire_sample_k25_500_added_200\02_images_added_200_by_city_cluster\_08C_final_flat_added_200_after_manual_replacement_check_run_20260728_142934\Q328__cd_221407_104.024246008_30.7125473624.jpg,cf2c1bd38008e25009b11fba7979acca3484095576c61b537fd4264d5b95a149,Q328__cd_221407_104.024246_30.71254736.jpg,D:\StreetView_Project\03_Output\clip_knn\questionnaire_sample_k25_500_added_200\08D_spatial_visual_proximity_check_run_20260728_143220\01_preliminary_flat_500\Q328__cd_221407_104.024246_30.71254736.jpg,Q328__cd_221407_104.024246_30.71254736.jpg,D:\StreetView_Project\03_Output\clip_knn\questionnaire_sample_k25_500_added_200\08F_final500_freeze_run_20260728_145702\01_final_flat_500\Q328__cd_221407_104.024246_30.71254736.jpg,frozen_08F,D:\StreetView_Project\03_Output\clip_knn\questionnaire_sample_k25_500_added_200\08D_spatial_visual_proximity_check_run_20260728_143220
Q329,added_200,CD_468217,chengdu,104.0754373,30.60564842,202303,cd_468217_104.075437348_30.6056484152.jpg,D:\StreetView_Project\01_Data\Street_Images\chengdu\cd_streetview\cd_468217_104.075437348_30.6056484152.jpg,7,0.2340717613697052,center,成都开敞桥梁/快速路道路,Q329__cd_468217_104.0754373_30.60564842.jpg,D:\StreetView_Project\03_Output\clip_knn\questionnaire_sample_k25_500_added_200\08F_final500_freeze_run_20260728_145702\01_final_flat_500\Q329__cd_468217_104.0754373_30.60564842.jpg,CD_468217,False,False,matched_not_replaced,Q329__cd_468217_104.075437348_30.6056484152.jpg,D:\StreetView_Project\03_Output\clip_knn\questionnaire_sample_k25_500_added_200\02_images_added_200_by_city_cluster\_08C_final_flat_added_200_after_manual_replacement_check_run_20260728_142934\Q329__cd_468217_104.075437348_30.6056484152.jpg,816e0b09877d54cf072642e313103d5263bf0c549f6c37e6f6f23b12df0549af,202303,cd_468217_104.075437348_30.6056484152.jpg,D:\StreetView_Project\01_Data\Street_Images\chengdu\cd_streetview\cd_468217_104.075437348_30.6056484152.jpg,D:\StreetView_Project\01_Data\Street_Images\chengdu\cd_streetview\cd_468217_104.075437348_30.6056484152.jpg,0.2340717613697052,D:\StreetView_Project\03_Output\clip_knn\questionnaire_sample_k25_500_added_200\02_images_added_200_by_city_cluster\_08C_final_flat_added_200_after_manual_replacement_check_run_20260728_142934\Q329__cd_468217_104.075437348_30.6056484152.jpg,816e0b09877d54cf072642e313103d5263bf0c549f6c37e6f6f23b12df0549af,Q329__cd_468217_104.0754373_30.60564842.jpg,D:\StreetView_Project\03_Output\clip_knn\questionnaire_sample_k25_500_added_200\08D_spatial_visual_proximity_check_run_20260728_143220\01_preliminary_flat_500\Q329__cd_468217_104.0754373_30.60564842.jpg,Q329__cd_468217_104.0754373_30.60564842.jpg,D:\StreetView_Project\03_Output\clip_knn\questionnaire_sample_k25_500_added_200\08F_final500_freeze_run_20260728_145702\01_final_flat_500\Q329__cd_468217_104.0754373_30.60564842.jpg,frozen_08F,D:\StreetView_Project\03_Output\clip_knn\questionnaire_sample_k25_500_added_200\08D_spatial_visual_proximity_check_run_20260728_143220
Q330,added_200,CD_50706,chengdu,104.0873236,30.60868533,202003,cd_50706_104.087323612_30.6086853265.jpg,D:\StreetView_Project\01_Data\Street_Images\chengdu\cd_streetview\cd_50706_104.087323612_30.6086853265.jpg,7,0.2434065043926239,middle,成都开敞桥梁/快速路道路,Q330__cd_50706_104.0873236_30.60868533.jpg,D:\StreetView_Project\03_Output\clip_knn\questionnaire_sample_k25_500_added_200\08F_final500_freeze_run_20260728_145702\01_final_flat_500\Q330__cd_50706_104.0873236_30.60868533.jpg,CD_50706,False,False,matched_not_replaced,Q330__cd_50706_104.087323612_30.6086853265.jpg,D:\StreetView_Project\03_Output\clip_knn\questionnaire_sample_k25_500_added_200\02_images_added_200_by_city_cluster\_08C_final_flat_added_200_after_manual_replacement_check_run_20260728_142934\Q330__cd_50706_104.087323612_30.6086853265.jpg,e9a414df2b2babe660dc1163cdb3ec0af72a446909ab267e27742694e36bae25,202003,cd_50706_104.087323612_30.6086853265.jpg,D:\StreetView_Project\01_Data\Street_Images\chengdu\cd_streetview\cd_50706_104.087323612_30.6086853265.jpg,D:\StreetView_Project\01_Data\Street_Images\chengdu\cd_streetview\cd_50706_104.087323612_30.6086853265.jpg,0.2434065043926239,D:\StreetView_Project\03_Output\clip_knn\questionnaire_sample_k25_500_added_200\02_images_added_200_by_city_cluster\_08C_final_flat_added_200_after_manual_replacement_check_run_20260728_142934\Q330__cd_50706_104.087323612_30.6086853265.jpg,e9a414df2b2babe660dc1163cdb3ec0af72a446909ab267e27742694e36bae25,Q330__cd_50706_104.0873236_30.60868533.jpg,D:\StreetView_Project\03_Output\clip_knn\questionnaire_sample_k25_500_added_200\08D_spatial_visual_proximity_check_run_20260728_143220\01_preliminary_flat_500\Q330__cd_50706_104.0873236_30.60868533.jpg,Q330__cd_50706_104.0873236_30.60868533.jpg,D:\StreetView_Project\03_Output\clip_knn\questionnaire_sample_k25_500_added_200\08F_final500_freeze_run_20260728_145702\01_final_flat_500\Q330__cd_50706_104.0873236_30.60868533.jpg,frozen_08F,D:\StreetView_Project\03_Output\clip_knn\questionnaire_sample_k25_500_added_200\08D_spatial_visual_proximity_check_run_20260728_143220
Q331,added_200,CD_243994,chengdu,104.154604,30.67095852,202002,cd_243994_104.15460404_30.670958518.jpg,D:\StreetView_Project\01_Data\Street_Images\chengdu\cd_streetview\cd_243994_104.15460404_30.670958518.jpg,7,0.2474093437194824,middle,成都开敞桥梁/快速路道路,Q331__cd_243994_104.154604_30.67095852.jpg,D:\StreetView_Project\03_Output\clip_knn\questionnaire_sample_k25_500_added_200\08F_final500_freeze_run_20260728_145702\01_final_flat_500\Q331__cd_243994_104.154604_30.67095852.jpg,CD_243994,False,False,matched_not_replaced,Q331__cd_243994_104.15460404_30.670958518.jpg,D:\StreetView_Project\03_Output\clip_knn\questionnaire_sample_k25_500_added_200\02_images_added_200_by_city_cluster\_08C_final_flat_added_200_after_manual_replacement_check_run_20260728_142934\Q331__cd_243994_104.15460404_30.670958518.jpg,120953854089a76708401e8cb4081e3ba452442f805eccbeb4f8dbcac6754303,202002,cd_243994_104.15460404_30.670958518.jpg,D:\StreetView_Project\01_Data\Street_Images\chengdu\cd_streetview\cd_243994_104.15460404_30.670958518.jpg,D:\StreetView_Project\01_Data\Street_Images\chengdu\cd_streetview\cd_243994_104.15460404_30.670958518.jpg,0.2474093437194824,D:\StreetView_Project\03_Output\clip_knn\questionnaire_sample_k25_500_added_200\02_images_added_200_by_city_cluster\_08C_final_flat_added_200_after_manual_replacement_check_run_20260728_142934\Q331__cd_243994_104.15460404_30.670958518.jpg,120953854089a76708401e8cb4081e3ba452442f805eccbeb4f8dbcac6754303,Q331__cd_243994_104.154604_30.67095852.jpg,D:\StreetView_Project\03_Output\clip_knn\questionnaire_sample_k25_500_added_200\08D_spatial_visual_proximity_check_run_20260728_143220\01_preliminary_flat_500\Q331__cd_243994_104.154604_30.67095852.jpg,Q331__cd_243994_104.154604_30.67095852.jpg,D:\StreetView_Project\03_Output\clip_knn\questionnaire_sample_k25_500_added_200\08F_final500_freeze_run_20260728_145702\01_final_flat_500\Q331__cd_243994_104.154604_30.67095852.jpg,frozen_08F,D:\StreetView_Project\03_Output\clip_knn\questionnaire_sample_k25_500_added_200\08D_spatial_visual_proximity_check_run_20260728_143220
Q332,added_200,CD_472983,chengdu,104.0859656,30.65410927,201707,cd_472983_104.08596559_30.654109273.jpg,D:\StreetView_Project\01_Data\Street_Images\chengdu\cd_streetview\cd_472983_104.08596559_30.654109273.jpg,8,0.3093519508838654,edge,重庆高层居住区绿化道路,Q332__cd_472983_104.0859656_30.65410927.jpg,D:\StreetView_Project\03_Output\clip_knn\questionnaire_sample_k25_500_added_200\08F_final500_freeze_run_20260728_145702\01_final_flat_500\Q332__cd_472983_104.0859656_30.65410927.jpg,CD_465638,True,True,matched_replaced,Q332__cd_472983_104.08596559_30.654109273.jpg,D:\StreetView_Project\03_Output\clip_knn\questionnaire_sample_k25_500_added_200\02_images_added_200_by_city_cluster\_08C_final_flat_added_200_after_manual_replacement_check_run_20260728_142934\Q332__cd_472983_104.08596559_30.654109273.jpg,529d1743498dcfe76249181d3da2198cd71e046975991d3edb64258d279bd70b,201707,cd_472983_104.08596559_30.654109273.jpg,D:\StreetView_Project\01_Data\Street_Images\chengdu\cd_streetview\cd_472983_104.08596559_30.654109273.jpg,D:\StreetView_Project\01_Data\Street_Images\chengdu\cd_streetview\cd_472983_104.08596559_30.654109273.jpg,0.3093519508838654,D:\StreetView_Project\03_Output\clip_knn\questionnaire_sample_k25_500_added_200\02_images_added_200_by_city_cluster\_08C_final_flat_added_200_after_manual_replacement_check_run_20260728_142934\Q332__cd_472983_104.08596559_30.654109273.jpg,529d1743498dcfe76249181d3da2198cd71e046975991d3edb64258d279bd70b,Q332__cd_472983_104.0859656_30.65410927.jpg,D:\StreetView_Project\03_Output\clip_knn\questionnaire_sample_k25_500_added_200\08D_spatial_visual_proximity_check_run_20260728_143220\01_preliminary_flat_500\Q332__cd_472983_104.0859656_30.65410927.jpg,Q332__cd_472983_104.0859656_30.65410927.jpg,D:\StreetView_Project\03_Output\clip_knn\questionnaire_sample_k25_500_added_200\08F_final500_freeze_run_20260728_145702\01_final_flat_500\Q332__cd_472983_104.0859656_30.65410927.jpg,frozen_08F,D:\StreetView_Project\03_Output\clip_knn\questionnaire_sample_k25_500_added_200\08D_spatial_visual_proximity_check_run_20260728_143220
Q333,added_200,CD_29423,chengdu,103.9884309,30.66830497,201707,cd_29423_103.988430885_30.6683049659.jpg,D:\StreetView_Project\01_Data\Street_Images\chengdu\cd_streetview\cd_29423_103.988430885_30.6683049659.jpg,8,0.2411876618862152,center,重庆高层居住区绿化道路,Q333__cd_29423_103.9884309_30.66830497.jpg,D:\StreetView_Project\03_Output\clip_knn\questionnaire_sample_k25_500_added_200\08F_final500_freeze_run_20260728_145702\01_final_flat_500\Q333__cd_29423_103.9884309_30.66830497.jpg,CD_477191,True,True,matched_replaced,Q333__cd_29423_103.988430885_30.6683049659.jpg,D:\StreetView_Project\03_Output\clip_knn\questionnaire_sample_k25_500_added_200\02_images_added_200_by_city_cluster\_08C_final_flat_added_200_after_manual_replacement_check_run_20260728_142934\Q333__cd_29423_103.988430885_30.6683049659.jpg,a77c2a011452632e78085c5663fb29ab3d6ea935a30c494e5dc2434b39db77d8,201707,cd_29423_103.988430885_30.6683049659.jpg,D:\StreetView_Project\01_Data\Street_Images\chengdu\cd_streetview\cd_29423_103.988430885_30.6683049659.jpg,D:\StreetView_Project\01_Data\Street_Images\chengdu\cd_streetview\cd_29423_103.988430885_30.6683049659.jpg,0.2411876618862152,D:\StreetView_Project\03_Output\clip_knn\questionnaire_sample_k25_500_added_200\02_images_added_200_by_city_cluster\_08C_final_flat_added_200_after_manual_replacement_check_run_20260728_142934\Q333__cd_29423_103.988430885_30.6683049659.jpg,a77c2a011452632e78085c5663fb29ab3d6ea935a30c494e5dc2434b39db77d8,Q333__cd_29423_103.9884309_30.66830497.jpg,D:\StreetView_Project\03_Output\clip_knn\questionnaire_sample_k25_500_added_200\08D_spatial_visual_proximity_check_run_20260728_143220\01_preliminary_flat_500\Q333__cd_29423_103.9884309_30.66830497.jpg,Q333__cd_29423_103.9884309_30.66830497.jpg,D:\StreetView_Project\03_Output\clip_knn\questionnaire_sample_k25_500_added_200\08F_final500_freeze_run_20260728_145702\01_final_flat_500\Q333__cd_29423_103.9884309_30.66830497.jpg,frozen_08F,D:\StreetView_Project\03_Output\clip_knn\questionnaire_sample_k25_500_added_200\08D_spatial_visual_proximity_check_run_20260728_143220
Q334,added_200,CD_417311,chengdu,104.1195683,30.67713908,201408,cd_417311_104.119568262_30.6771390755.jpg,D:\StreetView_Project\01_Data\Street_Images\chengdu\cd_streetview\cd_417311_104.119568262_30.6771390755.jpg,8,0.3330437839031219,edge,重庆高层居住区绿化道路,Q334__cd_417311_104.1195683_30.67713908.jpg,D:\StreetView_Project\03_Output\clip_knn\questionnaire_sample_k25_500_added_200\08F_final500_freeze_run_20260728_145702\01_final_flat_500\Q334__cd_417311_104.1195683_30.67713908.jpg,CD_417311,False,False,matched_not_replaced,Q334__cd_417311_104.119568262_30.6771390755.jpg,D:\StreetView_Project\03_Output\clip_knn\questionnaire_sample_k25_500_added_200\02_images_added_200_by_city_cluster\_08C_final_flat_added_200_after_manual_replacement_check_run_20260728_142934\Q334__cd_417311_104.119568262_30.6771390755.jpg,173e3111906919c1150ba104cd8f2f9559ce7520423bbb09d0b653225fe99580,201408,cd_417311_104.119568262_30.6771390755.jpg,D:\StreetView_Project\01_Data\Street_Images\chengdu\cd_streetview\cd_417311_104.119568262_30.6771390755.jpg,D:\StreetView_Project\01_Data\Street_Images\chengdu\cd_streetview\cd_417311_104.119568262_30.6771390755.jpg,0.3330437839031219,D:\StreetView_Project\03_Output\clip_knn\questionnaire_sample_k25_500_added_200\02_images_added_200_by_city_cluster\_08C_final_flat_added_200_after_manual_replacement_check_run_20260728_142934\Q334__cd_417311_104.119568262_30.6771390755.jpg,173e3111906919c1150ba104cd8f2f9559ce7520423bbb09d0b653225fe99580,Q334__cd_417311_104.1195683_30.67713908.jpg,D:\StreetView_Project\03_Output\clip_knn\questionnaire_sample_k25_500_added_200\08D_spatial_visual_proximity_check_run_20260728_143220\01_preliminary_flat_500\Q334__cd_417311_104.1195683_30.67713908.jpg,Q334__cd_417311_104.1195683_30.67713908.jpg,D:\StreetView_Project\03_Output\clip_knn\questionnaire_sample_k25_500_added_200\08F_final500_freeze_run_20260728_145702\01_final_flat_500\Q334__cd_417311_104.1195683_30.67713908.jpg,frozen_08F,D:\StreetView_Project\03_Output\clip_knn\questionnaire_sample_k25_500_added_200\08D_spatial_visual_proximity_check_run_20260728_143220
Q335,added_200,CD_416380,chengdu,104.1063392,30.69240775,202304,cd_416380_104.106339169_30.6924077469.jpg,D:\StreetView_Project\01_Data\Street_Images\chengdu\cd_streetview\cd_416380_104.106339169_30.6924077469.jpg,9,0.2168192714452744,center,成都中心城区规整主干路,Q335__cd_416380_104.1063392_30.69240775.jpg,D:\StreetView_Project\03_Output\clip_knn\questionnaire_sample_k25_500_added_200\08F_final500_freeze_run_20260728_145702\01_final_flat_500\Q335__cd_416380_104.1063392_30.69240775.jpg,CD_416380,False,False,matched_not_replaced,Q335__cd_416380_104.106339169_30.6924077469.jpg,D:\StreetView_Project\03_Output\clip_knn\questionnaire_sample_k25_500_added_200\02_images_added_200_by_city_cluster\_08C_final_flat_added_200_after_manual_replacement_check_run_20260728_142934\Q335__cd_416380_104.106339169_30.6924077469.jpg,ba3ee96d1785e963563e1601b2cd709b0bc96ba2bea9672e5da7ff31dcd303ed,202304,cd_416380_104.106339169_30.6924077469.jpg,D:\StreetView_Project\01_Data\Street_Images\chengdu\cd_streetview\cd_416380_104.106339169_30.6924077469.jpg,D:\StreetView_Project\01_Data\Street_Images\chengdu\cd_streetview\cd_416380_104.106339169_30.6924077469.jpg,0.2168192714452744,D:\StreetView_Project\03_Output\clip_knn\questionnaire_sample_k25_500_added_200\02_images_added_200_by_city_cluster\_08C_final_flat_added_200_after_manual_replacement_check_run_20260728_142934\Q335__cd_416380_104.106339169_30.6924077469.jpg,ba3ee96d1785e963563e1601b2cd709b0bc96ba2bea9672e5da7ff31dcd303ed,Q335__cd_416380_104.1063392_30.69240775.jpg,D:\StreetView_Project\03_Output\clip_knn\questionnaire_sample_k25_500_added_200\08D_spatial_visual_proximity_check_run_20260728_143220\01_preliminary_flat_500\Q335__cd_416380_104.1063392_30.69240775.jpg,Q335__cd_416380_104.1063392_30.69240775.jpg,D:\StreetView_Project\03_Output\clip_knn\questionnaire_sample_k25_500_added_200\08F_final500_freeze_run_20260728_145702\01_final_flat_500\Q335__cd_416380_104.1063392_30.69240775.jpg,frozen_08F,D:\StreetView_Project\03_Output\clip_knn\questionnaire_sample_k25_500_added_200\08D_spatial_visual_proximity_check_run_20260728_143220
Q336,added_200,CD_33323,chengdu,104.0592457,30.72335983,202304,cd_33323_104.059245701_30.7233598327.jpg,D:\StreetView_Project\01_Data\Street_Images\chengdu\cd_streetview\cd_33323_104.059245701_30.7233598327.jpg,9,0.2196138203144073,center,成都中心城区规整主干路,Q336__cd_33323_104.0592457_30.72335983.jpg,D:\StreetView_Project\03_Output\clip_knn\questionnaire_sample_k25_500_added_200\08F_final500_freeze_run_20260728_145702\01_final_flat_500\Q336__cd_33323_104.0592457_30.72335983.jpg,CD_33323,False,False,matched_not_replaced,Q336__cd_33323_104.059245701_30.7233598327.jpg,D:\StreetView_Project\03_Output\clip_knn\questionnaire_sample_k25_500_added_200\02_images_added_200_by_city_cluster\_08C_final_flat_added_200_after_manual_replacement_check_run_20260728_142934\Q336__cd_33323_104.059245701_30.7233598327.jpg,088ed75884c494fcf68d996e370cd4f9b464c58dc6fd493a4c635a019661f300,202304,cd_33323_104.059245701_30.7233598327.jpg,D:\StreetView_Project\01_Data\Street_Images\chengdu\cd_streetview\cd_33323_104.059245701_30.7233598327.jpg,D:\StreetView_Project\01_Data\Street_Images\chengdu\cd_streetview\cd_33323_104.059245701_30.7233598327.jpg,0.2196138203144073,D:\StreetView_Project\03_Output\clip_knn\questionnaire_sample_k25_500_added_200\02_images_added_200_by_city_cluster\_08C_final_flat_added_200_after_manual_replacement_check_run_20260728_142934\Q336__cd_33323_104.059245701_30.7233598327.jpg,088ed75884c494fcf68d996e370cd4f9b464c58dc6fd493a4c635a019661f300,Q336__cd_33323_104.0592457_30.72335983.jpg,D:\StreetView_Project\03_Output\clip_knn\questionnaire_sample_k25_500_added_200\08D_spatial_visual_proximity_check_run_20260728_143220\01_preliminary_flat_500\Q336__cd_33323_104.0592457_30.72335983.jpg,Q336__cd_33323_104.0592457_30.72335983.jpg,D:\StreetView_Project\03_Output\clip_knn\questionnaire_sample_k25_500_added_200\08F_final500_freeze_run_20260728_145702\01_final_flat_500\Q336__cd_33323_104.0592457_30.72335983.jpg,frozen_08F,D:\StreetView_Project\03_Output\clip_knn\questionnaire_sample_k25_500_added_200\08D_spatial_visual_proximity_check_run_20260728_143220
Q337,added_200,CD_33792,chengdu,104.0522349,30.68192556,202303,cd_33792_104.052234927_30.681925555.jpg,D:\StreetView_Project\01_Data\Street_Images\chengdu\cd_streetview\cd_33792_104.052234927_30.681925555.jpg,9,0.2361468970775604,middle,成都中心城区规整主干路,Q337__cd_33792_104.0522349_30.68192556.jpg,D:\StreetView_Project\03_Output\clip_knn\questionnaire_sample_k25_500_added_200\08F_final500_freeze_run_20260728_145702\01_final_flat_500\Q337__cd_33792_104.0522349_30.68192556.jpg,CD_33792,False,False,matched_not_replaced,Q337__cd_33792_104.052234927_30.681925555.jpg,D:\StreetView_Project\03_Output\clip_knn\questionnaire_sample_k25_500_added_200\02_images_added_200_by_city_cluster\_08C_final_flat_added_200_after_manual_replacement_check_run_20260728_142934\Q337__cd_33792_104.052234927_30.681925555.jpg,46e8919507250e41270c88e940f742f1bbb81897ae3b374f98e25be6c2464afa,202303,cd_33792_104.052234927_30.681925555.jpg,D:\StreetView_Project\01_Data\Street_Images\chengdu\cd_streetview\cd_33792_104.052234927_30.681925555.jpg,D:\StreetView_Project\01_Data\Street_Images\chengdu\cd_streetview\cd_33792_104.052234927_30.681925555.jpg,0.2361468970775604,D:\StreetView_Project\03_Output\clip_knn\questionnaire_sample_k25_500_added_200\02_images_added_200_by_city_cluster\_08C_final_flat_added_200_after_manual_replacement_check_run_20260728_142934\Q337__cd_33792_104.052234927_30.681925555.jpg,46e8919507250e41270c88e940f742f1bbb81897ae3b374f98e25be6c2464afa,Q337__cd_33792_104.0522349_30.68192556.jpg,D:\StreetView_Project\03_Output\clip_knn\questionnaire_sample_k25_500_added_200\08D_spatial_visual_proximity_check_run_20260728_143220\01_preliminary_flat_500\Q337__cd_33792_104.0522349_30.68192556.jpg,Q337__cd_33792_104.0522349_30.68192556.jpg,D:\StreetView_Project\03_Output\clip_knn\questionnaire_sample_k25_500_added_200\08F_final500_freeze_run_20260728_145702\01_final_flat_500\Q337__cd_33792_104.0522349_30.68192556.jpg,frozen_08F,D:\StreetView_Project\03_Output\clip_knn\questionnaire_sample_k25_500_added_200\08D_spatial_visual_proximity_check_run_20260728_143220
Q338,added_200,CD_56970,chengdu,104.128609,30.61915514,202304,cd_56970_104.128608968_30.6191551412.jpg,D:\StreetView_Project\01_Data\Street_Images\chengdu\cd_streetview\cd_56970_104.128608968_30.6191551412.jpg,9,0.2494531869888306,middle,成都中心城区规整主干路,Q338__cd_56970_104.128609_30.61915514.jpg,D:\StreetView_Project\03_Output\clip_knn\questionnaire_sample_k25_500_added_200\08F_final500_freeze_run_20260728_145702\01_final_flat_500\Q338__cd_56970_104.128609_30.61915514.jpg,CD_56970,False,False,matched_not_replaced,Q338__cd_56970_104.128608968_30.6191551412.jpg,D:\StreetView_Project\03_Output\clip_knn\questionnaire_sample_k25_500_added_200\02_images_added_200_by_city_cluster\_08C_final_flat_added_200_after_manual_replacement_check_run_20260728_142934\Q338__cd_56970_104.128608968_30.6191551412.jpg,d010bded7c67123bc91375942783489f9c840be64f3605e039d98b7475fee49e,202304,cd_56970_104.128608968_30.6191551412.jpg,D:\StreetView_Project\01_Data\Street_Images\chengdu\cd_streetview\cd_56970_104.128608968_30.6191551412.jpg,D:\StreetView_Project\01_Data\Street_Images\chengdu\cd_streetview\cd_56970_104.128608968_30.6191551412.jpg,0.2494531869888306,D:\StreetView_Project\03_Output\clip_knn\questionnaire_sample_k25_500_added_200\02_images_added_200_by_city_cluster\_08C_final_flat_added_200_after_manual_replacement_check_run_20260728_142934\Q338__cd_56970_104.128608968_30.6191551412.jpg,d010bded7c67123bc91375942783489f9c840be64f3605e039d98b7475fee49e,Q338__cd_56970_104.128609_30.61915514.jpg,D:\StreetView_Project\03_Output\clip_knn\questionnaire_sample_k25_500_added_200\08D_spatial_visual_proximity_check_run_20260728_143220\01_preliminary_flat_500\Q338__cd_56970_104.128609_30.61915514.jpg,Q338__cd_56970_104.128609_30.61915514.jpg,D:\StreetView_Project\03_Output\clip_knn\questionnaire_sample_k25_500_added_200\08F_final500_freeze_run_20260728_145702\01_final_flat_500\Q338__cd_56970_104.128609_30.61915514.jpg,frozen_08F,D:\StreetView_Project\03_Output\clip_knn\questionnaire_sample_k25_500_added_200\08D_spatial_visual_proximity_check_run_20260728_143220
Q339,added_200,CD_55461,chengdu,104.0649435,30.66085495,202303,cd_55461_104.064943484_30.6608549495.jpg,D:\StreetView_Project\01_Data\Street_Images\chengdu\cd_streetview\cd_55461_104.064943484_30.6608549495.jpg,9,0.2414430975914001,middle,成都中心城区规整主干路,Q339__cd_55461_104.0649435_30.66085495.jpg,D:\StreetView_Project\03_Output\clip_knn\questionnaire_sample_k25_500_added_200\08F_final500_freeze_run_20260728_145702\01_final_flat_500\Q339__cd_55461_104.0649435_30.66085495.jpg,CD_54502,True,True,matched_replaced,Q339__cd_55461_104.064943484_30.6608549495.jpg,D:\StreetView_Project\03_Output\clip_knn\questionnaire_sample_k25_500_added_200\02_images_added_200_by_city_cluster\_08C_final_flat_added_200_after_manual_replacement_check_run_20260728_142934\Q339__cd_55461_104.064943484_30.6608549495.jpg,09b8b70ecddbcc294b96de081586ddef2f620f5732d35ba24fddb20e7378ed77,202303,cd_55461_104.064943484_30.6608549495.jpg,D:\StreetView_Project\01_Data\Street_Images\chengdu\cd_streetview\cd_55461_104.064943484_30.6608549495.jpg,D:\StreetView_Project\01_Data\Street_Images\chengdu\cd_streetview\cd_55461_104.064943484_30.6608549495.jpg,0.2414430975914001,D:\StreetView_Project\03_Output\clip_knn\questionnaire_sample_k25_500_added_200\02_images_added_200_by_city_cluster\_08C_final_flat_added_200_after_manual_replacement_check_run_20260728_142934\Q339__cd_55461_104.064943484_30.6608549495.jpg,09b8b70ecddbcc294b96de081586ddef2f620f5732d35ba24fddb20e7378ed77,Q339__cd_55461_104.0649435_30.66085495.jpg,D:\StreetView_Project\03_Output\clip_knn\questionnaire_sample_k25_500_added_200\08D_spatial_visual_proximity_check_run_20260728_143220\01_preliminary_flat_500\Q339__cd_55461_104.0649435_30.66085495.jpg,Q339__cd_55461_104.0649435_30.66085495.jpg,D:\StreetView_Project\03_Output\clip_knn\questionnaire_sample_k25_500_added_200\08F_final500_freeze_run_20260728_145702\01_final_flat_500\Q339__cd_55461_104.0649435_30.66085495.jpg,frozen_08F,D:\StreetView_Project\03_Output\clip_knn\questionnaire_sample_k25_500_added_200\08D_spatial_visual_proximity_check_run_20260728_143220
Q340,added_200,CD_58448,chengdu,104.1301421,30.62416855,202304,cd_58448_104.130142133_30.6241685463.jpg,D:\StreetView_Project\01_Data\Street_Images\chengdu\cd_streetview\cd_58448_104.130142133_30.6241685463.jpg,9,0.2536140978336334,edge,成都中心城区规整主干路,Q340__cd_58448_104.1301421_30.62416855.jpg,D:\StreetView_Project\03_Output\clip_knn\questionnaire_sample_k25_500_added_200\08F_final500_freeze_run_20260728_145702\01_final_flat_500\Q340__cd_58448_104.1301421_30.62416855.jpg,CD_58448,False,False,matched_not_replaced,Q340__cd_58448_104.130142133_30.6241685463.jpg,D:\StreetView_Project\03_Output\clip_knn\questionnaire_sample_k25_500_added_200\02_images_added_200_by_city_cluster\_08C_final_flat_added_200_after_manual_replacement_check_run_20260728_142934\Q340__cd_58448_104.130142133_30.6241685463.jpg,65f514d6f0f995032ed693f1dc220a9b59a58ab9be92bb983e5d47ba5ff2697b,202304,cd_58448_104.130142133_30.6241685463.jpg,D:\StreetView_Project\01_Data\Street_Images\chengdu\cd_streetview\cd_58448_104.130142133_30.6241685463.jpg,D:\StreetView_Project\01_Data\Street_Images\chengdu\cd_streetview\cd_58448_104.130142133_30.6241685463.jpg,0.2536140978336334,D:\StreetView_Project\03_Output\clip_knn\questionnaire_sample_k25_500_added_200\02_images_added_200_by_city_cluster\_08C_final_flat_added_200_after_manual_replacement_check_run_20260728_142934\Q340__cd_58448_104.130142133_30.6241685463.jpg,65f514d6f0f995032ed693f1dc220a9b59a58ab9be92bb983e5d47ba5ff2697b,Q340__cd_58448_104.1301421_30.62416855.jpg,D:\StreetView_Project\03_Output\clip_knn\questionnaire_sample_k25_500_added_200\08D_spatial_visual_proximity_check_run_20260728_143220\01_preliminary_flat_500\Q340__cd_58448_104.1301421_30.62416855.jpg,Q340__cd_58448_104.1301421_30.62416855.jpg,D:\StreetView_Project\03_Output\clip_knn\questionnaire_sample_k25_500_added_200\08F_final500_freeze_run_20260728_145702\01_final_flat_500\Q340__cd_58448_104.1301421_30.62416855.jpg,frozen_08F,D:\StreetView_Project\03_Output\clip_knn\questionnaire_sample_k25_500_added_200\08D_spatial_visual_proximity_check_run_20260728_143220
Q341,added_200,CD_34028,chengdu,104.0779767,30.68073184,202002,cd_34028_104.077976676_30.6807318393.jpg,D:\StreetView_Project\01_Data\Street_Images\chengdu\cd_streetview\cd_34028_104.077976676_30.6807318393.jpg,9,0.2686007618904114,edge,成都中心城区规整主干路,Q341__cd_34028_104.0779767_30.68073184.jpg,D:\StreetView_Project\03_Output\clip_knn\questionnaire_sample_k25_500_added_200\08F_final500_freeze_run_20260728_145702\01_final_flat_500\Q341__cd_34028_104.0779767_30.68073184.jpg,CD_39660,True,True,matched_replaced,Q341__cd_34028_104.077976676_30.6807318393.jpg,D:\StreetView_Project\03_Output\clip_knn\questionnaire_sample_k25_500_added_200\02_images_added_200_by_city_cluster\_08C_final_flat_added_200_after_manual_replacement_check_run_20260728_142934\Q341__cd_34028_104.077976676_30.6807318393.jpg,f8e37239155904e0b12095c83dbfa8fcbfef959fbee4de571a4b8920aee4340d,202002,cd_34028_104.077976676_30.6807318393.jpg,D:\StreetView_Project\01_Data\Street_Images\chengdu\cd_streetview\cd_34028_104.077976676_30.6807318393.jpg,D:\StreetView_Project\01_Data\Street_Images\chengdu\cd_streetview\cd_34028_104.077976676_30.6807318393.jpg,0.2686007618904114,D:\StreetView_Project\03_Output\clip_knn\questionnaire_sample_k25_500_added_200\02_images_added_200_by_city_cluster\_08C_final_flat_added_200_after_manual_replacement_check_run_20260728_142934\Q341__cd_34028_104.077976676_30.6807318393.jpg,f8e37239155904e0b12095c83dbfa8fcbfef959fbee4de571a4b8920aee4340d,Q341__cd_34028_104.0779767_30.68073184.jpg,D:\StreetView_Project\03_Output\clip_knn\questionnaire_sample_k25_500_added_200\08D_spatial_visual_proximity_check_run_20260728_143220\01_preliminary_flat_500\Q341__cd_34028_104.0779767_30.68073184.jpg,Q341__cd_34028_104.0779767_30.68073184.jpg,D:\StreetView_Project\03_Output\clip_knn\questionnaire_sample_k25_500_added_200\08F_final500_freeze_run_20260728_145702\01_final_flat_500\Q341__cd_34028_104.0779767_30.68073184.jpg,frozen_08F,D:\StreetView_Project\03_Output\clip_knn\questionnaire_sample_k25_500_added_200\08D_spatial_visual_proximity_check_run_20260728_143220
Q342,added_200,CD_420947,chengdu,104.0465833,30.7069976,202304,cd_420947_104.046583316_30.7069976033.jpg,D:\StreetView_Project\01_Data\Street_Images\chengdu\cd_streetview\cd_420947_104.046583316_30.7069976033.jpg,10,0.2038455754518509,center,林荫遮蔽街道,Q342__cd_420947_104.0465833_30.7069976.jpg,D:\StreetView_Project\03_Output\clip_knn\questionnaire_sample_k25_500_added_200\08F_final500_freeze_run_20260728_145702\01_final_flat_500\Q342__cd_420947_104.0465833_30.7069976.jpg,CD_420947,False,False,matched_not_replaced,Q342__cd_420947_104.046583316_30.7069976033.jpg,D:\StreetView_Project\03_Output\clip_knn\questionnaire_sample_k25_500_added_200\02_images_added_200_by_city_cluster\_08C_final_flat_added_200_after_manual_replacement_check_run_20260728_142934\Q342__cd_420947_104.046583316_30.7069976033.jpg,99e0cf4308f05933aa817db3a8a7867f6cb1ef2b9e6d799d0e691d91646b9485,202304,cd_420947_104.046583316_30.7069976033.jpg,D:\StreetView_Project\01_Data\Street_Images\chengdu\cd_streetview\cd_420947_104.046583316_30.7069976033.jpg,D:\StreetView_Project\01_Data\Street_Images\chengdu\cd_streetview\cd_420947_104.046583316_30.7069976033.jpg,0.2038455754518509,D:\StreetView_Project\03_Output\clip_knn\questionnaire_sample_k25_500_added_200\02_images_added_200_by_city_cluster\_08C_final_flat_added_200_after_manual_replacement_check_run_20260728_142934\Q342__cd_420947_104.046583316_30.7069976033.jpg,99e0cf4308f05933aa817db3a8a7867f6cb1ef2b9e6d799d0e691d91646b9485,Q342__cd_420947_104.0465833_30.7069976.jpg,D:\StreetView_Project\03_Output\clip_knn\questionnaire_sample_k25_500_added_200\08D_spatial_visual_proximity_check_run_20260728_143220\01_preliminary_flat_500\Q342__cd_420947_104.0465833_30.7069976.jpg,Q342__cd_420947_104.0465833_30.7069976.jpg,D:\StreetView_Project\03_Output\clip_knn\questionnaire_sample_k25_500_added_200\08F_final500_freeze_run_20260728_145702\01_final_flat_500\Q342__cd_420947_104.0465833_30.7069976.jpg,frozen_08F,D:\StreetView_Project\03_Output\clip_knn\questionnaire_sample_k25_500_added_200\08D_spatial_visual_proximity_check_run_20260728_143220
Q343,added_200,CD_411640,chengdu,104.091018,30.71551685,202304,cd_411640_104.091017997_30.7155168472.jpg,D:\StreetView_Project\01_Data\Street_Images\chengdu\cd_streetview\cd_411640_104.091017997_30.7155168472.jpg,10,0.2185671478509903,center,林荫遮蔽街道,Q343__cd_411640_104.091018_30.71551685.jpg,D:\StreetView_Project\03_Output\clip_knn\questionnaire_sample_k25_500_added_200\08F_final500_freeze_run_20260728_145702\01_final_flat_500\Q343__cd_411640_104.091018_30.71551685.jpg,CD_471958,True,True,matched_replaced,Q343__cd_411640_104.091017997_30.7155168472.jpg,D:\StreetView_Project\03_Output\clip_knn\questionnaire_sample_k25_500_added_200\02_images_added_200_by_city_cluster\_08C_final_flat_added_200_after_manual_replacement_check_run_20260728_142934\Q343__cd_411640_104.091017997_30.7155168472.jpg,f80ec39df0039a78f6e47bccbee3dd46eda79d815126e6adad5e7f176f239287,202304,cd_411640_104.091017997_30.7155168472.jpg,D:\StreetView_Project\01_Data\Street_Images\chengdu\cd_streetview\cd_411640_104.091017997_30.7155168472.jpg,D:\StreetView_Project\01_Data\Street_Images\chengdu\cd_streetview\cd_411640_104.091017997_30.7155168472.jpg,0.2185671478509903,D:\StreetView_Project\03_Output\clip_knn\questionnaire_sample_k25_500_added_200\02_images_added_200_by_city_cluster\_08C_final_flat_added_200_after_manual_replacement_check_run_20260728_142934\Q343__cd_411640_104.091017997_30.7155168472.jpg,f80ec39df0039a78f6e47bccbee3dd46eda79d815126e6adad5e7f176f239287,Q343__cd_411640_104.091018_30.71551685.jpg,D:\StreetView_Project\03_Output\clip_knn\questionnaire_sample_k25_500_added_200\08D_spatial_visual_proximity_check_run_20260728_143220\01_preliminary_flat_500\Q343__cd_411640_104.091018_30.71551685.jpg,Q343__cd_411640_104.091018_30.71551685.jpg,D:\StreetView_Project\03_Output\clip_knn\questionnaire_sample_k25_500_added_200\08F_final500_freeze_run_20260728_145702\01_final_flat_500\Q343__cd_411640_104.091018_30.71551685.jpg,frozen_08F,D:\StreetView_Project\03_Output\clip_knn\questionnaire_sample_k25_500_added_200\08D_spatial_visual_proximity_check_run_20260728_143220
Q344,added_200,CD_473638,chengdu,104.0573488,30.66279843,201904,cd_473638_104.057348821_30.6627984318.jpg,D:\StreetView_Project\01_Data\Street_Images\chengdu\cd_streetview\cd_473638_104.057348821_30.6627984318.jpg,10,0.2439858615398407,center,林荫遮蔽街道,Q344__cd_473638_104.0573488_30.66279843.jpg,D:\StreetView_Project\03_Output\clip_knn\questionnaire_sample_k25_500_added_200\08F_final500_freeze_run_20260728_145702\01_final_flat_500\Q344__cd_473638_104.0573488_30.66279843.jpg,CD_473638,False,False,matched_not_replaced,Q344__cd_473638_104.057348821_30.6627984318.jpg,D:\StreetView_Project\03_Output\clip_knn\questionnaire_sample_k25_500_added_200\02_images_added_200_by_city_cluster\_08C_final_flat_added_200_after_manual_replacement_check_run_20260728_142934\Q344__cd_473638_104.057348821_30.6627984318.jpg,67383337e568b0da0beef7a91a1ef4c6803523c9d8d876a1af0450963b498424,201904,cd_473638_104.057348821_30.6627984318.jpg,D:\StreetView_Project\01_Data\Street_Images\chengdu\cd_streetview\cd_473638_104.057348821_30.6627984318.jpg,D:\StreetView_Project\01_Data\Street_Images\chengdu\cd_streetview\cd_473638_104.057348821_30.6627984318.jpg,0.2439858615398407,D:\StreetView_Project\03_Output\clip_knn\questionnaire_sample_k25_500_added_200\02_images_added_200_by_city_cluster\_08C_final_flat_added_200_after_manual_replacement_check_run_20260728_142934\Q344__cd_473638_104.057348821_30.6627984318.jpg,67383337e568b0da0beef7a91a1ef4c6803523c9d8d876a1af0450963b498424,Q344__cd_473638_104.0573488_30.66279843.jpg,D:\StreetView_Project\03_Output\clip_knn\questionnaire_sample_k25_500_added_200\08D_spatial_visual_proximity_check_run_20260728_143220\01_preliminary_flat_500\Q344__cd_473638_104.0573488_30.66279843.jpg,Q344__cd_473638_104.0573488_30.66279843.jpg,D:\StreetView_Project\03_Output\clip_knn\questionnaire_sample_k25_500_added_200\08F_final500_freeze_run_20260728_145702\01_final_flat_500\Q344__cd_473638_104.0573488_30.66279843.jpg,frozen_08F,D:\StreetView_Project\03_Output\clip_knn\questionnaire_sample_k25_500_added_200\08D_spatial_visual_proximity_check_run_20260728_143220
Q345,added_200,CD_411637,chengdu,104.0903133,30.71652041,201903,cd_411637_104.090313301_30.7165204116.jpg,D:\StreetView_Project\01_Data\Street_Images\chengdu\cd_streetview\cd_411637_104.090313301_30.7165204116.jpg,10,0.3013087511062622,edge,林荫遮蔽街道,Q345__cd_411637_104.0903133_30.71652041.jpg,D:\StreetView_Project\03_Output\clip_knn\questionnaire_sample_k25_500_added_200\08F_final500_freeze_run_20260728_145702\01_final_flat_500\Q345__cd_411637_104.0903133_30.71652041.jpg,CD_411637,False,False,matched_not_replaced,Q345__cd_411637_104.090313301_30.7165204116.jpg,D:\StreetView_Project\03_Output\clip_knn\questionnaire_sample_k25_500_added_200\02_images_added_200_by_city_cluster\_08C_final_flat_added_200_after_manual_replacement_check_run_20260728_142934\Q345__cd_411637_104.090313301_30.7165204116.jpg,bf2fc053db4daeba2b694e812939fe227e9d7d7396e97d80281985d5ea229c9b,201903,cd_411637_104.090313301_30.7165204116.jpg,D:\StreetView_Project\01_Data\Street_Images\chengdu\cd_streetview\cd_411637_104.090313301_30.7165204116.jpg,D:\StreetView_Project\01_Data\Street_Images\chengdu\cd_streetview\cd_411637_104.090313301_30.7165204116.jpg,0.3013087511062622,D:\StreetView_Project\03_Output\clip_knn\questionnaire_sample_k25_500_added_200\02_images_added_200_by_city_cluster\_08C_final_flat_added_200_after_manual_replacement_check_run_20260728_142934\Q345__cd_411637_104.090313301_30.7165204116.jpg,bf2fc053db4daeba2b694e812939fe227e9d7d7396e97d80281985d5ea229c9b,Q345__cd_411637_104.0903133_30.71652041.jpg,D:\StreetView_Project\03_Output\clip_knn\questionnaire_sample_k25_500_added_200\08D_spatial_visual_proximity_check_run_20260728_143220\01_preliminary_flat_500\Q345__cd_411637_104.0903133_30.71652041.jpg,Q345__cd_411637_104.0903133_30.71652041.jpg,D:\StreetView_Project\03_Output\clip_knn\questionnaire_sample_k25_500_added_200\08F_final500_freeze_run_20260728_145702\01_final_flat_500\Q345__cd_411637_104.0903133_30.71652041.jpg,frozen_08F,D:\StreetView_Project\03_Output\clip_knn\questionnaire_sample_k25_500_added_200\08D_spatial_visual_proximity_check_run_20260728_143220
Q346,added_200,CD_48629,chengdu,104.0060762,30.65684952,202303,cd_48629_104.006076184_30.656849523.jpg,D:\StreetView_Project\01_Data\Street_Images\chengdu\cd_streetview\cd_48629_104.006076184_30.656849523.jpg,11,0.2287722826004028,center,桥梁/高架快速路空间,Q346__cd_48629_104.0060762_30.65684952.jpg,D:\StreetView_Project\03_Output\clip_knn\questionnaire_sample_k25_500_added_200\08F_final500_freeze_run_20260728_145702\01_final_flat_500\Q346__cd_48629_104.0060762_30.65684952.jpg,CD_48629,False,False,matched_not_replaced,Q346__cd_48629_104.006076184_30.656849523.jpg,D:\StreetView_Project\03_Output\clip_knn\questionnaire_sample_k25_500_added_200\02_images_added_200_by_city_cluster\_08C_final_flat_added_200_after_manual_replacement_check_run_20260728_142934\Q346__cd_48629_104.006076184_30.656849523.jpg,2f6774ffb2e3c59729eb681f4889ddafff5e9500c590edb8452e12ceb4132e82,202303,cd_48629_104.006076184_30.656849523.jpg,D:\StreetView_Project\01_Data\Street_Images\chengdu\cd_streetview\cd_48629_104.006076184_30.656849523.jpg,D:\StreetView_Project\01_Data\Street_Images\chengdu\cd_streetview\cd_48629_104.006076184_30.656849523.jpg,0.2287722826004028,D:\StreetView_Project\03_Output\clip_knn\questionnaire_sample_k25_500_added_200\02_images_added_200_by_city_cluster\_08C_final_flat_added_200_after_manual_replacement_check_run_20260728_142934\Q346__cd_48629_104.006076184_30.656849523.jpg,2f6774ffb2e3c59729eb681f4889ddafff5e9500c590edb8452e12ceb4132e82,Q346__cd_48629_104.0060762_30.65684952.jpg,D:\StreetView_Project\03_Output\clip_knn\questionnaire_sample_k25_500_added_200\08D_spatial_visual_proximity_check_run_20260728_143220\01_preliminary_flat_500\Q346__cd_48629_104.0060762_30.65684952.jpg,Q346__cd_48629_104.0060762_30.65684952.jpg,D:\StreetView_Project\03_Output\clip_knn\questionnaire_sample_k25_500_added_200\08F_final500_freeze_run_20260728_145702\01_final_flat_500\Q346__cd_48629_104.0060762_30.65684952.jpg,frozen_08F,D:\StreetView_Project\03_Output\clip_knn\questionnaire_sample_k25_500_added_200\08D_spatial_visual_proximity_check_run_20260728_143220
Q347,added_200,CD_238069,chengdu,104.0337508,30.61184233,202003,cd_238069_104.033750788_30.6118423306.jpg,D:\StreetView_Project\01_Data\Street_Images\chengdu\cd_streetview\cd_238069_104.033750788_30.6118423306.jpg,11,0.2633288502693176,center,桥梁/高架快速路空间,Q347__cd_238069_104.0337508_30.61184233.jpg,D:\StreetView_Project\03_Output\clip_knn\questionnaire_sample_k25_500_added_200\08F_final500_freeze_run_20260728_145702\01_final_flat_500\Q347__cd_238069_104.0337508_30.61184233.jpg,CD_238069,False,False,matched_not_replaced,Q347__cd_238069_104.033750788_30.6118423306.jpg,D:\StreetView_Project\03_Output\clip_knn\questionnaire_sample_k25_500_added_200\02_images_added_200_by_city_cluster\_08C_final_flat_added_200_after_manual_replacement_check_run_20260728_142934\Q347__cd_238069_104.033750788_30.6118423306.jpg,9ea42d5694b757bbff308c6ec0f930a5c5b4d191adfa99368d933d620a8b2e68,202003,cd_238069_104.033750788_30.6118423306.jpg,D:\StreetView_Project\01_Data\Street_Images\chengdu\cd_streetview\cd_238069_104.033750788_30.6118423306.jpg,D:\StreetView_Project\01_Data\Street_Images\chengdu\cd_streetview\cd_238069_104.033750788_30.6118423306.jpg,0.2633288502693176,D:\StreetView_Project\03_Output\clip_knn\questionnaire_sample_k25_500_added_200\02_images_added_200_by_city_cluster\_08C_final_flat_added_200_after_manual_replacement_check_run_20260728_142934\Q347__cd_238069_104.033750788_30.6118423306.jpg,9ea42d5694b757bbff308c6ec0f930a5c5b4d191adfa99368d933d620a8b2e68,Q347__cd_238069_104.0337508_30.61184233.jpg,D:\StreetView_Project\03_Output\clip_knn\questionnaire_sample_k25_500_added_200\08D_spatial_visual_proximity_check_run_20260728_143220\01_preliminary_flat_500\Q347__cd_238069_104.0337508_30.61184233.jpg,Q347__cd_238069_104.0337508_30.61184233.jpg,D:\StreetView_Project\03_Output\clip_knn\questionnaire_sample_k25_500_added_200\08F_final500_freeze_run_20260728_145702\01_final_flat_500\Q347__cd_238069_104.0337508_30.61184233.jpg,frozen_08F,D:\StreetView_Project\03_Output\clip_knn\questionnaire_sample_k25_500_added_200\08D_spatial_visual_proximity_check_run_20260728_143220
Q348,added_200,CD_49266,chengdu,104.045732,30.60127282,202003,cd_49266_104.045732022_30.6012728236.jpg,D:\StreetView_Project\01_Data\Street_Images\chengdu\cd_streetview\cd_49266_104.045732022_30.6012728236.jpg,11,0.2752338945865631,center,桥梁/高架快速路空间,Q348__cd_49266_104.045732_30.60127282.jpg,D:\StreetView_Project\03_Output\clip_knn\questionnaire_sample_k25_500_added_200\08F_final500_freeze_run_20260728_145702\01_final_flat_500\Q348__cd_49266_104.045732_30.60127282.jpg,CD_49266,False,False,matched_not_replaced,Q348__cd_49266_104.045732022_30.6012728236.jpg,D:\StreetView_Project\03_Output\clip_knn\questionnaire_sample_k25_500_added_200\02_images_added_200_by_city_cluster\_08C_final_flat_added_200_after_manual_replacement_check_run_20260728_142934\Q348__cd_49266_104.045732022_30.6012728236.jpg,cad77ca6da3450d655e0506365851f640d04b8a49ee0bcbb38b63cd21cb5c0ae,202003,cd_49266_104.045732022_30.6012728236.jpg,D:\StreetView_Project\01_Data\Street_Images\chengdu\cd_streetview\cd_49266_104.045732022_30.6012728236.jpg,D:\StreetView_Project\01_Data\Street_Images\chengdu\cd_streetview\cd_49266_104.045732022_30.6012728236.jpg,0.2752338945865631,D:\StreetView_Project\03_Output\clip_knn\questionnaire_sample_k25_500_added_200\02_images_added_200_by_city_cluster\_08C_final_flat_added_200_after_manual_replacement_check_run_20260728_142934\Q348__cd_49266_104.045732022_30.6012728236.jpg,cad77ca6da3450d655e0506365851f640d04b8a49ee0bcbb38b63cd21cb5c0ae,Q348__cd_49266_104.045732_30.60127282.jpg,D:\StreetView_Project\03_Output\clip_knn\questionnaire_sample_k25_500_added_200\08D_spatial_visual_proximity_check_run_20260728_143220\01_preliminary_flat_500\Q348__cd_49266_104.045732_30.60127282.jpg,Q348__cd_49266_104.045732_30.60127282.jpg,D:\StreetView_Project\03_Output\clip_knn\questionnaire_sample_k25_500_added_200\08F_final500_freeze_run_20260728_145702\01_final_flat_500\Q348__cd_49266_104.045732_30.60127282.jpg,frozen_08F,D:\StreetView_Project\03_Output\clip_knn\questionnaire_sample_k25_500_added_200\08D_spatial_visual_proximity_check_run_20260728_143220
Q349,added_200,CD_52525,chengdu,104.0294913,30.63779171,201904,cd_52525_104.029491319_30.6377917141.jpg,D:\StreetView_Project\01_Data\Street_Images\chengdu\cd_streetview\cd_52525_104.029491319_30.6377917141.jpg,11,0.3059187233448029,middle,桥梁/高架快速路空间,Q349__cd_52525_104.0294913_30.63779171.jpg,D:\StreetView_Project\03_Output\clip_knn\questionnaire_sample_k25_500_added_200\08F_final500_freeze_run_20260728_145702\01_final_flat_500\Q349__cd_52525_104.0294913_30.63779171.jpg,CD_52525,False,False,matched_not_replaced,Q349__cd_52525_104.029491319_30.6377917141.jpg,D:\StreetView_Project\03_Output\clip_knn\questionnaire_sample_k25_500_added_200\02_images_added_200_by_city_cluster\_08C_final_flat_added_200_after_manual_replacement_check_run_20260728_142934\Q349__cd_52525_104.029491319_30.6377917141.jpg,0246860984b208d0180ec5c1a1fc0177ca19246b3dc340574f73248b2a29aff7,201904,cd_52525_104.029491319_30.6377917141.jpg,D:\StreetView_Project\01_Data\Street_Images\chengdu\cd_streetview\cd_52525_104.029491319_30.6377917141.jpg,D:\StreetView_Project\01_Data\Street_Images\chengdu\cd_streetview\cd_52525_104.029491319_30.6377917141.jpg,0.3059187233448029,D:\StreetView_Project\03_Output\clip_knn\questionnaire_sample_k25_500_added_200\02_images_added_200_by_city_cluster\_08C_final_flat_added_200_after_manual_replacement_check_run_20260728_142934\Q349__cd_52525_104.029491319_30.6377917141.jpg,0246860984b208d0180ec5c1a1fc0177ca19246b3dc340574f73248b2a29aff7,Q349__cd_52525_104.0294913_30.63779171.jpg,D:\StreetView_Project\03_Output\clip_knn\questionnaire_sample_k25_500_added_200\08D_spatial_visual_proximity_check_run_20260728_143220\01_preliminary_flat_500\Q349__cd_52525_104.0294913_30.63779171.jpg,Q349__cd_52525_104.0294913_30.63779171.jpg,D:\StreetView_Project\03_Output\clip_knn\questionnaire_sample_k25_500_added_200\08F_final500_freeze_run_20260728_145702\01_final_flat_500\Q349__cd_52525_104.0294913_30.63779171.jpg,frozen_08F,D:\StreetView_Project\03_Output\clip_knn\questionnaire_sample_k25_500_added_200\08D_spatial_visual_proximity_check_run_20260728_143220
Q350,added_200,CD_469044,chengdu,104.1062141,30.64621673,202304,cd_469044_104.106214138_30.6462167256.jpg,D:\StreetView_Project\01_Data\Street_Images\chengdu\cd_streetview\cd_469044_104.106214138_30.6462167256.jpg,11,0.3486391305923462,edge,桥梁/高架快速路空间,Q350__cd_469044_104.1062141_30.64621673.jpg,D:\StreetView_Project\03_Output\clip_knn\questionnaire_sample_k25_500_added_200\08F_final500_freeze_run_20260728_145702\01_final_flat_500\Q350__cd_469044_104.1062141_30.64621673.jpg,CD_469044,False,False,matched_not_replaced,Q350__cd_469044_104.106214138_30.6462167256.jpg,D:\StreetView_Project\03_Output\clip_knn\questionnaire_sample_k25_500_added_200\02_images_added_200_by_city_cluster\_08C_final_flat_added_200_after_manual_replacement_check_run_20260728_142934\Q350__cd_469044_104.106214138_30.6462167256.jpg,3ab46fef66148e057b9ded0f70e075cac77c9e88c5e8559db804866ffdba8795,202304,cd_469044_104.106214138_30.6462167256.jpg,D:\StreetView_Project\01_Data\Street_Images\chengdu\cd_streetview\cd_469044_104.106214138_30.6462167256.jpg,D:\StreetView_Project\01_Data\Street_Images\chengdu\cd_streetview\cd_469044_104.106214138_30.6462167256.jpg,0.3486391305923462,D:\StreetView_Project\03_Output\clip_knn\questionnaire_sample_k25_500_added_200\02_images_added_200_by_city_cluster\_08C_final_flat_added_200_after_manual_replacement_check_run_20260728_142934\Q350__cd_469044_104.106214138_30.6462167256.jpg,3ab46fef66148e057b9ded0f70e075cac77c9e88c5e8559db804866ffdba8795,Q350__cd_469044_104.1062141_30.64621673.jpg,D:\StreetView_Project\03_Output\clip_knn\questionnaire_sample_k25_500_added_200\08D_spatial_visual_proximity_check_run_20260728_143220\01_preliminary_flat_500\Q350__cd_469044_104.1062141_30.64621673.jpg,Q350__cd_469044_104.1062141_30.64621673.jpg,D:\StreetView_Project\03_Output\clip_knn\questionnaire_sample_k25_500_added_200\08F_final500_freeze_run_20260728_145702\01_final_flat_500\Q350__cd_469044_104.1062141_30.64621673.jpg,frozen_08F,D:\StreetView_Project\03_Output\clip_knn\questionnaire_sample_k25_500_added_200\08D_spatial_visual_proximity_check_run_20260728_143220
Q351,added_200,CD_469218,chengdu,104.1124922,30.63843994,202002,cd_469218_104.112492232_30.6384399423.jpg,D:\StreetView_Project\01_Data\Street_Images\chengdu\cd_streetview\cd_469218_104.112492232_30.6384399423.jpg,12,0.2662523984909058,edge,重庆高密普通主干路,Q351__cd_469218_104.1124922_30.63843994.jpg,D:\StreetView_Project\03_Output\clip_knn\questionnaire_sample_k25_500_added_200\08F_final500_freeze_run_20260728_145702\01_final_flat_500\Q351__cd_469218_104.1124922_30.63843994.jpg,CD_30014,True,True,matched_replaced,Q351__cd_469218_104.112492232_30.6384399423.jpg,D:\StreetView_Project\03_Output\clip_knn\questionnaire_sample_k25_500_added_200\02_images_added_200_by_city_cluster\_08C_final_flat_added_200_after_manual_replacement_check_run_20260728_142934\Q351__cd_469218_104.112492232_30.6384399423.jpg,b29c1c396860f8b7df2f77f282b75733a0566d89854805d993f58a4ef3b57bed,202002,cd_469218_104.112492232_30.6384399423.jpg,D:\StreetView_Project\01_Data\Street_Images\chengdu\cd_streetview\cd_469218_104.112492232_30.6384399423.jpg,D:\StreetView_Project\01_Data\Street_Images\chengdu\cd_streetview\cd_469218_104.112492232_30.6384399423.jpg,0.2662523984909058,D:\StreetView_Project\03_Output\clip_knn\questionnaire_sample_k25_500_added_200\02_images_added_200_by_city_cluster\_08C_final_flat_added_200_after_manual_replacement_check_run_20260728_142934\Q351__cd_469218_104.112492232_30.6384399423.jpg,b29c1c396860f8b7df2f77f282b75733a0566d89854805d993f58a4ef3b57bed,Q351__cd_469218_104.1124922_30.63843994.jpg,D:\StreetView_Project\03_Output\clip_knn\questionnaire_sample_k25_500_added_200\08D_spatial_visual_proximity_check_run_20260728_143220\01_preliminary_flat_500\Q351__cd_469218_104.1124922_30.63843994.jpg,Q351__cd_469218_104.1124922_30.63843994.jpg,D:\StreetView_Project\03_Output\clip_knn\questionnaire_sample_k25_500_added_200\08F_final500_freeze_run_20260728_145702\01_final_flat_500\Q351__cd_469218_104.1124922_30.63843994.jpg,frozen_08F,D:\StreetView_Project\03_Output\clip_knn\questionnaire_sample_k25_500_added_200\08D_spatial_visual_proximity_check_run_20260728_143220
Q352,added_200,CD_31002,chengdu,103.9970401,30.6828821,202303,cd_31002_103.997040103_30.6828820974.jpg,D:\StreetView_Project\01_Data\Street_Images\chengdu\cd_streetview\cd_31002_103.997040103_30.6828820974.jpg,12,0.2041172683238983,center,重庆高密普通主干路,Q352__cd_31002_103.9970401_30.6828821.jpg,D:\StreetView_Project\03_Output\clip_knn\questionnaire_sample_k25_500_added_200\08F_final500_freeze_run_20260728_145702\01_final_flat_500\Q352__cd_31002_103.9970401_30.6828821.jpg,CD_31002,False,False,matched_not_replaced,Q352__cd_31002_103.997040103_30.6828820974.jpg,D:\StreetView_Project\03_Output\clip_knn\questionnaire_sample_k25_500_added_200\02_images_added_200_by_city_cluster\_08C_final_flat_added_200_after_manual_replacement_check_run_20260728_142934\Q352__cd_31002_103.997040103_30.6828820974.jpg,009e76211e0d07cf2b5edcc4377f29c168ad045498a5bceaa375be08409e10ca,202303,cd_31002_103.997040103_30.6828820974.jpg,D:\StreetView_Project\01_Data\Street_Images\chengdu\cd_streetview\cd_31002_103.997040103_30.6828820974.jpg,D:\StreetView_Project\01_Data\Street_Images\chengdu\cd_streetview\cd_31002_103.997040103_30.6828820974.jpg,0.2041172683238983,D:\StreetView_Project\03_Output\clip_knn\questionnaire_sample_k25_500_added_200\02_images_added_200_by_city_cluster\_08C_final_flat_added_200_after_manual_replacement_check_run_20260728_142934\Q352__cd_31002_103.997040103_30.6828820974.jpg,009e76211e0d07cf2b5edcc4377f29c168ad045498a5bceaa375be08409e10ca,Q352__cd_31002_103.9970401_30.6828821.jpg,D:\StreetView_Project\03_Output\clip_knn\questionnaire_sample_k25_500_added_200\08D_spatial_visual_proximity_check_run_20260728_143220\01_preliminary_flat_500\Q352__cd_31002_103.9970401_30.6828821.jpg,Q352__cd_31002_103.9970401_30.6828821.jpg,D:\StreetView_Project\03_Output\clip_knn\questionnaire_sample_k25_500_added_200\08F_final500_freeze_run_20260728_145702\01_final_flat_500\Q352__cd_31002_103.9970401_30.6828821.jpg,frozen_08F,D:\StreetView_Project\03_Output\clip_knn\questionnaire_sample_k25_500_added_200\08D_spatial_visual_proximity_check_run_20260728_143220
Q353,added_200,CD_47420,chengdu,103.9916278,30.66620033,201904,cd_47420_103.991627789_30.6662003291.jpg,D:\StreetView_Project\01_Data\Street_Images\chengdu\cd_streetview\cd_47420_103.991627789_30.6662003291.jpg,12,0.2102357894182205,center,重庆高密普通主干路,Q353__cd_47420_103.9916278_30.66620033.jpg,D:\StreetView_Project\03_Output\clip_knn\questionnaire_sample_k25_500_added_200\08F_final500_freeze_run_20260728_145702\01_final_flat_500\Q353__cd_47420_103.9916278_30.66620033.jpg,CD_47420,False,False,matched_not_replaced,Q353__cd_47420_103.991627789_30.6662003291.jpg,D:\StreetView_Project\03_Output\clip_knn\questionnaire_sample_k25_500_added_200\02_images_added_200_by_city_cluster\_08C_final_flat_added_200_after_manual_replacement_check_run_20260728_142934\Q353__cd_47420_103.991627789_30.6662003291.jpg,2550e32576274331293ad808cb6c91a15954c44a4c8e361351b1f52e76fb1003,201904,cd_47420_103.991627789_30.6662003291.jpg,D:\StreetView_Project\01_Data\Street_Images\chengdu\cd_streetview\cd_47420_103.991627789_30.6662003291.jpg,D:\StreetView_Project\01_Data\Street_Images\chengdu\cd_streetview\cd_47420_103.991627789_30.6662003291.jpg,0.2102357894182205,D:\StreetView_Project\03_Output\clip_knn\questionnaire_sample_k25_500_added_200\02_images_added_200_by_city_cluster\_08C_final_flat_added_200_after_manual_replacement_check_run_20260728_142934\Q353__cd_47420_103.991627789_30.6662003291.jpg,2550e32576274331293ad808cb6c91a15954c44a4c8e361351b1f52e76fb1003,Q353__cd_47420_103.9916278_30.66620033.jpg,D:\StreetView_Project\03_Output\clip_knn\questionnaire_sample_k25_500_added_200\08D_spatial_visual_proximity_check_run_20260728_143220\01_preliminary_flat_500\Q353__cd_47420_103.9916278_30.66620033.jpg,Q353__cd_47420_103.9916278_30.66620033.jpg,D:\StreetView_Project\03_Output\clip_knn\questionnaire_sample_k25_500_added_200\08F_final500_freeze_run_20260728_145702\01_final_flat_500\Q353__cd_47420_103.9916278_30.66620033.jpg,frozen_08F,D:\StreetView_Project\03_Output\clip_knn\questionnaire_sample_k25_500_added_200\08D_spatial_visual_proximity_check_run_20260728_143220
Q354,added_200,CD_52364,chengdu,104.1228697,30.65211287,202003,cd_52364_104.122869654_30.6521128737.jpg,D:\StreetView_Project\01_Data\Street_Images\chengdu\cd_streetview\cd_52364_104.122869654_30.6521128737.jpg,12,0.239312469959259,middle,重庆高密普通主干路,Q354__cd_52364_104.1228697_30.65211287.jpg,D:\StreetView_Project\03_Output\clip_knn\questionnaire_sample_k25_500_added_200\08F_final500_freeze_run_20260728_145702\01_final_flat_500\Q354__cd_52364_104.1228697_30.65211287.jpg,CD_52364,False,False,matched_not_replaced,Q354__cd_52364_104.122869654_30.6521128737.jpg,D:\StreetView_Project\03_Output\clip_knn\questionnaire_sample_k25_500_added_200\02_images_added_200_by_city_cluster\_08C_final_flat_added_200_after_manual_replacement_check_run_20260728_142934\Q354__cd_52364_104.122869654_30.6521128737.jpg,7b86c73ae76456d1f13e4aeeeddbf137907e036c8b90690f71d97a1e9eba8601,202003,cd_52364_104.122869654_30.6521128737.jpg,D:\StreetView_Project\01_Data\Street_Images\chengdu\cd_streetview\cd_52364_104.122869654_30.6521128737.jpg,D:\StreetView_Project\01_Data\Street_Images\chengdu\cd_streetview\cd_52364_104.122869654_30.6521128737.jpg,0.239312469959259,D:\StreetView_Project\03_Output\clip_knn\questionnaire_sample_k25_500_added_200\02_images_added_200_by_city_cluster\_08C_final_flat_added_200_after_manual_replacement_check_run_20260728_142934\Q354__cd_52364_104.122869654_30.6521128737.jpg,7b86c73ae76456d1f13e4aeeeddbf137907e036c8b90690f71d97a1e9eba8601,Q354__cd_52364_104.1228697_30.65211287.jpg,D:\StreetView_Project\03_Output\clip_knn\questionnaire_sample_k25_500_added_200\08D_spatial_visual_proximity_check_run_20260728_143220\01_preliminary_flat_500\Q354__cd_52364_104.1228697_30.65211287.jpg,Q354__cd_52364_104.1228697_30.65211287.jpg,D:\StreetView_Project\03_Output\clip_knn\questionnaire_sample_k25_500_added_200\08F_final500_freeze_run_20260728_145702\01_final_flat_500\Q354__cd_52364_104.1228697_30.65211287.jpg,frozen_08F,D:\StreetView_Project\03_Output\clip_knn\questionnaire_sample_k25_500_added_200\08D_spatial_visual_proximity_check_run_20260728_143220
Q355,added_200,CD_454390,chengdu,103.9918604,30.65872266,201707,cd_454390_103.991860413_30.6587226577.jpg,D:\StreetView_Project\01_Data\Street_Images\chengdu\cd_streetview\cd_454390_103.991860413_30.6587226577.jpg,13,0.292005181312561,center,高绿量居住区/公园化道路,Q355__cd_454390_103.9918604_30.65872266.jpg,D:\StreetView_Project\03_Output\clip_knn\questionnaire_sample_k25_500_added_200\08F_final500_freeze_run_20260728_145702\01_final_flat_500\Q355__cd_454390_103.9918604_30.65872266.jpg,CD_454390,False,False,matched_not_replaced,Q355__cd_454390_103.991860413_30.6587226577.jpg,D:\StreetView_Project\03_Output\clip_knn\questionnaire_sample_k25_500_added_200\02_images_added_200_by_city_cluster\_08C_final_flat_added_200_after_manual_replacement_check_run_20260728_142934\Q355__cd_454390_103.991860413_30.6587226577.jpg,de97820bdcb7b605b704f0a64791d3b38cbad8dabc323f4db436f724cf4faa9e,201707,cd_454390_103.991860413_30.6587226577.jpg,D:\StreetView_Project\01_Data\Street_Images\chengdu\cd_streetview\cd_454390_103.991860413_30.6587226577.jpg,D:\StreetView_Project\01_Data\Street_Images\chengdu\cd_streetview\cd_454390_103.991860413_30.6587226577.jpg,0.292005181312561,D:\StreetView_Project\03_Output\clip_knn\questionnaire_sample_k25_500_added_200\02_images_added_200_by_city_cluster\_08C_final_flat_added_200_after_manual_replacement_check_run_20260728_142934\Q355__cd_454390_103.991860413_30.6587226577.jpg,de97820bdcb7b605b704f0a64791d3b38cbad8dabc323f4db436f724cf4faa9e,Q355__cd_454390_103.9918604_30.65872266.jpg,D:\StreetView_Project\03_Output\clip_knn\questionnaire_sample_k25_500_added_200\08D_spatial_visual_proximity_check_run_20260728_143220\01_preliminary_flat_500\Q355__cd_454390_103.9918604_30.65872266.jpg,Q355__cd_454390_103.9918604_30.65872266.jpg,D:\StreetView_Project\03_Output\clip_knn\questionnaire_sample_k25_500_added_200\08F_final500_freeze_run_20260728_145702\01_final_flat_500\Q355__cd_454390_103.9918604_30.65872266.jpg,frozen_08F,D:\StreetView_Project\03_Output\clip_knn\questionnaire_sample_k25_500_added_200\08D_spatial_visual_proximity_check_run_20260728_143220
Q356,added_200,CD_427583,chengdu,104.1511161,30.70835436,201707,cd_427583_104.151116124_30.7083543586.jpg,D:\StreetView_Project\01_Data\Street_Images\chengdu\cd_streetview\cd_427583_104.151116124_30.7083543586.jpg,13,0.3912936449050903,edge,高绿量居住区/公园化道路,Q356__cd_427583_104.1511161_30.70835436.jpg,D:\StreetView_Project\03_Output\clip_knn\questionnaire_sample_k25_500_added_200\08F_final500_freeze_run_20260728_145702\01_final_flat_500\Q356__cd_427583_104.1511161_30.70835436.jpg,CD_424891,True,True,matched_replaced,Q356__cd_427583_104.151116124_30.7083543586.jpg,D:\StreetView_Project\03_Output\clip_knn\questionnaire_sample_k25_500_added_200\02_images_added_200_by_city_cluster\_08C_final_flat_added_200_after_manual_replacement_check_run_20260728_142934\Q356__cd_427583_104.151116124_30.7083543586.jpg,0223d6ea39bc2ee978a531ae05ced75e5c60c4240de1123ba9d7d30d2f287b94,201707,cd_427583_104.151116124_30.7083543586.jpg,D:\StreetView_Project\01_Data\Street_Images\chengdu\cd_streetview\cd_427583_104.151116124_30.7083543586.jpg,D:\StreetView_Project\01_Data\Street_Images\chengdu\cd_streetview\cd_427583_104.151116124_30.7083543586.jpg,0.3912936449050903,D:\StreetView_Project\03_Output\clip_knn\questionnaire_sample_k25_500_added_200\02_images_added_200_by_city_cluster\_08C_final_flat_added_200_after_manual_replacement_check_run_20260728_142934\Q356__cd_427583_104.151116124_30.7083543586.jpg,0223d6ea39bc2ee978a531ae05ced75e5c60c4240de1123ba9d7d30d2f287b94,Q356__cd_427583_104.1511161_30.70835436.jpg,D:\StreetView_Project\03_Output\clip_knn\questionnaire_sample_k25_500_added_200\08D_spatial_visual_proximity_check_run_20260728_143220\01_preliminary_flat_500\Q356__cd_427583_104.1511161_30.70835436.jpg,Q356__cd_427583_104.1511161_30.70835436.jpg,D:\StreetView_Project\03_Output\clip_knn\questionnaire_sample_k25_500_added_200\08F_final500_freeze_run_20260728_145702\01_final_flat_500\Q356__cd_427583_104.1511161_30.70835436.jpg,frozen_08F,D:\StreetView_Project\03_Output\clip_knn\questionnaire_sample_k25_500_added_200\08D_spatial_visual_proximity_check_run_20260728_143220
Q357,added_200,CD_469821,chengdu,104.0231219,30.63547153,201707,cd_469821_104.023121851_30.6354715265.jpg,D:\StreetView_Project\01_Data\Street_Images\chengdu\cd_streetview\cd_469821_104.023121851_30.6354715265.jpg,14,0.2472257316112518,center,商业生活性街道/街边商业界面,Q357__cd_469821_104.0231219_30.63547153.jpg,D:\StreetView_Project\03_Output\clip_knn\questionnaire_sample_k25_500_added_200\08F_final500_freeze_run_20260728_145702\01_final_flat_500\Q357__cd_469821_104.0231219_30.63547153.jpg,CD_418381,True,False,detected_but_not_reported,Q357__cd_469821_104.023121851_30.6354715265.jpg,D:\StreetView_Project\03_Output\clip_knn\questionnaire_sample_k25_500_added_200\02_images_added_200_by_city_cluster\_08C_final_flat_added_200_after_manual_replacement_check_run_20260728_142934\Q357__cd_469821_104.023121851_30.6354715265.jpg,4c76defe6f1bc7ac6f608075ca987d9d579af99a6b93f3a1b8472a2a48942ad1,201707,cd_469821_104.023121851_30.6354715265.jpg,D:\StreetView_Project\01_Data\Street_Images\chengdu\cd_streetview\cd_469821_104.023121851_30.6354715265.jpg,D:\StreetView_Project\01_Data\Street_Images\chengdu\cd_streetview\cd_469821_104.023121851_30.6354715265.jpg,0.2472257316112518,D:\StreetView_Project\03_Output\clip_knn\questionnaire_sample_k25_500_added_200\02_images_added_200_by_city_cluster\_08C_final_flat_added_200_after_manual_replacement_check_run_20260728_142934\Q357__cd_469821_104.023121851_30.6354715265.jpg,4c76defe6f1bc7ac6f608075ca987d9d579af99a6b93f3a1b8472a2a48942ad1,Q357__cd_469821_104.0231219_30.63547153.jpg,D:\StreetView_Project\03_Output\clip_knn\questionnaire_sample_k25_500_added_200\08D_spatial_visual_proximity_check_run_20260728_143220\01_preliminary_flat_500\Q357__cd_469821_104.0231219_30.63547153.jpg,Q357__cd_469821_104.0231219_30.63547153.jpg,D:\StreetView_Project\03_Output\clip_knn\questionnaire_sample_k25_500_added_200\08F_final500_freeze_run_20260728_145702\01_final_flat_500\Q357__cd_469821_104.0231219_30.63547153.jpg,frozen_08F,D:\StreetView_Project\03_Output\clip_knn\questionnaire_sample_k25_500_added_200\08D_spatial_visual_proximity_check_run_20260728_143220
Q358,added_200,CD_468050,chengdu,104.062786,30.61234075,201707,cd_468050_104.062785976_30.6123407515.jpg,D:\StreetView_Project\01_Data\Street_Images\chengdu\cd_streetview\cd_468050_104.062785976_30.6123407515.jpg,14,0.2273162007331848,center,商业生活性街道/街边商业界面,Q358__cd_468050_104.062786_30.61234075.jpg,D:\StreetView_Project\03_Output\clip_knn\questionnaire_sample_k25_500_added_200\08F_final500_freeze_run_20260728_145702\01_final_flat_500\Q358__cd_468050_104.062786_30.61234075.jpg,CD_468050,False,False,matched_not_replaced,Q358__cd_468050_104.062785976_30.6123407515.jpg,D:\StreetView_Project\03_Output\clip_knn\questionnaire_sample_k25_500_added_200\02_images_added_200_by_city_cluster\_08C_final_flat_added_200_after_manual_replacement_check_run_20260728_142934\Q358__cd_468050_104.062785976_30.6123407515.jpg,a156521818a84c66d35bdbcfed0833f3453ca812ea323ba0d981aecc8c4009dd,201707,cd_468050_104.062785976_30.6123407515.jpg,D:\StreetView_Project\01_Data\Street_Images\chengdu\cd_streetview\cd_468050_104.062785976_30.6123407515.jpg,D:\StreetView_Project\01_Data\Street_Images\chengdu\cd_streetview\cd_468050_104.062785976_30.6123407515.jpg,0.2273162007331848,D:\StreetView_Project\03_Output\clip_knn\questionnaire_sample_k25_500_added_200\02_images_added_200_by_city_cluster\_08C_final_flat_added_200_after_manual_replacement_check_run_20260728_142934\Q358__cd_468050_104.062785976_30.6123407515.jpg,a156521818a84c66d35bdbcfed0833f3453ca812ea323ba0d981aecc8c4009dd,Q358__cd_468050_104.062786_30.61234075.jpg,D:\StreetView_Project\03_Output\clip_knn\questionnaire_sample_k25_500_added_200\08D_spatial_visual_proximity_check_run_20260728_143220\01_preliminary_flat_500\Q358__cd_468050_104.062786_30.61234075.jpg,Q358__cd_468050_104.062786_30.61234075.jpg,D:\StreetView_Project\03_Output\clip_knn\questionnaire_sample_k25_500_added_200\08F_final500_freeze_run_20260728_145702\01_final_flat_500\Q358__cd_468050_104.062786_30.61234075.jpg,frozen_08F,D:\StreetView_Project\03_Output\clip_knn\questionnaire_sample_k25_500_added_200\08D_spatial_visual_proximity_check_run_20260728_143220
Q359,added_200,CD_458508,chengdu,103.9960367,30.64189909,201611,cd_458508_103.996036671_30.6418990937.jpg,D:\StreetView_Project\01_Data\Street_Images\chengdu\cd_streetview\cd_458508_103.996036671_30.6418990937.jpg,14,0.2457124441862106,center,商业生活性街道/街边商业界面,Q359__cd_458508_103.9960367_30.64189909.jpg,D:\StreetView_Project\03_Output\clip_knn\questionnaire_sample_k25_500_added_200\08F_final500_freeze_run_20260728_145702\01_final_flat_500\Q359__cd_458508_103.9960367_30.64189909.jpg,CD_458508,False,False,matched_not_replaced,Q359__cd_458508_103.996036671_30.6418990937.jpg,D:\StreetView_Project\03_Output\clip_knn\questionnaire_sample_k25_500_added_200\02_images_added_200_by_city_cluster\_08C_final_flat_added_200_after_manual_replacement_check_run_20260728_142934\Q359__cd_458508_103.996036671_30.6418990937.jpg,2c0cb96586ab31b1832ee50cc3b967967963cf2930965acd13338fb9243e5ba3,201611,cd_458508_103.996036671_30.6418990937.jpg,D:\StreetView_Project\01_Data\Street_Images\chengdu\cd_streetview\cd_458508_103.996036671_30.6418990937.jpg,D:\StreetView_Project\01_Data\Street_Images\chengdu\cd_streetview\cd_458508_103.996036671_30.6418990937.jpg,0.2457124441862106,D:\StreetView_Project\03_Output\clip_knn\questionnaire_sample_k25_500_added_200\02_images_added_200_by_city_cluster\_08C_final_flat_added_200_after_manual_replacement_check_run_20260728_142934\Q359__cd_458508_103.996036671_30.6418990937.jpg,2c0cb96586ab31b1832ee50cc3b967967963cf2930965acd13338fb9243e5ba3,Q359__cd_458508_103.9960367_30.64189909.jpg,D:\StreetView_Project\03_Output\clip_knn\questionnaire_sample_k25_500_added_200\08D_spatial_visual_proximity_check_run_20260728_143220\01_preliminary_flat_500\Q359__cd_458508_103.9960367_30.64189909.jpg,Q359__cd_458508_103.9960367_30.64189909.jpg,D:\StreetView_Project\03_Output\clip_knn\questionnaire_sample_k25_500_added_200\08F_final500_freeze_run_20260728_145702\01_final_flat_500\Q359__cd_458508_103.9960367_30.64189909.jpg,frozen_08F,D:\StreetView_Project\03_Output\clip_knn\questionnaire_sample_k25_500_added_200\08D_spatial_visual_proximity_check_run_20260728_143220
Q360,added_200,CD_416206,chengdu,104.059703,30.69881149,201904,cd_416206_104.059703032_30.6988114869.jpg,D:\StreetView_Project\01_Data\Street_Images\chengdu\cd_streetview\cd_416206_104.059703032_30.6988114869.jpg,14,0.2610963582992554,middle,商业生活性街道/街边商业界面,Q360__cd_416206_104.059703_30.69881149.jpg,D:\StreetView_Project\03_Output\clip_knn\questionnaire_sample_k25_500_added_200\08F_final500_freeze_run_20260728_145702\01_final_flat_500\Q360__cd_416206_104.059703_30.69881149.jpg,CD_416206,False,False,matched_not_replaced,Q360__cd_416206_104.059703032_30.6988114869.jpg,D:\StreetView_Project\03_Output\clip_knn\questionnaire_sample_k25_500_added_200\02_images_added_200_by_city_cluster\_08C_final_flat_added_200_after_manual_replacement_check_run_20260728_142934\Q360__cd_416206_104.059703032_30.6988114869.jpg,a17b08322bd86259b415d1e826f7069fe227ea4e1e93da4bc4a797c56d00e704,201904,cd_416206_104.059703032_30.6988114869.jpg,D:\StreetView_Project\01_Data\Street_Images\chengdu\cd_streetview\cd_416206_104.059703032_30.6988114869.jpg,D:\StreetView_Project\01_Data\Street_Images\chengdu\cd_streetview\cd_416206_104.059703032_30.6988114869.jpg,0.2610963582992554,D:\StreetView_Project\03_Output\clip_knn\questionnaire_sample_k25_500_added_200\02_images_added_200_by_city_cluster\_08C_final_flat_added_200_after_manual_replacement_check_run_20260728_142934\Q360__cd_416206_104.059703032_30.6988114869.jpg,a17b08322bd86259b415d1e826f7069fe227ea4e1e93da4bc4a797c56d00e704,Q360__cd_416206_104.059703_30.69881149.jpg,D:\StreetView_Project\03_Output\clip_knn\questionnaire_sample_k25_500_added_200\08D_spatial_visual_proximity_check_run_20260728_143220\01_preliminary_flat_500\Q360__cd_416206_104.059703_30.69881149.jpg,Q360__cd_416206_104.059703_30.69881149.jpg,D:\StreetView_Project\03_Output\clip_knn\questionnaire_sample_k25_500_added_200\08F_final500_freeze_run_20260728_145702\01_final_flat_500\Q360__cd_416206_104.059703_30.69881149.jpg,frozen_08F,D:\StreetView_Project\03_Output\clip_knn\questionnaire_sample_k25_500_added_200\08D_spatial_visual_proximity_check_run_20260728_143220
Q361,added_200,CD_54415,chengdu,104.0837552,30.64097973,201707,cd_54415_104.08375517_30.6409797317.jpg,D:\StreetView_Project\01_Data\Street_Images\chengdu\cd_streetview\cd_54415_104.08375517_30.6409797317.jpg,15,0.2011214047670364,center,重庆高密商业/居住混合主干路,Q361__cd_54415_104.0837552_30.64097973.jpg,D:\StreetView_Project\03_Output\clip_knn\questionnaire_sample_k25_500_added_200\08F_final500_freeze_run_20260728_145702\01_final_flat_500\Q361__cd_54415_104.0837552_30.64097973.jpg,CD_54415,False,False,matched_not_replaced,Q361__cd_54415_104.08375517_30.6409797317.jpg,D:\StreetView_Project\03_Output\clip_knn\questionnaire_sample_k25_500_added_200\02_images_added_200_by_city_cluster\_08C_final_flat_added_200_after_manual_replacement_check_run_20260728_142934\Q361__cd_54415_104.08375517_30.6409797317.jpg,446cc1ed97b54173850592d670a1908bd80c651c9a6b2ee7d052e8335c306d82,201707,cd_54415_104.08375517_30.6409797317.jpg,D:\StreetView_Project\01_Data\Street_Images\chengdu\cd_streetview\cd_54415_104.08375517_30.6409797317.jpg,D:\StreetView_Project\01_Data\Street_Images\chengdu\cd_streetview\cd_54415_104.08375517_30.6409797317.jpg,0.2011214047670364,D:\StreetView_Project\03_Output\clip_knn\questionnaire_sample_k25_500_added_200\02_images_added_200_by_city_cluster\_08C_final_flat_added_200_after_manual_replacement_check_run_20260728_142934\Q361__cd_54415_104.08375517_30.6409797317.jpg,446cc1ed97b54173850592d670a1908bd80c651c9a6b2ee7d052e8335c306d82,Q361__cd_54415_104.0837552_30.64097973.jpg,D:\StreetView_Project\03_Output\clip_knn\questionnaire_sample_k25_500_added_200\08D_spatial_visual_proximity_check_run_20260728_143220\01_preliminary_flat_500\Q361__cd_54415_104.0837552_30.64097973.jpg,Q361__cd_54415_104.0837552_30.64097973.jpg,D:\StreetView_Project\03_Output\clip_knn\questionnaire_sample_k25_500_added_200\08F_final500_freeze_run_20260728_145702\01_final_flat_500\Q361__cd_54415_104.0837552_30.64097973.jpg,frozen_08F,D:\StreetView_Project\03_Output\clip_knn\questionnaire_sample_k25_500_added_200\08D_spatial_visual_proximity_check_run_20260728_143220
Q362,added_200,CD_415365,chengdu,104.075901,30.67912104,201903,cd_415365_104.075900984_30.6791210429.jpg,D:\StreetView_Project\01_Data\Street_Images\chengdu\cd_streetview\cd_415365_104.075900984_30.6791210429.jpg,15,0.228720486164093,middle,重庆高密商业/居住混合主干路,Q362__cd_415365_104.075901_30.67912104.jpg,D:\StreetView_Project\03_Output\clip_knn\questionnaire_sample_k25_500_added_200\08F_final500_freeze_run_20260728_145702\01_final_flat_500\Q362__cd_415365_104.075901_30.67912104.jpg,CD_415365,False,False,matched_not_replaced,Q362__cd_415365_104.075900984_30.6791210429.jpg,D:\StreetView_Project\03_Output\clip_knn\questionnaire_sample_k25_500_added_200\02_images_added_200_by_city_cluster\_08C_final_flat_added_200_after_manual_replacement_check_run_20260728_142934\Q362__cd_415365_104.075900984_30.6791210429.jpg,26d50a9772e82f63b710ee95fbc4c71c727e1a26edb94ec0d158daaaa84d7edc,201903,cd_415365_104.075900984_30.6791210429.jpg,D:\StreetView_Project\01_Data\Street_Images\chengdu\cd_streetview\cd_415365_104.075900984_30.6791210429.jpg,D:\StreetView_Project\01_Data\Street_Images\chengdu\cd_streetview\cd_415365_104.075900984_30.6791210429.jpg,0.228720486164093,D:\StreetView_Project\03_Output\clip_knn\questionnaire_sample_k25_500_added_200\02_images_added_200_by_city_cluster\_08C_final_flat_added_200_after_manual_replacement_check_run_20260728_142934\Q362__cd_415365_104.075900984_30.6791210429.jpg,26d50a9772e82f63b710ee95fbc4c71c727e1a26edb94ec0d158daaaa84d7edc,Q362__cd_415365_104.075901_30.67912104.jpg,D:\StreetView_Project\03_Output\clip_knn\questionnaire_sample_k25_500_added_200\08D_spatial_visual_proximity_check_run_20260728_143220\01_preliminary_flat_500\Q362__cd_415365_104.075901_30.67912104.jpg,Q362__cd_415365_104.075901_30.67912104.jpg,D:\StreetView_Project\03_Output\clip_knn\questionnaire_sample_k25_500_added_200\08F_final500_freeze_run_20260728_145702\01_final_flat_500\Q362__cd_415365_104.075901_30.67912104.jpg,frozen_08F,D:\StreetView_Project\03_Output\clip_knn\questionnaire_sample_k25_500_added_200\08D_spatial_visual_proximity_check_run_20260728_143220
Q363,added_200,CD_474086,chengdu,104.0754088,30.66261962,202003,cd_474086_104.075408778_30.6626196229.jpg,D:\StreetView_Project\01_Data\Street_Images\chengdu\cd_streetview\cd_474086_104.075408778_30.6626196229.jpg,15,0.2904056906700134,edge,重庆高密商业/居住混合主干路,Q363__cd_474086_104.0754088_30.66261962.jpg,D:\StreetView_Project\03_Output\clip_knn\questionnaire_sample_k25_500_added_200\08F_final500_freeze_run_20260728_145702\01_final_flat_500\Q363__cd_474086_104.0754088_30.66261962.jpg,CD_474086,False,False,matched_not_replaced,Q363__cd_474086_104.075408778_30.6626196229.jpg,D:\StreetView_Project\03_Output\clip_knn\questionnaire_sample_k25_500_added_200\02_images_added_200_by_city_cluster\_08C_final_flat_added_200_after_manual_replacement_check_run_20260728_142934\Q363__cd_474086_104.075408778_30.6626196229.jpg,6a35261bbd25fb955156f4f4eb3032bde8f9262f2a421395b40c3f6276939ae0,202003,cd_474086_104.075408778_30.6626196229.jpg,D:\StreetView_Project\01_Data\Street_Images\chengdu\cd_streetview\cd_474086_104.075408778_30.6626196229.jpg,D:\StreetView_Project\01_Data\Street_Images\chengdu\cd_streetview\cd_474086_104.075408778_30.6626196229.jpg,0.2904056906700134,D:\StreetView_Project\03_Output\clip_knn\questionnaire_sample_k25_500_added_200\02_images_added_200_by_city_cluster\_08C_final_flat_added_200_after_manual_replacement_check_run_20260728_142934\Q363__cd_474086_104.075408778_30.6626196229.jpg,6a35261bbd25fb955156f4f4eb3032bde8f9262f2a421395b40c3f6276939ae0,Q363__cd_474086_104.0754088_30.66261962.jpg,D:\StreetView_Project\03_Output\clip_knn\questionnaire_sample_k25_500_added_200\08D_spatial_visual_proximity_check_run_20260728_143220\01_preliminary_flat_500\Q363__cd_474086_104.0754088_30.66261962.jpg,Q363__cd_474086_104.0754088_30.66261962.jpg,D:\StreetView_Project\03_Output\clip_knn\questionnaire_sample_k25_500_added_200\08F_final500_freeze_run_20260728_145702\01_final_flat_500\Q363__cd_474086_104.0754088_30.66261962.jpg,frozen_08F,D:\StreetView_Project\03_Output\clip_knn\questionnaire_sample_k25_500_added_200\08D_spatial_visual_proximity_check_run_20260728_143220
Q364,added_200,CD_96925,chengdu,104.0183805,30.69341749,201707,cd_96925_104.018380477_30.6934174921.jpg,D:\StreetView_Project\01_Data\Street_Images\chengdu\cd_streetview\cd_96925_104.018380477_30.6934174921.jpg,16,0.2612350583076477,center,树荫居住支路/高绿量社区道路,Q364__cd_96925_104.0183805_30.69341749.jpg,D:\StreetView_Project\03_Output\clip_knn\questionnaire_sample_k25_500_added_200\08F_final500_freeze_run_20260728_145702\01_final_flat_500\Q364__cd_96925_104.0183805_30.69341749.jpg,CD_470499,True,True,matched_replaced,Q364__cd_96925_104.018380477_30.6934174921.jpg,D:\StreetView_Project\03_Output\clip_knn\questionnaire_sample_k25_500_added_200\02_images_added_200_by_city_cluster\_08C_final_flat_added_200_after_manual_replacement_check_run_20260728_142934\Q364__cd_96925_104.018380477_30.6934174921.jpg,0727727cc8226908ba9a43eba94f62b20aad908a98c7dddf1107545bcf7fa927,201707,cd_96925_104.018380477_30.6934174921.jpg,D:\StreetView_Project\01_Data\Street_Images\chengdu\cd_streetview\cd_96925_104.018380477_30.6934174921.jpg,D:\StreetView_Project\01_Data\Street_Images\chengdu\cd_streetview\cd_96925_104.018380477_30.6934174921.jpg,0.2612350583076477,D:\StreetView_Project\03_Output\clip_knn\questionnaire_sample_k25_500_added_200\02_images_added_200_by_city_cluster\_08C_final_flat_added_200_after_manual_replacement_check_run_20260728_142934\Q364__cd_96925_104.018380477_30.6934174921.jpg,0727727cc8226908ba9a43eba94f62b20aad908a98c7dddf1107545bcf7fa927,Q364__cd_96925_104.0183805_30.69341749.jpg,D:\StreetView_Project\03_Output\clip_knn\questionnaire_sample_k25_500_added_200\08D_spatial_visual_proximity_check_run_20260728_143220\01_preliminary_flat_500\Q364__cd_96925_104.0183805_30.69341749.jpg,Q364__cd_96925_104.0183805_30.69341749.jpg,D:\StreetView_Project\03_Output\clip_knn\questionnaire_sample_k25_500_added_200\08F_final500_freeze_run_20260728_145702\01_final_flat_500\Q364__cd_96925_104.0183805_30.69341749.jpg,frozen_08F,D:\StreetView_Project\03_Output\clip_knn\questionnaire_sample_k25_500_added_200\08D_spatial_visual_proximity_check_run_20260728_143220
Q365,added_200,CD_415303,chengdu,104.0791645,30.67678047,201903,cd_415303_104.079164458_30.6767804739.jpg,D:\StreetView_Project\01_Data\Street_Images\chengdu\cd_streetview\cd_415303_104.079164458_30.6767804739.jpg,16,0.3005683124065399,middle,树荫居住支路/高绿量社区道路,Q365__cd_415303_104.0791645_30.67678047.jpg,D:\StreetView_Project\03_Output\clip_knn\questionnaire_sample_k25_500_added_200\08F_final500_freeze_run_20260728_145702\01_final_flat_500\Q365__cd_415303_104.0791645_30.67678047.jpg,CD_415303,False,False,matched_not_replaced,Q365__cd_415303_104.079164458_30.6767804739.jpg,D:\StreetView_Project\03_Output\clip_knn\questionnaire_sample_k25_500_added_200\02_images_added_200_by_city_cluster\_08C_final_flat_added_200_after_manual_replacement_check_run_20260728_142934\Q365__cd_415303_104.079164458_30.6767804739.jpg,a0598cb85755fdb35ff180b6db653a87d50d51414b3b007a9c792c0a4f14f4a7,201903,cd_415303_104.079164458_30.6767804739.jpg,D:\StreetView_Project\01_Data\Street_Images\chengdu\cd_streetview\cd_415303_104.079164458_30.6767804739.jpg,D:\StreetView_Project\01_Data\Street_Images\chengdu\cd_streetview\cd_415303_104.079164458_30.6767804739.jpg,0.3005683124065399,D:\StreetView_Project\03_Output\clip_knn\questionnaire_sample_k25_500_added_200\02_images_added_200_by_city_cluster\_08C_final_flat_added_200_after_manual_replacement_check_run_20260728_142934\Q365__cd_415303_104.079164458_30.6767804739.jpg,a0598cb85755fdb35ff180b6db653a87d50d51414b3b007a9c792c0a4f14f4a7,Q365__cd_415303_104.0791645_30.67678047.jpg,D:\StreetView_Project\03_Output\clip_knn\questionnaire_sample_k25_500_added_200\08D_spatial_visual_proximity_check_run_20260728_143220\01_preliminary_flat_500\Q365__cd_415303_104.0791645_30.67678047.jpg,Q365__cd_415303_104.0791645_30.67678047.jpg,D:\StreetView_Project\03_Output\clip_knn\questionnaire_sample_k25_500_added_200\08F_final500_freeze_run_20260728_145702\01_final_flat_500\Q365__cd_415303_104.0791645_30.67678047.jpg,frozen_08F,D:\StreetView_Project\03_Output\clip_knn\questionnaire_sample_k25_500_added_200\08D_spatial_visual_proximity_check_run_20260728_143220
Q366,added_200,CD_412101,chengdu,104.0965178,30.71829474,201903,cd_412101_104.096517813_30.7182947395.jpg,D:\StreetView_Project\01_Data\Street_Images\chengdu\cd_streetview\cd_412101_104.096517813_30.7182947395.jpg,16,0.3070749640464783,middle,树荫居住支路/高绿量社区道路,Q366__cd_412101_104.0965178_30.71829474.jpg,D:\StreetView_Project\03_Output\clip_knn\questionnaire_sample_k25_500_added_200\08F_final500_freeze_run_20260728_145702\01_final_flat_500\Q366__cd_412101_104.0965178_30.71829474.jpg,CD_412101,False,False,matched_not_replaced,Q366__cd_412101_104.096517813_30.7182947395.jpg,D:\StreetView_Project\03_Output\clip_knn\questionnaire_sample_k25_500_added_200\02_images_added_200_by_city_cluster\_08C_final_flat_added_200_after_manual_replacement_check_run_20260728_142934\Q366__cd_412101_104.096517813_30.7182947395.jpg,a1e0bfb41204ba7c78f60e863848a5c02fb1a3003ebab79799edb521f01ef200,201903,cd_412101_104.096517813_30.7182947395.jpg,D:\StreetView_Project\01_Data\Street_Images\chengdu\cd_streetview\cd_412101_104.096517813_30.7182947395.jpg,D:\StreetView_Project\01_Data\Street_Images\chengdu\cd_streetview\cd_412101_104.096517813_30.7182947395.jpg,0.3070749640464783,D:\StreetView_Project\03_Output\clip_knn\questionnaire_sample_k25_500_added_200\02_images_added_200_by_city_cluster\_08C_final_flat_added_200_after_manual_replacement_check_run_20260728_142934\Q366__cd_412101_104.096517813_30.7182947395.jpg,a1e0bfb41204ba7c78f60e863848a5c02fb1a3003ebab79799edb521f01ef200,Q366__cd_412101_104.0965178_30.71829474.jpg,D:\StreetView_Project\03_Output\clip_knn\questionnaire_sample_k25_500_added_200\08D_spatial_visual_proximity_check_run_20260728_143220\01_preliminary_flat_500\Q366__cd_412101_104.0965178_30.71829474.jpg,Q366__cd_412101_104.0965178_30.71829474.jpg,D:\StreetView_Project\03_Output\clip_knn\questionnaire_sample_k25_500_added_200\08F_final500_freeze_run_20260728_145702\01_final_flat_500\Q366__cd_412101_104.0965178_30.71829474.jpg,frozen_08F,D:\StreetView_Project\03_Output\clip_knn\questionnaire_sample_k25_500_added_200\08D_spatial_visual_proximity_check_run_20260728_143220
Q367,added_200,CD_422077,chengdu,104.0799937,30.67531139,202303,cd_422077_104.079993698_30.6753113857.jpg,D:\StreetView_Project\01_Data\Street_Images\chengdu\cd_streetview\cd_422077_104.079993698_30.6753113857.jpg,17,0.1963197141885757,center,成都生活性街道/社区商业道路,Q367__cd_422077_104.0799937_30.67531139.jpg,D:\StreetView_Project\03_Output\clip_knn\questionnaire_sample_k25_500_added_200\08F_final500_freeze_run_20260728_145702\01_final_flat_500\Q367__cd_422077_104.0799937_30.67531139.jpg,CD_422077,False,False,matched_not_replaced,Q367__cd_422077_104.079993698_30.6753113857.jpg,D:\StreetView_Project\03_Output\clip_knn\questionnaire_sample_k25_500_added_200\02_images_added_200_by_city_cluster\_08C_final_flat_added_200_after_manual_replacement_check_run_20260728_142934\Q367__cd_422077_104.079993698_30.6753113857.jpg,c3a697656633758f6823836edd5ad927e32abe6bb8fd961d574af4e585ca2116,202303,cd_422077_104.079993698_30.6753113857.jpg,D:\StreetView_Project\01_Data\Street_Images\chengdu\cd_streetview\cd_422077_104.079993698_30.6753113857.jpg,D:\StreetView_Project\01_Data\Street_Images\chengdu\cd_streetview\cd_422077_104.079993698_30.6753113857.jpg,0.1963197141885757,D:\StreetView_Project\03_Output\clip_knn\questionnaire_sample_k25_500_added_200\02_images_added_200_by_city_cluster\_08C_final_flat_added_200_after_manual_replacement_check_run_20260728_142934\Q367__cd_422077_104.079993698_30.6753113857.jpg,c3a697656633758f6823836edd5ad927e32abe6bb8fd961d574af4e585ca2116,Q367__cd_422077_104.0799937_30.67531139.jpg,D:\StreetView_Project\03_Output\clip_knn\questionnaire_sample_k25_500_added_200\08D_spatial_visual_proximity_check_run_20260728_143220\01_preliminary_flat_500\Q367__cd_422077_104.0799937_30.67531139.jpg,Q367__cd_422077_104.0799937_30.67531139.jpg,D:\StreetView_Project\03_Output\clip_knn\questionnaire_sample_k25_500_added_200\08F_final500_freeze_run_20260728_145702\01_final_flat_500\Q367__cd_422077_104.0799937_30.67531139.jpg,frozen_08F,D:\StreetView_Project\03_Output\clip_knn\questionnaire_sample_k25_500_added_200\08D_spatial_visual_proximity_check_run_20260728_143220
Q368,added_200,CD_52466,chengdu,104.0158187,30.6525842,202303,cd_52466_104.015818685_30.6525842012.jpg,D:\StreetView_Project\01_Data\Street_Images\chengdu\cd_streetview\cd_52466_104.015818685_30.6525842012.jpg,17,0.2190341353416443,center,成都生活性街道/社区商业道路,Q368__cd_52466_104.0158187_30.6525842.jpg,D:\StreetView_Project\03_Output\clip_knn\questionnaire_sample_k25_500_added_200\08F_final500_freeze_run_20260728_145702\01_final_flat_500\Q368__cd_52466_104.0158187_30.6525842.jpg,CD_52466,False,False,matched_not_replaced,Q368__cd_52466_104.015818685_30.6525842012.jpg,D:\StreetView_Project\03_Output\clip_knn\questionnaire_sample_k25_500_added_200\02_images_added_200_by_city_cluster\_08C_final_flat_added_200_after_manual_replacement_check_run_20260728_142934\Q368__cd_52466_104.015818685_30.6525842012.jpg,33b94da74c39f7d950ace97e21050d48aabcd58a799e4e9ae46e7cce698663ee,202303,cd_52466_104.015818685_30.6525842012.jpg,D:\StreetView_Project\01_Data\Street_Images\chengdu\cd_streetview\cd_52466_104.015818685_30.6525842012.jpg,D:\StreetView_Project\01_Data\Street_Images\chengdu\cd_streetview\cd_52466_104.015818685_30.6525842012.jpg,0.2190341353416443,D:\StreetView_Project\03_Output\clip_knn\questionnaire_sample_k25_500_added_200\02_images_added_200_by_city_cluster\_08C_final_flat_added_200_after_manual_replacement_check_run_20260728_142934\Q368__cd_52466_104.015818685_30.6525842012.jpg,33b94da74c39f7d950ace97e21050d48aabcd58a799e4e9ae46e7cce698663ee,Q368__cd_52466_104.0158187_30.6525842.jpg,D:\StreetView_Project\03_Output\clip_knn\questionnaire_sample_k25_500_added_200\08D_spatial_visual_proximity_check_run_20260728_143220\01_preliminary_flat_500\Q368__cd_52466_104.0158187_30.6525842.jpg,Q368__cd_52466_104.0158187_30.6525842.jpg,D:\StreetView_Project\03_Output\clip_knn\questionnaire_sample_k25_500_added_200\08F_final500_freeze_run_20260728_145702\01_final_flat_500\Q368__cd_52466_104.0158187_30.6525842.jpg,frozen_08F,D:\StreetView_Project\03_Output\clip_knn\questionnaire_sample_k25_500_added_200\08D_spatial_visual_proximity_check_run_20260728_143220
Q369,added_200,CD_472435,chengdu,104.057078,30.62724127,202303,cd_472435_104.057077969_30.6272412717.jpg,D:\StreetView_Project\01_Data\Street_Images\chengdu\cd_streetview\cd_472435_104.057077969_30.6272412717.jpg,17,0.2218513786792755,center,成都生活性街道/社区商业道路,Q369__cd_472435_104.057078_30.62724127.jpg,D:\StreetView_Project\03_Output\clip_knn\questionnaire_sample_k25_500_added_200\08F_final500_freeze_run_20260728_145702\01_final_flat_500\Q369__cd_472435_104.057078_30.62724127.jpg,CD_472435,False,False,matched_not_replaced,Q369__cd_472435_104.057077969_30.6272412717.jpg,D:\StreetView_Project\03_Output\clip_knn\questionnaire_sample_k25_500_added_200\02_images_added_200_by_city_cluster\_08C_final_flat_added_200_after_manual_replacement_check_run_20260728_142934\Q369__cd_472435_104.057077969_30.6272412717.jpg,bd32d38963a4c514884e12f5f1c0ddc1d759c244fdfa5d4791b508197e59b95e,202303,cd_472435_104.057077969_30.6272412717.jpg,D:\StreetView_Project\01_Data\Street_Images\chengdu\cd_streetview\cd_472435_104.057077969_30.6272412717.jpg,D:\StreetView_Project\01_Data\Street_Images\chengdu\cd_streetview\cd_472435_104.057077969_30.6272412717.jpg,0.2218513786792755,D:\StreetView_Project\03_Output\clip_knn\questionnaire_sample_k25_500_added_200\02_images_added_200_by_city_cluster\_08C_final_flat_added_200_after_manual_replacement_check_run_20260728_142934\Q369__cd_472435_104.057077969_30.6272412717.jpg,bd32d38963a4c514884e12f5f1c0ddc1d759c244fdfa5d4791b508197e59b95e,Q369__cd_472435_104.057078_30.62724127.jpg,D:\StreetView_Project\03_Output\clip_knn\questionnaire_sample_k25_500_added_200\08D_spatial_visual_proximity_check_run_20260728_143220\01_preliminary_flat_500\Q369__cd_472435_104.057078_30.62724127.jpg,Q369__cd_472435_104.057078_30.62724127.jpg,D:\StreetView_Project\03_Output\clip_knn\questionnaire_sample_k25_500_added_200\08F_final500_freeze_run_20260728_145702\01_final_flat_500\Q369__cd_472435_104.057078_30.62724127.jpg,frozen_08F,D:\StreetView_Project\03_Output\clip_knn\questionnaire_sample_k25_500_added_200\08D_spatial_visual_proximity_check_run_20260728_143220
Q370,added_200,CD_468425,chengdu,104.1032251,30.61889879,201903,cd_468425_104.103225055_30.6188987935.jpg,D:\StreetView_Project\01_Data\Street_Images\chengdu\cd_streetview\cd_468425_104.103225055_30.6188987935.jpg,17,0.2587098777294159,middle,成都生活性街道/社区商业道路,Q370__cd_468425_104.1032251_30.61889879.jpg,D:\StreetView_Project\03_Output\clip_knn\questionnaire_sample_k25_500_added_200\08F_final500_freeze_run_20260728_145702\01_final_flat_500\Q370__cd_468425_104.1032251_30.61889879.jpg,CD_54542,True,True,matched_replaced,Q370__cd_468425_104.103225055_30.6188987935.jpg,D:\StreetView_Project\03_Output\clip_knn\questionnaire_sample_k25_500_added_200\02_images_added_200_by_city_cluster\_08C_final_flat_added_200_after_manual_replacement_check_run_20260728_142934\Q370__cd_468425_104.103225055_30.6188987935.jpg,6a63f9c2332e20c87e6953900501206baa9ecdea7120303d8e1c45f3f90f3188,201903,cd_468425_104.103225055_30.6188987935.jpg,D:\StreetView_Project\01_Data\Street_Images\chengdu\cd_streetview\cd_468425_104.103225055_30.6188987935.jpg,D:\StreetView_Project\01_Data\Street_Images\chengdu\cd_streetview\cd_468425_104.103225055_30.6188987935.jpg,0.2587098777294159,D:\StreetView_Project\03_Output\clip_knn\questionnaire_sample_k25_500_added_200\02_images_added_200_by_city_cluster\_08C_final_flat_added_200_after_manual_replacement_check_run_20260728_142934\Q370__cd_468425_104.103225055_30.6188987935.jpg,6a63f9c2332e20c87e6953900501206baa9ecdea7120303d8e1c45f3f90f3188,Q370__cd_468425_104.1032251_30.61889879.jpg,D:\StreetView_Project\03_Output\clip_knn\questionnaire_sample_k25_500_added_200\08D_spatial_visual_proximity_check_run_20260728_143220\01_preliminary_flat_500\Q370__cd_468425_104.1032251_30.61889879.jpg,Q370__cd_468425_104.1032251_30.61889879.jpg,D:\StreetView_Project\03_Output\clip_knn\questionnaire_sample_k25_500_added_200\08F_final500_freeze_run_20260728_145702\01_final_flat_500\Q370__cd_468425_104.1032251_30.61889879.jpg,frozen_08F,D:\StreetView_Project\03_Output\clip_knn\questionnaire_sample_k25_500_added_200\08D_spatial_visual_proximity_check_run_20260728_143220
Q371,added_200,CD_405642,chengdu,103.9900543,30.67507706,202002,cd_405642_103.990054339_30.6750770558.jpg,D:\StreetView_Project\01_Data\Street_Images\chengdu\cd_streetview\cd_405642_103.990054339_30.6750770558.jpg,17,0.2347249090671539,middle,成都生活性街道/社区商业道路,Q371__cd_405642_103.9900543_30.67507706.jpg,D:\StreetView_Project\03_Output\clip_knn\questionnaire_sample_k25_500_added_200\08F_final500_freeze_run_20260728_145702\01_final_flat_500\Q371__cd_405642_103.9900543_30.67507706.jpg,CD_405642,False,False,matched_not_replaced,Q371__cd_405642_103.990054339_30.6750770558.jpg,D:\StreetView_Project\03_Output\clip_knn\questionnaire_sample_k25_500_added_200\02_images_added_200_by_city_cluster\_08C_final_flat_added_200_after_manual_replacement_check_run_20260728_142934\Q371__cd_405642_103.990054339_30.6750770558.jpg,34ca35880355dbb7b6a50b1f494c3d0bf8379969582680e2a378f04227ecd376,202002,cd_405642_103.990054339_30.6750770558.jpg,D:\StreetView_Project\01_Data\Street_Images\chengdu\cd_streetview\cd_405642_103.990054339_30.6750770558.jpg,D:\StreetView_Project\01_Data\Street_Images\chengdu\cd_streetview\cd_405642_103.990054339_30.6750770558.jpg,0.2347249090671539,D:\StreetView_Project\03_Output\clip_knn\questionnaire_sample_k25_500_added_200\02_images_added_200_by_city_cluster\_08C_final_flat_added_200_after_manual_replacement_check_run_20260728_142934\Q371__cd_405642_103.990054339_30.6750770558.jpg,34ca35880355dbb7b6a50b1f494c3d0bf8379969582680e2a378f04227ecd376,Q371__cd_405642_103.9900543_30.67507706.jpg,D:\StreetView_Project\03_Output\clip_knn\questionnaire_sample_k25_500_added_200\08D_spatial_visual_proximity_check_run_20260728_143220\01_preliminary_flat_500\Q371__cd_405642_103.9900543_30.67507706.jpg,Q371__cd_405642_103.9900543_30.67507706.jpg,D:\StreetView_Project\03_Output\clip_knn\questionnaire_sample_k25_500_added_200\08F_final500_freeze_run_20260728_145702\01_final_flat_500\Q371__cd_405642_103.9900543_30.67507706.jpg,frozen_08F,D:\StreetView_Project\03_Output\clip_knn\questionnaire_sample_k25_500_added_200\08D_spatial_visual_proximity_check_run_20260728_143220
Q372,added_200,CD_421737,chengdu,104.0375853,30.69755045,202002,cd_421737_104.037585324_30.6975504511.jpg,D:\StreetView_Project\01_Data\Street_Images\chengdu\cd_streetview\cd_421737_104.037585324_30.6975504511.jpg,17,0.2684755921363831,edge,成都生活性街道/社区商业道路,Q372__cd_421737_104.0375853_30.69755045.jpg,D:\StreetView_Project\03_Output\clip_knn\questionnaire_sample_k25_500_added_200\08F_final500_freeze_run_20260728_145702\01_final_flat_500\Q372__cd_421737_104.0375853_30.69755045.jpg,CD_463489,True,True,matched_replaced,Q372__cd_421737_104.037585324_30.6975504511.jpg,D:\StreetView_Project\03_Output\clip_knn\questionnaire_sample_k25_500_added_200\02_images_added_200_by_city_cluster\_08C_final_flat_added_200_after_manual_replacement_check_run_20260728_142934\Q372__cd_421737_104.037585324_30.6975504511.jpg,97d128f8be6d4c1a9f2058383426b921ea4e360e060d4b77477d9de039293e5b,202002,cd_421737_104.037585324_30.6975504511.jpg,D:\StreetView_Project\01_Data\Street_Images\chengdu\cd_streetview\cd_421737_104.037585324_30.6975504511.jpg,D:\StreetView_Project\01_Data\Street_Images\chengdu\cd_streetview\cd_421737_104.037585324_30.6975504511.jpg,0.2684755921363831,D:\StreetView_Project\03_Output\clip_knn\questionnaire_sample_k25_500_added_200\02_images_added_200_by_city_cluster\_08C_final_flat_added_200_after_manual_replacement_check_run_20260728_142934\Q372__cd_421737_104.037585324_30.6975504511.jpg,97d128f8be6d4c1a9f2058383426b921ea4e360e060d4b77477d9de039293e5b,Q372__cd_421737_104.0375853_30.69755045.jpg,D:\StreetView_Project\03_Output\clip_knn\questionnaire_sample_k25_500_added_200\08D_spatial_visual_proximity_check_run_20260728_143220\01_preliminary_flat_500\Q372__cd_421737_104.0375853_30.69755045.jpg,Q372__cd_421737_104.0375853_30.69755045.jpg,D:\StreetView_Project\03_Output\clip_knn\questionnaire_sample_k25_500_added_200\08F_final500_freeze_run_20260728_145702\01_final_flat_500\Q372__cd_421737_104.0375853_30.69755045.jpg,frozen_08F,D:\StreetView_Project\03_Output\clip_knn\questionnaire_sample_k25_500_added_200\08D_spatial_visual_proximity_check_run_20260728_143220
Q373,added_200,CD_421827,chengdu,104.0235927,30.69835597,202304,cd_421827_104.023592682_30.6983559724.jpg,D:\StreetView_Project\01_Data\Street_Images\chengdu\cd_streetview\cd_421827_104.023592682_30.6983559724.jpg,17,0.2523626089096069,middle,成都生活性街道/社区商业道路,Q373__cd_421827_104.0235927_30.69835597.jpg,D:\StreetView_Project\03_Output\clip_knn\questionnaire_sample_k25_500_added_200\08F_final500_freeze_run_20260728_145702\01_final_flat_500\Q373__cd_421827_104.0235927_30.69835597.jpg,CD_421827,False,False,matched_not_replaced,Q373__cd_421827_104.023592682_30.6983559724.jpg,D:\StreetView_Project\03_Output\clip_knn\questionnaire_sample_k25_500_added_200\02_images_added_200_by_city_cluster\_08C_final_flat_added_200_after_manual_replacement_check_run_20260728_142934\Q373__cd_421827_104.023592682_30.6983559724.jpg,33f87d6e150a09a2fa54d7b98db5d704be1e4b0cd2de4edb2183973939a0697b,202304,cd_421827_104.023592682_30.6983559724.jpg,D:\StreetView_Project\01_Data\Street_Images\chengdu\cd_streetview\cd_421827_104.023592682_30.6983559724.jpg,D:\StreetView_Project\01_Data\Street_Images\chengdu\cd_streetview\cd_421827_104.023592682_30.6983559724.jpg,0.2523626089096069,D:\StreetView_Project\03_Output\clip_knn\questionnaire_sample_k25_500_added_200\02_images_added_200_by_city_cluster\_08C_final_flat_added_200_after_manual_replacement_check_run_20260728_142934\Q373__cd_421827_104.023592682_30.6983559724.jpg,33f87d6e150a09a2fa54d7b98db5d704be1e4b0cd2de4edb2183973939a0697b,Q373__cd_421827_104.0235927_30.69835597.jpg,D:\StreetView_Project\03_Output\clip_knn\questionnaire_sample_k25_500_added_200\08D_spatial_visual_proximity_check_run_20260728_143220\01_preliminary_flat_500\Q373__cd_421827_104.0235927_30.69835597.jpg,Q373__cd_421827_104.0235927_30.69835597.jpg,D:\StreetView_Project\03_Output\clip_knn\questionnaire_sample_k25_500_added_200\08F_final500_freeze_run_20260728_145702\01_final_flat_500\Q373__cd_421827_104.0235927_30.69835597.jpg,frozen_08F,D:\StreetView_Project\03_Output\clip_knn\questionnaire_sample_k25_500_added_200\08D_spatial_visual_proximity_check_run_20260728_143220
Q374,added_200,CD_420749,chengdu,104.0421577,30.69939995,201904,cd_420749_104.042157706_30.69939995.jpg,D:\StreetView_Project\01_Data\Street_Images\chengdu\cd_streetview\cd_420749_104.042157706_30.69939995.jpg,17,0.3064643442630768,edge,成都生活性街道/社区商业道路,Q374__cd_420749_104.0421577_30.69939995.jpg,D:\StreetView_Project\03_Output\clip_knn\questionnaire_sample_k25_500_added_200\08F_final500_freeze_run_20260728_145702\01_final_flat_500\Q374__cd_420749_104.0421577_30.69939995.jpg,CD_420749,False,False,matched_not_replaced,Q374__cd_420749_104.042157706_30.69939995.jpg,D:\StreetView_Project\03_Output\clip_knn\questionnaire_sample_k25_500_added_200\02_images_added_200_by_city_cluster\_08C_final_flat_added_200_after_manual_replacement_check_run_20260728_142934\Q374__cd_420749_104.042157706_30.69939995.jpg,9a08a9d2c17b576af6744b04bbe4d58bf7adca00812dc7fcb37aa10212c27acc,201904,cd_420749_104.042157706_30.69939995.jpg,D:\StreetView_Project\01_Data\Street_Images\chengdu\cd_streetview\cd_420749_104.042157706_30.69939995.jpg,D:\StreetView_Project\01_Data\Street_Images\chengdu\cd_streetview\cd_420749_104.042157706_30.69939995.jpg,0.3064643442630768,D:\StreetView_Project\03_Output\clip_knn\questionnaire_sample_k25_500_added_200\02_images_added_200_by_city_cluster\_08C_final_flat_added_200_after_manual_replacement_check_run_20260728_142934\Q374__cd_420749_104.042157706_30.69939995.jpg,9a08a9d2c17b576af6744b04bbe4d58bf7adca00812dc7fcb37aa10212c27acc,Q374__cd_420749_104.0421577_30.69939995.jpg,D:\StreetView_Project\03_Output\clip_knn\questionnaire_sample_k25_500_added_200\08D_spatial_visual_proximity_check_run_20260728_143220\01_preliminary_flat_500\Q374__cd_420749_104.0421577_30.69939995.jpg,Q374__cd_420749_104.0421577_30.69939995.jpg,D:\StreetView_Project\03_Output\clip_knn\questionnaire_sample_k25_500_added_200\08F_final500_freeze_run_20260728_145702\01_final_flat_500\Q374__cd_420749_104.0421577_30.69939995.jpg,frozen_08F,D:\StreetView_Project\03_Output\clip_knn\questionnaire_sample_k25_500_added_200\08D_spatial_visual_proximity_check_run_20260728_143220
Q375,added_200,CD_468274,chengdu,104.1083306,30.62304367,202304,cd_468274_104.108330599_30.6230436691.jpg,D:\StreetView_Project\01_Data\Street_Images\chengdu\cd_streetview\cd_468274_104.108330599_30.6230436691.jpg,18,0.2290850579738617,center,开敞绿化道路/公园边界道路,Q375__cd_468274_104.1083306_30.62304367.jpg,D:\StreetView_Project\03_Output\clip_knn\questionnaire_sample_k25_500_added_200\08F_final500_freeze_run_20260728_145702\01_final_flat_500\Q375__cd_468274_104.1083306_30.62304367.jpg,CD_468274,False,False,matched_not_replaced,Q375__cd_468274_104.108330599_30.6230436691.jpg,D:\StreetView_Project\03_Output\clip_knn\questionnaire_sample_k25_500_added_200\02_images_added_200_by_city_cluster\_08C_final_flat_added_200_after_manual_replacement_check_run_20260728_142934\Q375__cd_468274_104.108330599_30.6230436691.jpg,5c963a87ec607be8c7a177888f2eb8a5bad33aa21af12e13c95796e5c9180f5c,202304,cd_468274_104.108330599_30.6230436691.jpg,D:\StreetView_Project\01_Data\Street_Images\chengdu\cd_streetview\cd_468274_104.108330599_30.6230436691.jpg,D:\StreetView_Project\01_Data\Street_Images\chengdu\cd_streetview\cd_468274_104.108330599_30.6230436691.jpg,0.2290850579738617,D:\StreetView_Project\03_Output\clip_knn\questionnaire_sample_k25_500_added_200\02_images_added_200_by_city_cluster\_08C_final_flat_added_200_after_manual_replacement_check_run_20260728_142934\Q375__cd_468274_104.108330599_30.6230436691.jpg,5c963a87ec607be8c7a177888f2eb8a5bad33aa21af12e13c95796e5c9180f5c,Q375__cd_468274_104.1083306_30.62304367.jpg,D:\StreetView_Project\03_Output\clip_knn\questionnaire_sample_k25_500_added_200\08D_spatial_visual_proximity_check_run_20260728_143220\01_preliminary_flat_500\Q375__cd_468274_104.1083306_30.62304367.jpg,Q375__cd_468274_104.1083306_30.62304367.jpg,D:\StreetView_Project\03_Output\clip_knn\questionnaire_sample_k25_500_added_200\08F_final500_freeze_run_20260728_145702\01_final_flat_500\Q375__cd_468274_104.1083306_30.62304367.jpg,frozen_08F,D:\StreetView_Project\03_Output\clip_knn\questionnaire_sample_k25_500_added_200\08D_spatial_visual_proximity_check_run_20260728_143220
Q376,added_200,CD_464604,chengdu,104.0302443,30.61058544,202303,cd_464604_104.030244346_30.610585439.jpg,D:\StreetView_Project\01_Data\Street_Images\chengdu\cd_streetview\cd_464604_104.030244346_30.610585439.jpg,18,0.2434218972921371,center,开敞绿化道路/公园边界道路,Q376__cd_464604_104.0302443_30.61058544.jpg,D:\StreetView_Project\03_Output\clip_knn\questionnaire_sample_k25_500_added_200\08F_final500_freeze_run_20260728_145702\01_final_flat_500\Q376__cd_464604_104.0302443_30.61058544.jpg,CD_464604,False,False,matched_not_replaced,Q376__cd_464604_104.030244346_30.610585439.jpg,D:\StreetView_Project\03_Output\clip_knn\questionnaire_sample_k25_500_added_200\02_images_added_200_by_city_cluster\_08C_final_flat_added_200_after_manual_replacement_check_run_20260728_142934\Q376__cd_464604_104.030244346_30.610585439.jpg,685a27414b8e7763b446fbe44b72fc83d94a4fc4187277f691de90040d66c45e,202303,cd_464604_104.030244346_30.610585439.jpg,D:\StreetView_Project\01_Data\Street_Images\chengdu\cd_streetview\cd_464604_104.030244346_30.610585439.jpg,D:\StreetView_Project\01_Data\Street_Images\chengdu\cd_streetview\cd_464604_104.030244346_30.610585439.jpg,0.2434218972921371,D:\StreetView_Project\03_Output\clip_knn\questionnaire_sample_k25_500_added_200\02_images_added_200_by_city_cluster\_08C_final_flat_added_200_after_manual_replacement_check_run_20260728_142934\Q376__cd_464604_104.030244346_30.610585439.jpg,685a27414b8e7763b446fbe44b72fc83d94a4fc4187277f691de90040d66c45e,Q376__cd_464604_104.0302443_30.61058544.jpg,D:\StreetView_Project\03_Output\clip_knn\questionnaire_sample_k25_500_added_200\08D_spatial_visual_proximity_check_run_20260728_143220\01_preliminary_flat_500\Q376__cd_464604_104.0302443_30.61058544.jpg,Q376__cd_464604_104.0302443_30.61058544.jpg,D:\StreetView_Project\03_Output\clip_knn\questionnaire_sample_k25_500_added_200\08F_final500_freeze_run_20260728_145702\01_final_flat_500\Q376__cd_464604_104.0302443_30.61058544.jpg,frozen_08F,D:\StreetView_Project\03_Output\clip_knn\questionnaire_sample_k25_500_added_200\08D_spatial_visual_proximity_check_run_20260728_143220
Q377,added_200,CD_35387,chengdu,104.0530897,30.72800742,201707,cd_35387_104.053089652_30.7280074162.jpg,D:\StreetView_Project\01_Data\Street_Images\chengdu\cd_streetview\cd_35387_104.053089652_30.7280074162.jpg,18,0.2596839666366577,middle,开敞绿化道路/公园边界道路,Q377__cd_35387_104.0530897_30.72800742.jpg,D:\StreetView_Project\03_Output\clip_knn\questionnaire_sample_k25_500_added_200\08F_final500_freeze_run_20260728_145702\01_final_flat_500\Q377__cd_35387_104.0530897_30.72800742.jpg,CD_35387,False,False,matched_not_replaced,Q377__cd_35387_104.053089652_30.7280074162.jpg,D:\StreetView_Project\03_Output\clip_knn\questionnaire_sample_k25_500_added_200\02_images_added_200_by_city_cluster\_08C_final_flat_added_200_after_manual_replacement_check_run_20260728_142934\Q377__cd_35387_104.053089652_30.7280074162.jpg,a568c0ac6dcbb2f8e00975507c8d0c3de3292c839de8648a7fd7df274e3dabbf,201707,cd_35387_104.053089652_30.7280074162.jpg,D:\StreetView_Project\01_Data\Street_Images\chengdu\cd_streetview\cd_35387_104.053089652_30.7280074162.jpg,D:\StreetView_Project\01_Data\Street_Images\chengdu\cd_streetview\cd_35387_104.053089652_30.7280074162.jpg,0.2596839666366577,D:\StreetView_Project\03_Output\clip_knn\questionnaire_sample_k25_500_added_200\02_images_added_200_by_city_cluster\_08C_final_flat_added_200_after_manual_replacement_check_run_20260728_142934\Q377__cd_35387_104.053089652_30.7280074162.jpg,a568c0ac6dcbb2f8e00975507c8d0c3de3292c839de8648a7fd7df274e3dabbf,Q377__cd_35387_104.0530897_30.72800742.jpg,D:\StreetView_Project\03_Output\clip_knn\questionnaire_sample_k25_500_added_200\08D_spatial_visual_proximity_check_run_20260728_143220\01_preliminary_flat_500\Q377__cd_35387_104.0530897_30.72800742.jpg,Q377__cd_35387_104.0530897_30.72800742.jpg,D:\StreetView_Project\03_Output\clip_knn\questionnaire_sample_k25_500_added_200\08F_final500_freeze_run_20260728_145702\01_final_flat_500\Q377__cd_35387_104.0530897_30.72800742.jpg,frozen_08F,D:\StreetView_Project\03_Output\clip_knn\questionnaire_sample_k25_500_added_200\08D_spatial_visual_proximity_check_run_20260728_143220
Q378,added_200,CD_465340,chengdu,104.0229305,30.61850494,201904,cd_465340_104.02293054_30.6185049352.jpg,D:\StreetView_Project\01_Data\Street_Images\chengdu\cd_streetview\cd_465340_104.02293054_30.6185049352.jpg,18,0.2921490073204041,edge,开敞绿化道路/公园边界道路,Q378__cd_465340_104.0229305_30.61850494.jpg,D:\StreetView_Project\03_Output\clip_knn\questionnaire_sample_k25_500_added_200\08F_final500_freeze_run_20260728_145702\01_final_flat_500\Q378__cd_465340_104.0229305_30.61850494.jpg,CD_471823,True,True,matched_replaced,Q378__cd_465340_104.02293054_30.6185049352.jpg,D:\StreetView_Project\03_Output\clip_knn\questionnaire_sample_k25_500_added_200\02_images_added_200_by_city_cluster\_08C_final_flat_added_200_after_manual_replacement_check_run_20260728_142934\Q378__cd_465340_104.02293054_30.6185049352.jpg,56b1562f2d864b34cd4f3e1b47d1a7c79062c99d53c81a7b436300fc0e463b12,201904,cd_465340_104.02293054_30.6185049352.jpg,D:\StreetView_Project\01_Data\Street_Images\chengdu\cd_streetview\cd_465340_104.02293054_30.6185049352.jpg,D:\StreetView_Project\01_Data\Street_Images\chengdu\cd_streetview\cd_465340_104.02293054_30.6185049352.jpg,0.2921490073204041,D:\StreetView_Project\03_Output\clip_knn\questionnaire_sample_k25_500_added_200\02_images_added_200_by_city_cluster\_08C_final_flat_added_200_after_manual_replacement_check_run_20260728_142934\Q378__cd_465340_104.02293054_30.6185049352.jpg,56b1562f2d864b34cd4f3e1b47d1a7c79062c99d53c81a7b436300fc0e463b12,Q378__cd_465340_104.0229305_30.61850494.jpg,D:\StreetView_Project\03_Output\clip_knn\questionnaire_sample_k25_500_added_200\08D_spatial_visual_proximity_check_run_20260728_143220\01_preliminary_flat_500\Q378__cd_465340_104.0229305_30.61850494.jpg,Q378__cd_465340_104.0229305_30.61850494.jpg,D:\StreetView_Project\03_Output\clip_knn\questionnaire_sample_k25_500_added_200\08F_final500_freeze_run_20260728_145702\01_final_flat_500\Q378__cd_465340_104.0229305_30.61850494.jpg,frozen_08F,D:\StreetView_Project\03_Output\clip_knn\questionnaire_sample_k25_500_added_200\08D_spatial_visual_proximity_check_run_20260728_143220
Q379,added_200,CD_411662,chengdu,104.0791791,30.71184217,201903,cd_411662_104.079179107_30.7118421661.jpg,D:\StreetView_Project\01_Data\Street_Images\chengdu\cd_streetview\cd_411662_104.079179107_30.7118421661.jpg,18,0.3508725464344025,edge,开敞绿化道路/公园边界道路,Q379__cd_411662_104.0791791_30.71184217.jpg,D:\StreetView_Project\03_Output\clip_knn\questionnaire_sample_k25_500_added_200\08F_final500_freeze_run_20260728_145702\01_final_flat_500\Q379__cd_411662_104.0791791_30.71184217.jpg,CD_411662,False,False,matched_not_replaced,Q379__cd_411662_104.079179107_30.7118421661.jpg,D:\StreetView_Project\03_Output\clip_knn\questionnaire_sample_k25_500_added_200\02_images_added_200_by_city_cluster\_08C_final_flat_added_200_after_manual_replacement_check_run_20260728_142934\Q379__cd_411662_104.079179107_30.7118421661.jpg,ccf90574c9187a8f53bf3b8b36e438bd69216244a6ae2a277aa99844901f0012,201903,cd_411662_104.079179107_30.7118421661.jpg,D:\StreetView_Project\01_Data\Street_Images\chengdu\cd_streetview\cd_411662_104.079179107_30.7118421661.jpg,D:\StreetView_Project\01_Data\Street_Images\chengdu\cd_streetview\cd_411662_104.079179107_30.7118421661.jpg,0.3508725464344025,D:\StreetView_Project\03_Output\clip_knn\questionnaire_sample_k25_500_added_200\02_images_added_200_by_city_cluster\_08C_final_flat_added_200_after_manual_replacement_check_run_20260728_142934\Q379__cd_411662_104.079179107_30.7118421661.jpg,ccf90574c9187a8f53bf3b8b36e438bd69216244a6ae2a277aa99844901f0012,Q379__cd_411662_104.0791791_30.71184217.jpg,D:\StreetView_Project\03_Output\clip_knn\questionnaire_sample_k25_500_added_200\08D_spatial_visual_proximity_check_run_20260728_143220\01_preliminary_flat_500\Q379__cd_411662_104.0791791_30.71184217.jpg,Q379__cd_411662_104.0791791_30.71184217.jpg,D:\StreetView_Project\03_Output\clip_knn\questionnaire_sample_k25_500_added_200\08F_final500_freeze_run_20260728_145702\01_final_flat_500\Q379__cd_411662_104.0791791_30.71184217.jpg,frozen_08F,D:\StreetView_Project\03_Output\clip_knn\questionnaire_sample_k25_500_added_200\08D_spatial_visual_proximity_check_run_20260728_143220
Q380,added_200,CD_53554,chengdu,104.1162325,30.6664165,201904,cd_53554_104.116232474_30.6664164979.jpg,D:\StreetView_Project\01_Data\Street_Images\chengdu\cd_streetview\cd_53554_104.116232474_30.6664164979.jpg,19,0.2482419162988663,center,晴天开敞主干路/低密道路,Q380__cd_53554_104.1162325_30.6664165.jpg,D:\StreetView_Project\03_Output\clip_knn\questionnaire_sample_k25_500_added_200\08F_final500_freeze_run_20260728_145702\01_final_flat_500\Q380__cd_53554_104.1162325_30.6664165.jpg,CD_53554,False,False,matched_not_replaced,Q380__cd_53554_104.116232474_30.6664164979.jpg,D:\StreetView_Project\03_Output\clip_knn\questionnaire_sample_k25_500_added_200\02_images_added_200_by_city_cluster\_08C_final_flat_added_200_after_manual_replacement_check_run_20260728_142934\Q380__cd_53554_104.116232474_30.6664164979.jpg,b7c27448769d681a83ae2cb4c48083d32e7d078356be6001f90fd0478b3593a6,201904,cd_53554_104.116232474_30.6664164979.jpg,D:\StreetView_Project\01_Data\Street_Images\chengdu\cd_streetview\cd_53554_104.116232474_30.6664164979.jpg,D:\StreetView_Project\01_Data\Street_Images\chengdu\cd_streetview\cd_53554_104.116232474_30.6664164979.jpg,0.2482419162988663,D:\StreetView_Project\03_Output\clip_knn\questionnaire_sample_k25_500_added_200\02_images_added_200_by_city_cluster\_08C_final_flat_added_200_after_manual_replacement_check_run_20260728_142934\Q380__cd_53554_104.116232474_30.6664164979.jpg,b7c27448769d681a83ae2cb4c48083d32e7d078356be6001f90fd0478b3593a6,Q380__cd_53554_104.1162325_30.6664165.jpg,D:\StreetView_Project\03_Output\clip_knn\questionnaire_sample_k25_500_added_200\08D_spatial_visual_proximity_check_run_20260728_143220\01_preliminary_flat_500\Q380__cd_53554_104.1162325_30.6664165.jpg,Q380__cd_53554_104.1162325_30.6664165.jpg,D:\StreetView_Project\03_Output\clip_knn\questionnaire_sample_k25_500_added_200\08F_final500_freeze_run_20260728_145702\01_final_flat_500\Q380__cd_53554_104.1162325_30.6664165.jpg,frozen_08F,D:\StreetView_Project\03_Output\clip_knn\questionnaire_sample_k25_500_added_200\08D_spatial_visual_proximity_check_run_20260728_143220
Q381,added_200,CD_411519,chengdu,104.1003074,30.70374666,202304,cd_411519_104.100307351_30.7037466643.jpg,D:\StreetView_Project\01_Data\Street_Images\chengdu\cd_streetview\cd_411519_104.100307351_30.7037466643.jpg,19,0.2536527514457703,center,晴天开敞主干路/低密道路,Q381__cd_411519_104.1003074_30.70374666.jpg,D:\StreetView_Project\03_Output\clip_knn\questionnaire_sample_k25_500_added_200\08F_final500_freeze_run_20260728_145702\01_final_flat_500\Q381__cd_411519_104.1003074_30.70374666.jpg,CD_411519,False,False,matched_not_replaced,Q381__cd_411519_104.100307351_30.7037466643.jpg,D:\StreetView_Project\03_Output\clip_knn\questionnaire_sample_k25_500_added_200\02_images_added_200_by_city_cluster\_08C_final_flat_added_200_after_manual_replacement_check_run_20260728_142934\Q381__cd_411519_104.100307351_30.7037466643.jpg,f8d46484a5157d28b5297ffb1e4e3d459e4182e88abf4cdf1c8c9ff3dd810a64,202304,cd_411519_104.100307351_30.7037466643.jpg,D:\StreetView_Project\01_Data\Street_Images\chengdu\cd_streetview\cd_411519_104.100307351_30.7037466643.jpg,D:\StreetView_Project\01_Data\Street_Images\chengdu\cd_streetview\cd_411519_104.100307351_30.7037466643.jpg,0.2536527514457703,D:\StreetView_Project\03_Output\clip_knn\questionnaire_sample_k25_500_added_200\02_images_added_200_by_city_cluster\_08C_final_flat_added_200_after_manual_replacement_check_run_20260728_142934\Q381__cd_411519_104.100307351_30.7037466643.jpg,f8d46484a5157d28b5297ffb1e4e3d459e4182e88abf4cdf1c8c9ff3dd810a64,Q381__cd_411519_104.1003074_30.70374666.jpg,D:\StreetView_Project\03_Output\clip_knn\questionnaire_sample_k25_500_added_200\08D_spatial_visual_proximity_check_run_20260728_143220\01_preliminary_flat_500\Q381__cd_411519_104.1003074_30.70374666.jpg,Q381__cd_411519_104.1003074_30.70374666.jpg,D:\StreetView_Project\03_Output\clip_knn\questionnaire_sample_k25_500_added_200\08F_final500_freeze_run_20260728_145702\01_final_flat_500\Q381__cd_411519_104.1003074_30.70374666.jpg,frozen_08F,D:\StreetView_Project\03_Output\clip_knn\questionnaire_sample_k25_500_added_200\08D_spatial_visual_proximity_check_run_20260728_143220
Q382,added_200,CD_96564,chengdu,103.9988173,30.67757921,202303,cd_96564_103.998817304_30.6775792094.jpg,D:\StreetView_Project\01_Data\Street_Images\chengdu\cd_streetview\cd_96564_103.998817304_30.6775792094.jpg,19,0.2644268572330475,center,晴天开敞主干路/低密道路,Q382__cd_96564_103.9988173_30.67757921.jpg,D:\StreetView_Project\03_Output\clip_knn\questionnaire_sample_k25_500_added_200\08F_final500_freeze_run_20260728_145702\01_final_flat_500\Q382__cd_96564_103.9988173_30.67757921.jpg,CD_96564,False,False,matched_not_replaced,Q382__cd_96564_103.998817304_30.6775792094.jpg,D:\StreetView_Project\03_Output\clip_knn\questionnaire_sample_k25_500_added_200\02_images_added_200_by_city_cluster\_08C_final_flat_added_200_after_manual_replacement_check_run_20260728_142934\Q382__cd_96564_103.998817304_30.6775792094.jpg,91650f8277a4e250229e7041a9927ef9487fb8bb1acaad8e9386960f97a80adb,202303,cd_96564_103.998817304_30.6775792094.jpg,D:\StreetView_Project\01_Data\Street_Images\chengdu\cd_streetview\cd_96564_103.998817304_30.6775792094.jpg,D:\StreetView_Project\01_Data\Street_Images\chengdu\cd_streetview\cd_96564_103.998817304_30.6775792094.jpg,0.2644268572330475,D:\StreetView_Project\03_Output\clip_knn\questionnaire_sample_k25_500_added_200\02_images_added_200_by_city_cluster\_08C_final_flat_added_200_after_manual_replacement_check_run_20260728_142934\Q382__cd_96564_103.998817304_30.6775792094.jpg,91650f8277a4e250229e7041a9927ef9487fb8bb1acaad8e9386960f97a80adb,Q382__cd_96564_103.9988173_30.67757921.jpg,D:\StreetView_Project\03_Output\clip_knn\questionnaire_sample_k25_500_added_200\08D_spatial_visual_proximity_check_run_20260728_143220\01_preliminary_flat_500\Q382__cd_96564_103.9988173_30.67757921.jpg,Q382__cd_96564_103.9988173_30.67757921.jpg,D:\StreetView_Project\03_Output\clip_knn\questionnaire_sample_k25_500_added_200\08F_final500_freeze_run_20260728_145702\01_final_flat_500\Q382__cd_96564_103.9988173_30.67757921.jpg,frozen_08F,D:\StreetView_Project\03_Output\clip_knn\questionnaire_sample_k25_500_added_200\08D_spatial_visual_proximity_check_run_20260728_143220
Q383,added_200,CD_480658,chengdu,104.1367866,30.6396033,202004,cd_480658_104.13678657_30.6396032985.jpg,D:\StreetView_Project\01_Data\Street_Images\chengdu\cd_streetview\cd_480658_104.13678657_30.6396032985.jpg,19,0.2656540274620056,center,晴天开敞主干路/低密道路,Q383__cd_480658_104.1367866_30.6396033.jpg,D:\StreetView_Project\03_Output\clip_knn\questionnaire_sample_k25_500_added_200\08F_final500_freeze_run_20260728_145702\01_final_flat_500\Q383__cd_480658_104.1367866_30.6396033.jpg,CD_480658,False,False,matched_not_replaced,Q383__cd_480658_104.13678657_30.6396032985.jpg,D:\StreetView_Project\03_Output\clip_knn\questionnaire_sample_k25_500_added_200\02_images_added_200_by_city_cluster\_08C_final_flat_added_200_after_manual_replacement_check_run_20260728_142934\Q383__cd_480658_104.13678657_30.6396032985.jpg,74baa3e7581f263393798d5c5c2d391aae233d17a8079495a425b7ce456c9b1a,202004,cd_480658_104.13678657_30.6396032985.jpg,D:\StreetView_Project\01_Data\Street_Images\chengdu\cd_streetview\cd_480658_104.13678657_30.6396032985.jpg,D:\StreetView_Project\01_Data\Street_Images\chengdu\cd_streetview\cd_480658_104.13678657_30.6396032985.jpg,0.2656540274620056,D:\StreetView_Project\03_Output\clip_knn\questionnaire_sample_k25_500_added_200\02_images_added_200_by_city_cluster\_08C_final_flat_added_200_after_manual_replacement_check_run_20260728_142934\Q383__cd_480658_104.13678657_30.6396032985.jpg,74baa3e7581f263393798d5c5c2d391aae233d17a8079495a425b7ce456c9b1a,Q383__cd_480658_104.1367866_30.6396033.jpg,D:\StreetView_Project\03_Output\clip_knn\questionnaire_sample_k25_500_added_200\08D_spatial_visual_proximity_check_run_20260728_143220\01_preliminary_flat_500\Q383__cd_480658_104.1367866_30.6396033.jpg,Q383__cd_480658_104.1367866_30.6396033.jpg,D:\StreetView_Project\03_Output\clip_knn\questionnaire_sample_k25_500_added_200\08F_final500_freeze_run_20260728_145702\01_final_flat_500\Q383__cd_480658_104.1367866_30.6396033.jpg,frozen_08F,D:\StreetView_Project\03_Output\clip_knn\questionnaire_sample_k25_500_added_200\08D_spatial_visual_proximity_check_run_20260728_143220
Q384,added_200,CD_470973,chengdu,104.0848668,30.64198544,201904,cd_470973_104.084866784_30.6419854406.jpg,D:\StreetView_Project\01_Data\Street_Images\chengdu\cd_streetview\cd_470973_104.084866784_30.6419854406.jpg,19,0.2884396910667419,middle,晴天开敞主干路/低密道路,Q384__cd_470973_104.0848668_30.64198544.jpg,D:\StreetView_Project\03_Output\clip_knn\questionnaire_sample_k25_500_added_200\08F_final500_freeze_run_20260728_145702\01_final_flat_500\Q384__cd_470973_104.0848668_30.64198544.jpg,CD_221049,True,True,matched_replaced,Q384__cd_470973_104.084866784_30.6419854406.jpg,D:\StreetView_Project\03_Output\clip_knn\questionnaire_sample_k25_500_added_200\02_images_added_200_by_city_cluster\_08C_final_flat_added_200_after_manual_replacement_check_run_20260728_142934\Q384__cd_470973_104.084866784_30.6419854406.jpg,6483d15ae763ceb478ff807770b46370d5a5243c1271f136fae96d594e2c516e,201904,cd_470973_104.084866784_30.6419854406.jpg,D:\StreetView_Project\01_Data\Street_Images\chengdu\cd_streetview\cd_470973_104.084866784_30.6419854406.jpg,D:\StreetView_Project\01_Data\Street_Images\chengdu\cd_streetview\cd_470973_104.084866784_30.6419854406.jpg,0.2884396910667419,D:\StreetView_Project\03_Output\clip_knn\questionnaire_sample_k25_500_added_200\02_images_added_200_by_city_cluster\_08C_final_flat_added_200_after_manual_replacement_check_run_20260728_142934\Q384__cd_470973_104.084866784_30.6419854406.jpg,6483d15ae763ceb478ff807770b46370d5a5243c1271f136fae96d594e2c516e,Q384__cd_470973_104.0848668_30.64198544.jpg,D:\StreetView_Project\03_Output\clip_knn\questionnaire_sample_k25_500_added_200\08D_spatial_visual_proximity_check_run_20260728_143220\01_preliminary_flat_500\Q384__cd_470973_104.0848668_30.64198544.jpg,Q384__cd_470973_104.0848668_30.64198544.jpg,D:\StreetView_Project\03_Output\clip_knn\questionnaire_sample_k25_500_added_200\08F_final500_freeze_run_20260728_145702\01_final_flat_500\Q384__cd_470973_104.0848668_30.64198544.jpg,frozen_08F,D:\StreetView_Project\03_Output\clip_knn\questionnaire_sample_k25_500_added_200\08D_spatial_visual_proximity_check_run_20260728_143220
Q385,added_200,CD_421205,chengdu,104.0174105,30.68624085,202003,cd_421205_104.017410536_30.6862408458.jpg,D:\StreetView_Project\01_Data\Street_Images\chengdu\cd_streetview\cd_421205_104.017410536_30.6862408458.jpg,20,0.2499969601631165,center,林荫混合街道/绿化商业道路,Q385__cd_421205_104.0174105_30.68624085.jpg,D:\StreetView_Project\03_Output\clip_knn\questionnaire_sample_k25_500_added_200\08F_final500_freeze_run_20260728_145702\01_final_flat_500\Q385__cd_421205_104.0174105_30.68624085.jpg,CD_421205,False,False,matched_not_replaced,Q385__cd_421205_104.017410536_30.6862408458.jpg,D:\StreetView_Project\03_Output\clip_knn\questionnaire_sample_k25_500_added_200\02_images_added_200_by_city_cluster\_08C_final_flat_added_200_after_manual_replacement_check_run_20260728_142934\Q385__cd_421205_104.017410536_30.6862408458.jpg,1ca5cfc8f907f22a31f7c2797774bf262b631762e8a3b39e25e21a29215cabd7,202003,cd_421205_104.017410536_30.6862408458.jpg,D:\StreetView_Project\01_Data\Street_Images\chengdu\cd_streetview\cd_421205_104.017410536_30.6862408458.jpg,D:\StreetView_Project\01_Data\Street_Images\chengdu\cd_streetview\cd_421205_104.017410536_30.6862408458.jpg,0.2499969601631165,D:\StreetView_Project\03_Output\clip_knn\questionnaire_sample_k25_500_added_200\02_images_added_200_by_city_cluster\_08C_final_flat_added_200_after_manual_replacement_check_run_20260728_142934\Q385__cd_421205_104.017410536_30.6862408458.jpg,1ca5cfc8f907f22a31f7c2797774bf262b631762e8a3b39e25e21a29215cabd7,Q385__cd_421205_104.0174105_30.68624085.jpg,D:\StreetView_Project\03_Output\clip_knn\questionnaire_sample_k25_500_added_200\08D_spatial_visual_proximity_check_run_20260728_143220\01_preliminary_flat_500\Q385__cd_421205_104.0174105_30.68624085.jpg,Q385__cd_421205_104.0174105_30.68624085.jpg,D:\StreetView_Project\03_Output\clip_knn\questionnaire_sample_k25_500_added_200\08F_final500_freeze_run_20260728_145702\01_final_flat_500\Q385__cd_421205_104.0174105_30.68624085.jpg,frozen_08F,D:\StreetView_Project\03_Output\clip_knn\questionnaire_sample_k25_500_added_200\08D_spatial_visual_proximity_check_run_20260728_143220
Q386,added_200,CD_33819,chengdu,104.0636292,30.67578884,202003,cd_33819_104.063629187_30.6757888385.jpg,D:\StreetView_Project\01_Data\Street_Images\chengdu\cd_streetview\cd_33819_104.063629187_30.6757888385.jpg,20,0.3710794448852539,edge,林荫混合街道/绿化商业道路,Q386__cd_33819_104.0636292_30.67578884.jpg,D:\StreetView_Project\03_Output\clip_knn\questionnaire_sample_k25_500_added_200\08F_final500_freeze_run_20260728_145702\01_final_flat_500\Q386__cd_33819_104.0636292_30.67578884.jpg,CD_463813,True,False,detected_but_not_reported,Q386__cd_33819_104.063629187_30.6757888385.jpg,D:\StreetView_Project\03_Output\clip_knn\questionnaire_sample_k25_500_added_200\02_images_added_200_by_city_cluster\_08C_final_flat_added_200_after_manual_replacement_check_run_20260728_142934\Q386__cd_33819_104.063629187_30.6757888385.jpg,84b8e05084eebe1be2626b96920d05d01e6355c774fac368df8f490dbfd045fe,202003,cd_33819_104.063629187_30.6757888385.jpg,D:\StreetView_Project\01_Data\Street_Images\chengdu\cd_streetview\cd_33819_104.063629187_30.6757888385.jpg,D:\StreetView_Project\01_Data\Street_Images\chengdu\cd_streetview\cd_33819_104.063629187_30.6757888385.jpg,0.3710794448852539,D:\StreetView_Project\03_Output\clip_knn\questionnaire_sample_k25_500_added_200\02_images_added_200_by_city_cluster\_08C_final_flat_added_200_after_manual_replacement_check_run_20260728_142934\Q386__cd_33819_104.063629187_30.6757888385.jpg,84b8e05084eebe1be2626b96920d05d01e6355c774fac368df8f490dbfd045fe,Q386__cd_33819_104.0636292_30.67578884.jpg,D:\StreetView_Project\03_Output\clip_knn\questionnaire_sample_k25_500_added_200\08D_spatial_visual_proximity_check_run_20260728_143220\01_preliminary_flat_500\Q386__cd_33819_104.0636292_30.67578884.jpg,Q386__cd_33819_104.0636292_30.67578884.jpg,D:\StreetView_Project\03_Output\clip_knn\questionnaire_sample_k25_500_added_200\08F_final500_freeze_run_20260728_145702\01_final_flat_500\Q386__cd_33819_104.0636292_30.67578884.jpg,frozen_08F,D:\StreetView_Project\03_Output\clip_knn\questionnaire_sample_k25_500_added_200\08D_spatial_visual_proximity_check_run_20260728_143220
Q387,added_200,CD_472130,chengdu,104.0318873,30.64212011,202303,cd_472130_104.03188728_30.6421201091.jpg,D:\StreetView_Project\01_Data\Street_Images\chengdu\cd_streetview\cd_472130_104.03188728_30.6421201091.jpg,20,0.2842364013195038,middle,林荫混合街道/绿化商业道路,Q387__cd_472130_104.0318873_30.64212011.jpg,D:\StreetView_Project\03_Output\clip_knn\questionnaire_sample_k25_500_added_200\08F_final500_freeze_run_20260728_145702\01_final_flat_500\Q387__cd_472130_104.0318873_30.64212011.jpg,CD_472130,False,False,matched_not_replaced,Q387__cd_472130_104.03188728_30.6421201091.jpg,D:\StreetView_Project\03_Output\clip_knn\questionnaire_sample_k25_500_added_200\02_images_added_200_by_city_cluster\_08C_final_flat_added_200_after_manual_replacement_check_run_20260728_142934\Q387__cd_472130_104.03188728_30.6421201091.jpg,9deea1cc86a98e3e0923c83d08cc7c5b41c7d4f265915af0cc49966ef9a2843e,202303,cd_472130_104.03188728_30.6421201091.jpg,D:\StreetView_Project\01_Data\Street_Images\chengdu\cd_streetview\cd_472130_104.03188728_30.6421201091.jpg,D:\StreetView_Project\01_Data\Street_Images\chengdu\cd_streetview\cd_472130_104.03188728_30.6421201091.jpg,0.2842364013195038,D:\StreetView_Project\03_Output\clip_knn\questionnaire_sample_k25_500_added_200\02_images_added_200_by_city_cluster\_08C_final_flat_added_200_after_manual_replacement_check_run_20260728_142934\Q387__cd_472130_104.03188728_30.6421201091.jpg,9deea1cc86a98e3e0923c83d08cc7c5b41c7d4f265915af0cc49966ef9a2843e,Q387__cd_472130_104.0318873_30.64212011.jpg,D:\StreetView_Project\03_Output\clip_knn\questionnaire_sample_k25_500_added_200\08D_spatial_visual_proximity_check_run_20260728_143220\01_preliminary_flat_500\Q387__cd_472130_104.0318873_30.64212011.jpg,Q387__cd_472130_104.0318873_30.64212011.jpg,D:\StreetView_Project\03_Output\clip_knn\questionnaire_sample_k25_500_added_200\08F_final500_freeze_run_20260728_145702\01_final_flat_500\Q387__cd_472130_104.0318873_30.64212011.jpg,frozen_08F,D:\StreetView_Project\03_Output\clip_knn\questionnaire_sample_k25_500_added_200\08D_spatial_visual_proximity_check_run_20260728_143220
Q388,added_200,CD_56502,chengdu,104.1322712,30.60902527,201903,cd_56502_104.132271151_30.6090252741.jpg,D:\StreetView_Project\01_Data\Street_Images\chengdu\cd_streetview\cd_56502_104.132271151_30.6090252741.jpg,20,0.2878702282905579,middle,林荫混合街道/绿化商业道路,Q388__cd_56502_104.1322712_30.60902527.jpg,D:\StreetView_Project\03_Output\clip_knn\questionnaire_sample_k25_500_added_200\08F_final500_freeze_run_20260728_145702\01_final_flat_500\Q388__cd_56502_104.1322712_30.60902527.jpg,CD_56502,False,False,matched_not_replaced,Q388__cd_56502_104.132271151_30.6090252741.jpg,D:\StreetView_Project\03_Output\clip_knn\questionnaire_sample_k25_500_added_200\02_images_added_200_by_city_cluster\_08C_final_flat_added_200_after_manual_replacement_check_run_20260728_142934\Q388__cd_56502_104.132271151_30.6090252741.jpg,14b1e5fc25095218293eb0ac34de545e12bdf4912c785b820b16c8fa89702ee3,201903,cd_56502_104.132271151_30.6090252741.jpg,D:\StreetView_Project\01_Data\Street_Images\chengdu\cd_streetview\cd_56502_104.132271151_30.6090252741.jpg,D:\StreetView_Project\01_Data\Street_Images\chengdu\cd_streetview\cd_56502_104.132271151_30.6090252741.jpg,0.2878702282905579,D:\StreetView_Project\03_Output\clip_knn\questionnaire_sample_k25_500_added_200\02_images_added_200_by_city_cluster\_08C_final_flat_added_200_after_manual_replacement_check_run_20260728_142934\Q388__cd_56502_104.132271151_30.6090252741.jpg,14b1e5fc25095218293eb0ac34de545e12bdf4912c785b820b16c8fa89702ee3,Q388__cd_56502_104.1322712_30.60902527.jpg,D:\StreetView_Project\03_Output\clip_knn\questionnaire_sample_k25_500_added_200\08D_spatial_visual_proximity_check_run_20260728_143220\01_preliminary_flat_500\Q388__cd_56502_104.1322712_30.60902527.jpg,Q388__cd_56502_104.1322712_30.60902527.jpg,D:\StreetView_Project\03_Output\clip_knn\questionnaire_sample_k25_500_added_200\08F_final500_freeze_run_20260728_145702\01_final_flat_500\Q388__cd_56502_104.1322712_30.60902527.jpg,frozen_08F,D:\StreetView_Project\03_Output\clip_knn\questionnaire_sample_k25_500_added_200\08D_spatial_visual_proximity_check_run_20260728_143220
Q389,added_200,CD_417763,chengdu,104.0514038,30.7113369,201707,cd_417763_104.051403796_30.7113369034.jpg,D:\StreetView_Project\01_Data\Street_Images\chengdu\cd_streetview\cd_417763_104.051403796_30.7113369034.jpg,20,0.3530451059341431,edge,林荫混合街道/绿化商业道路,Q389__cd_417763_104.0514038_30.7113369.jpg,D:\StreetView_Project\03_Output\clip_knn\questionnaire_sample_k25_500_added_200\08F_final500_freeze_run_20260728_145702\01_final_flat_500\Q389__cd_417763_104.0514038_30.7113369.jpg,CD_417763,False,False,matched_not_replaced,Q389__cd_417763_104.051403796_30.7113369034.jpg,D:\StreetView_Project\03_Output\clip_knn\questionnaire_sample_k25_500_added_200\02_images_added_200_by_city_cluster\_08C_final_flat_added_200_after_manual_replacement_check_run_20260728_142934\Q389__cd_417763_104.051403796_30.7113369034.jpg,af7713f6a31133527bcb0e2d696d3ef6d050268f9bdb5f1eb322cba0f9d10f45,201707,cd_417763_104.051403796_30.7113369034.jpg,D:\StreetView_Project\01_Data\Street_Images\chengdu\cd_streetview\cd_417763_104.051403796_30.7113369034.jpg,D:\StreetView_Project\01_Data\Street_Images\chengdu\cd_streetview\cd_417763_104.051403796_30.7113369034.jpg,0.3530451059341431,D:\StreetView_Project\03_Output\clip_knn\questionnaire_sample_k25_500_added_200\02_images_added_200_by_city_cluster\_08C_final_flat_added_200_after_manual_replacement_check_run_20260728_142934\Q389__cd_417763_104.051403796_30.7113369034.jpg,af7713f6a31133527bcb0e2d696d3ef6d050268f9bdb5f1eb322cba0f9d10f45,Q389__cd_417763_104.0514038_30.7113369.jpg,D:\StreetView_Project\03_Output\clip_knn\questionnaire_sample_k25_500_added_200\08D_spatial_visual_proximity_check_run_20260728_143220\01_preliminary_flat_500\Q389__cd_417763_104.0514038_30.7113369.jpg,Q389__cd_417763_104.0514038_30.7113369.jpg,D:\StreetView_Project\03_Output\clip_knn\questionnaire_sample_k25_500_added_200\08F_final500_freeze_run_20260728_145702\01_final_flat_500\Q389__cd_417763_104.0514038_30.7113369.jpg,frozen_08F,D:\StreetView_Project\03_Output\clip_knn\questionnaire_sample_k25_500_added_200\08D_spatial_visual_proximity_check_run_20260728_143220
Q390,added_200,CD_53623,chengdu,104.1084324,30.64668232,202002,cd_53623_104.108432408_30.6466823227.jpg,D:\StreetView_Project\01_Data\Street_Images\chengdu\cd_streetview\cd_53623_104.108432408_30.6466823227.jpg,21,0.2326184660196304,center,开敞桥梁/滨水/城市快速路,Q390__cd_53623_104.1084324_30.64668232.jpg,D:\StreetView_Project\03_Output\clip_knn\questionnaire_sample_k25_500_added_200\08F_final500_freeze_run_20260728_145702\01_final_flat_500\Q390__cd_53623_104.1084324_30.64668232.jpg,CD_53623,False,False,matched_not_replaced,Q390__cd_53623_104.108432408_30.6466823227.jpg,D:\StreetView_Project\03_Output\clip_knn\questionnaire_sample_k25_500_added_200\02_images_added_200_by_city_cluster\_08C_final_flat_added_200_after_manual_replacement_check_run_20260728_142934\Q390__cd_53623_104.108432408_30.6466823227.jpg,bec8d94b34d26ff9c1004186189017445f320d11914ea7f5fd94e53675024e3b,202002,cd_53623_104.108432408_30.6466823227.jpg,D:\StreetView_Project\01_Data\Street_Images\chengdu\cd_streetview\cd_53623_104.108432408_30.6466823227.jpg,D:\StreetView_Project\01_Data\Street_Images\chengdu\cd_streetview\cd_53623_104.108432408_30.6466823227.jpg,0.2326184660196304,D:\StreetView_Project\03_Output\clip_knn\questionnaire_sample_k25_500_added_200\02_images_added_200_by_city_cluster\_08C_final_flat_added_200_after_manual_replacement_check_run_20260728_142934\Q390__cd_53623_104.108432408_30.6466823227.jpg,bec8d94b34d26ff9c1004186189017445f320d11914ea7f5fd94e53675024e3b,Q390__cd_53623_104.1084324_30.64668232.jpg,D:\StreetView_Project\03_Output\clip_knn\questionnaire_sample_k25_500_added_200\08D_spatial_visual_proximity_check_run_20260728_143220\01_preliminary_flat_500\Q390__cd_53623_104.1084324_30.64668232.jpg,Q390__cd_53623_104.1084324_30.64668232.jpg,D:\StreetView_Project\03_Output\clip_knn\questionnaire_sample_k25_500_added_200\08F_final500_freeze_run_20260728_145702\01_final_flat_500\Q390__cd_53623_104.1084324_30.64668232.jpg,frozen_08F,D:\StreetView_Project\03_Output\clip_knn\questionnaire_sample_k25_500_added_200\08D_spatial_visual_proximity_check_run_20260728_143220
Q391,added_200,CD_33576,chengdu,104.0578629,30.67662433,202303,cd_33576_104.057862877_30.6766243329.jpg,D:\StreetView_Project\01_Data\Street_Images\chengdu\cd_streetview\cd_33576_104.057862877_30.6766243329.jpg,21,0.2700027227401733,middle,开敞桥梁/滨水/城市快速路,Q391__cd_33576_104.0578629_30.67662433.jpg,D:\StreetView_Project\03_Output\clip_knn\questionnaire_sample_k25_500_added_200\08F_final500_freeze_run_20260728_145702\01_final_flat_500\Q391__cd_33576_104.0578629_30.67662433.jpg,CD_33576,False,False,matched_not_replaced,Q391__cd_33576_104.057862877_30.6766243329.jpg,D:\StreetView_Project\03_Output\clip_knn\questionnaire_sample_k25_500_added_200\02_images_added_200_by_city_cluster\_08C_final_flat_added_200_after_manual_replacement_check_run_20260728_142934\Q391__cd_33576_104.057862877_30.6766243329.jpg,0916ec52e4811785cde592d56a3f74b01e9795265ad116f4a087d61e90078d00,202303,cd_33576_104.057862877_30.6766243329.jpg,D:\StreetView_Project\01_Data\Street_Images\chengdu\cd_streetview\cd_33576_104.057862877_30.6766243329.jpg,D:\StreetView_Project\01_Data\Street_Images\chengdu\cd_streetview\cd_33576_104.057862877_30.6766243329.jpg,0.2700027227401733,D:\StreetView_Project\03_Output\clip_knn\questionnaire_sample_k25_500_added_200\02_images_added_200_by_city_cluster\_08C_final_flat_added_200_after_manual_replacement_check_run_20260728_142934\Q391__cd_33576_104.057862877_30.6766243329.jpg,0916ec52e4811785cde592d56a3f74b01e9795265ad116f4a087d61e90078d00,Q391__cd_33576_104.0578629_30.67662433.jpg,D:\StreetView_Project\03_Output\clip_knn\questionnaire_sample_k25_500_added_200\08D_spatial_visual_proximity_check_run_20260728_143220\01_preliminary_flat_500\Q391__cd_33576_104.0578629_30.67662433.jpg,Q391__cd_33576_104.0578629_30.67662433.jpg,D:\StreetView_Project\03_Output\clip_knn\questionnaire_sample_k25_500_added_200\08F_final500_freeze_run_20260728_145702\01_final_flat_500\Q391__cd_33576_104.0578629_30.67662433.jpg,frozen_08F,D:\StreetView_Project\03_Output\clip_knn\questionnaire_sample_k25_500_added_200\08D_spatial_visual_proximity_check_run_20260728_143220
Q392,added_200,CD_57543,chengdu,104.1416508,30.63872108,202004,cd_57543_104.141650766_30.6387210796.jpg,D:\StreetView_Project\01_Data\Street_Images\chengdu\cd_streetview\cd_57543_104.141650766_30.6387210796.jpg,21,0.2700290083885193,middle,开敞桥梁/滨水/城市快速路,Q392__cd_57543_104.1416508_30.63872108.jpg,D:\StreetView_Project\03_Output\clip_knn\questionnaire_sample_k25_500_added_200\08F_final500_freeze_run_20260728_145702\01_final_flat_500\Q392__cd_57543_104.1416508_30.63872108.jpg,CD_57543,False,False,matched_not_replaced,Q392__cd_57543_104.141650766_30.6387210796.jpg,D:\StreetView_Project\03_Output\clip_knn\questionnaire_sample_k25_500_added_200\02_images_added_200_by_city_cluster\_08C_final_flat_added_200_after_manual_replacement_check_run_20260728_142934\Q392__cd_57543_104.141650766_30.6387210796.jpg,73ea446ca0522e4553ab44b7d1e0757b376e2195cfdc7ad71d3d5fcb4b6c567c,202004,cd_57543_104.141650766_30.6387210796.jpg,D:\StreetView_Project\01_Data\Street_Images\chengdu\cd_streetview\cd_57543_104.141650766_30.6387210796.jpg,D:\StreetView_Project\01_Data\Street_Images\chengdu\cd_streetview\cd_57543_104.141650766_30.6387210796.jpg,0.2700290083885193,D:\StreetView_Project\03_Output\clip_knn\questionnaire_sample_k25_500_added_200\02_images_added_200_by_city_cluster\_08C_final_flat_added_200_after_manual_replacement_check_run_20260728_142934\Q392__cd_57543_104.141650766_30.6387210796.jpg,73ea446ca0522e4553ab44b7d1e0757b376e2195cfdc7ad71d3d5fcb4b6c567c,Q392__cd_57543_104.1416508_30.63872108.jpg,D:\StreetView_Project\03_Output\clip_knn\questionnaire_sample_k25_500_added_200\08D_spatial_visual_proximity_check_run_20260728_143220\01_preliminary_flat_500\Q392__cd_57543_104.1416508_30.63872108.jpg,Q392__cd_57543_104.1416508_30.63872108.jpg,D:\StreetView_Project\03_Output\clip_knn\questionnaire_sample_k25_500_added_200\08F_final500_freeze_run_20260728_145702\01_final_flat_500\Q392__cd_57543_104.1416508_30.63872108.jpg,frozen_08F,D:\StreetView_Project\03_Output\clip_knn\questionnaire_sample_k25_500_added_200\08D_spatial_visual_proximity_check_run_20260728_143220
Q393,added_200,CD_43927,chengdu,103.9878372,30.65091928,201904,cd_43927_103.987837155_30.6509192797.jpg,D:\StreetView_Project\01_Data\Street_Images\chengdu\cd_streetview\cd_43927_103.987837155_30.6509192797.jpg,21,0.241065189242363,center,开敞桥梁/滨水/城市快速路,Q393__cd_43927_103.9878372_30.65091928.jpg,D:\StreetView_Project\03_Output\clip_knn\questionnaire_sample_k25_500_added_200\08F_final500_freeze_run_20260728_145702\01_final_flat_500\Q393__cd_43927_103.9878372_30.65091928.jpg,CD_53657,True,False,detected_but_not_reported,Q393__cd_43927_103.987837155_30.6509192797.jpg,D:\StreetView_Project\03_Output\clip_knn\questionnaire_sample_k25_500_added_200\02_images_added_200_by_city_cluster\_08C_final_flat_added_200_after_manual_replacement_check_run_20260728_142934\Q393__cd_43927_103.987837155_30.6509192797.jpg,ce1bb96db297d32c4c2cbec78bf2f56a9e2a1f840f0fdc4146011c028c514c21,201904,cd_43927_103.987837155_30.6509192797.jpg,D:\StreetView_Project\01_Data\Street_Images\chengdu\cd_streetview\cd_43927_103.987837155_30.6509192797.jpg,D:\StreetView_Project\01_Data\Street_Images\chengdu\cd_streetview\cd_43927_103.987837155_30.6509192797.jpg,0.241065189242363,D:\StreetView_Project\03_Output\clip_knn\questionnaire_sample_k25_500_added_200\02_images_added_200_by_city_cluster\_08C_final_flat_added_200_after_manual_replacement_check_run_20260728_142934\Q393__cd_43927_103.987837155_30.6509192797.jpg,ce1bb96db297d32c4c2cbec78bf2f56a9e2a1f840f0fdc4146011c028c514c21,Q393__cd_43927_103.9878372_30.65091928.jpg,D:\StreetView_Project\03_Output\clip_knn\questionnaire_sample_k25_500_added_200\08D_spatial_visual_proximity_check_run_20260728_143220\01_preliminary_flat_500\Q393__cd_43927_103.9878372_30.65091928.jpg,Q393__cd_43927_103.9878372_30.65091928.jpg,D:\StreetView_Project\03_Output\clip_knn\questionnaire_sample_k25_500_added_200\08F_final500_freeze_run_20260728_145702\01_final_flat_500\Q393__cd_43927_103.9878372_30.65091928.jpg,frozen_08F,D:\StreetView_Project\03_Output\clip_knn\questionnaire_sample_k25_500_added_200\08D_spatial_visual_proximity_check_run_20260728_143220
Q394,added_200,CD_54312,chengdu,104.06581,30.6359807,202303,cd_54312_104.065809986_30.6359807023.jpg,D:\StreetView_Project\01_Data\Street_Images\chengdu\cd_streetview\cd_54312_104.065809986_30.6359807023.jpg,21,0.3416205942630768,edge,开敞桥梁/滨水/城市快速路,Q394__cd_54312_104.06581_30.6359807.jpg,D:\StreetView_Project\03_Output\clip_knn\questionnaire_sample_k25_500_added_200\08F_final500_freeze_run_20260728_145702\01_final_flat_500\Q394__cd_54312_104.06581_30.6359807.jpg,CD_54312,False,False,matched_not_replaced,Q394__cd_54312_104.065809986_30.6359807023.jpg,D:\StreetView_Project\03_Output\clip_knn\questionnaire_sample_k25_500_added_200\02_images_added_200_by_city_cluster\_08C_final_flat_added_200_after_manual_replacement_check_run_20260728_142934\Q394__cd_54312_104.065809986_30.6359807023.jpg,e84477dc3bb93ba8d830965c1fbd53c5e343c994d05b518a5a65c1de335992dc,202303,cd_54312_104.065809986_30.6359807023.jpg,D:\StreetView_Project\01_Data\Street_Images\chengdu\cd_streetview\cd_54312_104.065809986_30.6359807023.jpg,D:\StreetView_Project\01_Data\Street_Images\chengdu\cd_streetview\cd_54312_104.065809986_30.6359807023.jpg,0.3416205942630768,D:\StreetView_Project\03_Output\clip_knn\questionnaire_sample_k25_500_added_200\02_images_added_200_by_city_cluster\_08C_final_flat_added_200_after_manual_replacement_check_run_20260728_142934\Q394__cd_54312_104.065809986_30.6359807023.jpg,e84477dc3bb93ba8d830965c1fbd53c5e343c994d05b518a5a65c1de335992dc,Q394__cd_54312_104.06581_30.6359807.jpg,D:\StreetView_Project\03_Output\clip_knn\questionnaire_sample_k25_500_added_200\08D_spatial_visual_proximity_check_run_20260728_143220\01_preliminary_flat_500\Q394__cd_54312_104.06581_30.6359807.jpg,Q394__cd_54312_104.06581_30.6359807.jpg,D:\StreetView_Project\03_Output\clip_knn\questionnaire_sample_k25_500_added_200\08F_final500_freeze_run_20260728_145702\01_final_flat_500\Q394__cd_54312_104.06581_30.6359807.jpg,frozen_08F,D:\StreetView_Project\03_Output\clip_knn\questionnaire_sample_k25_500_added_200\08D_spatial_visual_proximity_check_run_20260728_143220
Q395,added_200,CD_33865,chengdu,104.0898775,30.67592343,202210,cd_33865_104.089877523_30.6759234309.jpg,D:\StreetView_Project\01_Data\Street_Images\chengdu\cd_streetview\cd_33865_104.089877523_30.6759234309.jpg,22,0.2077914476394653,center,重庆高层主干路/山地城市道路,Q395__cd_33865_104.0898775_30.67592343.jpg,D:\StreetView_Project\03_Output\clip_knn\questionnaire_sample_k25_500_added_200\08F_final500_freeze_run_20260728_145702\01_final_flat_500\Q395__cd_33865_104.0898775_30.67592343.jpg,CD_33865,False,False,matched_not_replaced,Q395__cd_33865_104.089877523_30.6759234309.jpg,D:\StreetView_Project\03_Output\clip_knn\questionnaire_sample_k25_500_added_200\02_images_added_200_by_city_cluster\_08C_final_flat_added_200_after_manual_replacement_check_run_20260728_142934\Q395__cd_33865_104.089877523_30.6759234309.jpg,dd2409cb41aa7eaf3576116643e20ed9ca768c3be1b4a9c2ca15c229a4319f07,202210,cd_33865_104.089877523_30.6759234309.jpg,D:\StreetView_Project\01_Data\Street_Images\chengdu\cd_streetview\cd_33865_104.089877523_30.6759234309.jpg,D:\StreetView_Project\01_Data\Street_Images\chengdu\cd_streetview\cd_33865_104.089877523_30.6759234309.jpg,0.2077914476394653,D:\StreetView_Project\03_Output\clip_knn\questionnaire_sample_k25_500_added_200\02_images_added_200_by_city_cluster\_08C_final_flat_added_200_after_manual_replacement_check_run_20260728_142934\Q395__cd_33865_104.089877523_30.6759234309.jpg,dd2409cb41aa7eaf3576116643e20ed9ca768c3be1b4a9c2ca15c229a4319f07,Q395__cd_33865_104.0898775_30.67592343.jpg,D:\StreetView_Project\03_Output\clip_knn\questionnaire_sample_k25_500_added_200\08D_spatial_visual_proximity_check_run_20260728_143220\01_preliminary_flat_500\Q395__cd_33865_104.0898775_30.67592343.jpg,Q395__cd_33865_104.0898775_30.67592343.jpg,D:\StreetView_Project\03_Output\clip_knn\questionnaire_sample_k25_500_added_200\08F_final500_freeze_run_20260728_145702\01_final_flat_500\Q395__cd_33865_104.0898775_30.67592343.jpg,frozen_08F,D:\StreetView_Project\03_Output\clip_knn\questionnaire_sample_k25_500_added_200\08D_spatial_visual_proximity_check_run_20260728_143220
Q396,added_200,CD_33399,chengdu,104.0918604,30.70191288,202304,cd_33399_104.091860355_30.7019128812.jpg,D:\StreetView_Project\01_Data\Street_Images\chengdu\cd_streetview\cd_33399_104.091860355_30.7019128812.jpg,22,0.2392096370458603,middle,重庆高层主干路/山地城市道路,Q396__cd_33399_104.0918604_30.70191288.jpg,D:\StreetView_Project\03_Output\clip_knn\questionnaire_sample_k25_500_added_200\08F_final500_freeze_run_20260728_145702\01_final_flat_500\Q396__cd_33399_104.0918604_30.70191288.jpg,CD_33399,False,False,matched_not_replaced,Q396__cd_33399_104.091860355_30.7019128812.jpg,D:\StreetView_Project\03_Output\clip_knn\questionnaire_sample_k25_500_added_200\02_images_added_200_by_city_cluster\_08C_final_flat_added_200_after_manual_replacement_check_run_20260728_142934\Q396__cd_33399_104.091860355_30.7019128812.jpg,82afbd9edb705d514d6fd988bf553db1bc173328921d7ca2c6fbc1c523a0d6f2,202304,cd_33399_104.091860355_30.7019128812.jpg,D:\StreetView_Project\01_Data\Street_Images\chengdu\cd_streetview\cd_33399_104.091860355_30.7019128812.jpg,D:\StreetView_Project\01_Data\Street_Images\chengdu\cd_streetview\cd_33399_104.091860355_30.7019128812.jpg,0.2392096370458603,D:\StreetView_Project\03_Output\clip_knn\questionnaire_sample_k25_500_added_200\02_images_added_200_by_city_cluster\_08C_final_flat_added_200_after_manual_replacement_check_run_20260728_142934\Q396__cd_33399_104.091860355_30.7019128812.jpg,82afbd9edb705d514d6fd988bf553db1bc173328921d7ca2c6fbc1c523a0d6f2,Q396__cd_33399_104.0918604_30.70191288.jpg,D:\StreetView_Project\03_Output\clip_knn\questionnaire_sample_k25_500_added_200\08D_spatial_visual_proximity_check_run_20260728_143220\01_preliminary_flat_500\Q396__cd_33399_104.0918604_30.70191288.jpg,Q396__cd_33399_104.0918604_30.70191288.jpg,D:\StreetView_Project\03_Output\clip_knn\questionnaire_sample_k25_500_added_200\08F_final500_freeze_run_20260728_145702\01_final_flat_500\Q396__cd_33399_104.0918604_30.70191288.jpg,frozen_08F,D:\StreetView_Project\03_Output\clip_knn\questionnaire_sample_k25_500_added_200\08D_spatial_visual_proximity_check_run_20260728_143220
Q397,added_200,CD_420902,chengdu,104.0492904,30.70818039,202003,cd_420902_104.049290372_30.708180391.jpg,D:\StreetView_Project\01_Data\Street_Images\chengdu\cd_streetview\cd_420902_104.049290372_30.708180391.jpg,23,0.3534787595272064,edge,重庆高密居住道路/坡地街区,Q397__cd_420902_104.0492904_30.70818039.jpg,D:\StreetView_Project\03_Output\clip_knn\questionnaire_sample_k25_500_added_200\08F_final500_freeze_run_20260728_145702\01_final_flat_500\Q397__cd_420902_104.0492904_30.70818039.jpg,CD_420902,False,False,matched_not_replaced,Q397__cd_420902_104.049290372_30.708180391.jpg,D:\StreetView_Project\03_Output\clip_knn\questionnaire_sample_k25_500_added_200\02_images_added_200_by_city_cluster\_08C_final_flat_added_200_after_manual_replacement_check_run_20260728_142934\Q397__cd_420902_104.049290372_30.708180391.jpg,cab3e523ce5bc0a337fa435da9209fb197df7b2bc77b0280cd90e2e07fd0be03,202003,cd_420902_104.049290372_30.708180391.jpg,D:\StreetView_Project\01_Data\Street_Images\chengdu\cd_streetview\cd_420902_104.049290372_30.708180391.jpg,D:\StreetView_Project\01_Data\Street_Images\chengdu\cd_streetview\cd_420902_104.049290372_30.708180391.jpg,0.3534787595272064,D:\StreetView_Project\03_Output\clip_knn\questionnaire_sample_k25_500_added_200\02_images_added_200_by_city_cluster\_08C_final_flat_added_200_after_manual_replacement_check_run_20260728_142934\Q397__cd_420902_104.049290372_30.708180391.jpg,cab3e523ce5bc0a337fa435da9209fb197df7b2bc77b0280cd90e2e07fd0be03,Q397__cd_420902_104.0492904_30.70818039.jpg,D:\StreetView_Project\03_Output\clip_knn\questionnaire_sample_k25_500_added_200\08D_spatial_visual_proximity_check_run_20260728_143220\01_preliminary_flat_500\Q397__cd_420902_104.0492904_30.70818039.jpg,Q397__cd_420902_104.0492904_30.70818039.jpg,D:\StreetView_Project\03_Output\clip_knn\questionnaire_sample_k25_500_added_200\08F_final500_freeze_run_20260728_145702\01_final_flat_500\Q397__cd_420902_104.0492904_30.70818039.jpg,frozen_08F,D:\StreetView_Project\03_Output\clip_knn\questionnaire_sample_k25_500_added_200\08D_spatial_visual_proximity_check_run_20260728_143220
Q398,added_200,CD_420844,chengdu,104.0359029,30.7034102,202003,cd_420844_104.035902901_30.7034101956.jpg,D:\StreetView_Project\01_Data\Street_Images\chengdu\cd_streetview\cd_420844_104.035902901_30.7034101956.jpg,24,0.2461179047822952,center,开敞公园化/滨水式道路,Q398__cd_420844_104.0359029_30.7034102.jpg,D:\StreetView_Project\03_Output\clip_knn\questionnaire_sample_k25_500_added_200\08F_final500_freeze_run_20260728_145702\01_final_flat_500\Q398__cd_420844_104.0359029_30.7034102.jpg,CD_420844,False,False,matched_not_replaced,Q398__cd_420844_104.035902901_30.7034101956.jpg,D:\StreetView_Project\03_Output\clip_knn\questionnaire_sample_k25_500_added_200\02_images_added_200_by_city_cluster\_08C_final_flat_added_200_after_manual_replacement_check_run_20260728_142934\Q398__cd_420844_104.035902901_30.7034101956.jpg,ee8cbf695feda8f88cf9a76a65be6a2e3432f9a6b9c688d52c18a69fbd605ebc,202003,cd_420844_104.035902901_30.7034101956.jpg,D:\StreetView_Project\01_Data\Street_Images\chengdu\cd_streetview\cd_420844_104.035902901_30.7034101956.jpg,D:\StreetView_Project\01_Data\Street_Images\chengdu\cd_streetview\cd_420844_104.035902901_30.7034101956.jpg,0.2461179047822952,D:\StreetView_Project\03_Output\clip_knn\questionnaire_sample_k25_500_added_200\02_images_added_200_by_city_cluster\_08C_final_flat_added_200_after_manual_replacement_check_run_20260728_142934\Q398__cd_420844_104.035902901_30.7034101956.jpg,ee8cbf695feda8f88cf9a76a65be6a2e3432f9a6b9c688d52c18a69fbd605ebc,Q398__cd_420844_104.0359029_30.7034102.jpg,D:\StreetView_Project\03_Output\clip_knn\questionnaire_sample_k25_500_added_200\08D_spatial_visual_proximity_check_run_20260728_143220\01_preliminary_flat_500\Q398__cd_420844_104.0359029_30.7034102.jpg,Q398__cd_420844_104.0359029_30.7034102.jpg,D:\StreetView_Project\03_Output\clip_knn\questionnaire_sample_k25_500_added_200\08F_final500_freeze_run_20260728_145702\01_final_flat_500\Q398__cd_420844_104.0359029_30.7034102.jpg,frozen_08F,D:\StreetView_Project\03_Output\clip_knn\questionnaire_sample_k25_500_added_200\08D_spatial_visual_proximity_check_run_20260728_143220
Q399,added_200,CD_413646,chengdu,104.0863978,30.70294605,201903,cd_413646_104.086397828_30.7029460463.jpg,D:\StreetView_Project\01_Data\Street_Images\chengdu\cd_streetview\cd_413646_104.086397828_30.7029460463.jpg,24,0.2968410849571228,edge,开敞公园化/滨水式道路,Q399__cd_413646_104.0863978_30.70294605.jpg,D:\StreetView_Project\03_Output\clip_knn\questionnaire_sample_k25_500_added_200\08F_final500_freeze_run_20260728_145702\01_final_flat_500\Q399__cd_413646_104.0863978_30.70294605.jpg,CD_413648,True,True,matched_replaced,Q399__cd_413646_104.086397828_30.7029460463.jpg,D:\StreetView_Project\03_Output\clip_knn\questionnaire_sample_k25_500_added_200\02_images_added_200_by_city_cluster\_08C_final_flat_added_200_after_manual_replacement_check_run_20260728_142934\Q399__cd_413646_104.086397828_30.7029460463.jpg,0ab6467c2f03e5ae5cc3e45b568216983e4640f53249c06e5f3c6736b3ec27e7,201903,cd_413646_104.086397828_30.7029460463.jpg,D:\StreetView_Project\01_Data\Street_Images\chengdu\cd_streetview\cd_413646_104.086397828_30.7029460463.jpg,D:\StreetView_Project\01_Data\Street_Images\chengdu\cd_streetview\cd_413646_104.086397828_30.7029460463.jpg,0.2968410849571228,D:\StreetView_Project\03_Output\clip_knn\questionnaire_sample_k25_500_added_200\02_images_added_200_by_city_cluster\_08C_final_flat_added_200_after_manual_replacement_check_run_20260728_142934\Q399__cd_413646_104.086397828_30.7029460463.jpg,0ab6467c2f03e5ae5cc3e45b568216983e4640f53249c06e5f3c6736b3ec27e7,Q399__cd_413646_104.0863978_30.70294605.jpg,D:\StreetView_Project\03_Output\clip_knn\questionnaire_sample_k25_500_added_200\08D_spatial_visual_proximity_check_run_20260728_143220\01_preliminary_flat_500\Q399__cd_413646_104.0863978_30.70294605.jpg,Q399__cd_413646_104.0863978_30.70294605.jpg,D:\StreetView_Project\03_Output\clip_knn\questionnaire_sample_k25_500_added_200\08F_final500_freeze_run_20260728_145702\01_final_flat_500\Q399__cd_413646_104.0863978_30.70294605.jpg,frozen_08F,D:\StreetView_Project\03_Output\clip_knn\questionnaire_sample_k25_500_added_200\08D_spatial_visual_proximity_check_run_20260728_143220
Q400,added_200,CD_32321,chengdu,104.1081654,30.7151985,201903,cd_32321_104.108165363_30.7151985048.jpg,D:\StreetView_Project\01_Data\Street_Images\chengdu\cd_streetview\cd_32321_104.108165363_30.7151985048.jpg,24,0.3105765581130981,edge,开敞公园化/滨水式道路,Q400__cd_32321_104.1081654_30.7151985.jpg,D:\StreetView_Project\03_Output\clip_knn\questionnaire_sample_k25_500_added_200\08F_final500_freeze_run_20260728_145702\01_final_flat_500\Q400__cd_32321_104.1081654_30.7151985.jpg,CD_32321,False,False,matched_not_replaced,Q400__cd_32321_104.108165363_30.7151985048.jpg,D:\StreetView_Project\03_Output\clip_knn\questionnaire_sample_k25_500_added_200\02_images_added_200_by_city_cluster\_08C_final_flat_added_200_after_manual_replacement_check_run_20260728_142934\Q400__cd_32321_104.108165363_30.7151985048.jpg,0394c275222e110049962c5c41cab7e624a86119c7266c94d2c73900c1a54815,201903,cd_32321_104.108165363_30.7151985048.jpg,D:\StreetView_Project\01_Data\Street_Images\chengdu\cd_streetview\cd_32321_104.108165363_30.7151985048.jpg,D:\StreetView_Project\01_Data\Street_Images\chengdu\cd_streetview\cd_32321_104.108165363_30.7151985048.jpg,0.3105765581130981,D:\StreetView_Project\03_Output\clip_knn\questionnaire_sample_k25_500_added_200\02_images_added_200_by_city_cluster\_08C_final_flat_added_200_after_manual_replacement_check_run_20260728_142934\Q400__cd_32321_104.108165363_30.7151985048.jpg,0394c275222e110049962c5c41cab7e624a86119c7266c94d2c73900c1a54815,Q400__cd_32321_104.1081654_30.7151985.jpg,D:\StreetView_Project\03_Output\clip_knn\questionnaire_sample_k25_500_added_200\08D_spatial_visual_proximity_check_run_20260728_143220\01_preliminary_flat_500\Q400__cd_32321_104.1081654_30.7151985.jpg,Q400__cd_32321_104.1081654_30.7151985.jpg,D:\StreetView_Project\03_Output\clip_knn\questionnaire_sample_k25_500_added_200\08F_final500_freeze_run_20260728_145702\01_final_flat_500\Q400__cd_32321_104.1081654_30.7151985.jpg,frozen_08F,D:\StreetView_Project\03_Output\clip_knn\questionnaire_sample_k25_500_added_200\08D_spatial_visual_proximity_check_run_20260728_143220
Q401,added_200,CQ_3203944,chongqing,106.518827,29.441484,202210,cq_3203944_106.518827_29.441484.jpg,D:\StreetView_Project\01_Data\Street_Images\chongqing\cq_streetview\cq_3203944_106.518827_29.441484.jpg,0,0.3491537570953369,edge,开敞混合主干路/绿化背景道路,Q401__cq_3203944_106.518827_29.441484.jpg,D:\StreetView_Project\03_Output\clip_knn\questionnaire_sample_k25_500_added_200\08F_final500_freeze_run_20260728_145702\01_final_flat_500\Q401__cq_3203944_106.518827_29.441484.jpg,CQ_721583,True,True,matched_replaced,Q401__cq_3203944_106.518827_29.441484.jpg,D:\StreetView_Project\03_Output\clip_knn\questionnaire_sample_k25_500_added_200\02_images_added_200_by_city_cluster\_08C_final_flat_added_200_after_manual_replacement_check_run_20260728_142934\Q401__cq_3203944_106.518827_29.441484.jpg,694160883d4392229f927ae7320a5345049b2e3c034dc14e139299308eacfc40,202210,cq_3203944_106.518827_29.441484.jpg,D:\StreetView_Project\01_Data\Street_Images\chongqing\cq_streetview\cq_3203944_106.518827_29.441484.jpg,D:\StreetView_Project\01_Data\Street_Images\chongqing\cq_streetview\cq_3203944_106.518827_29.441484.jpg,0.3491537570953369,D:\StreetView_Project\03_Output\clip_knn\questionnaire_sample_k25_500_added_200\02_images_added_200_by_city_cluster\_08C_final_flat_added_200_after_manual_replacement_check_run_20260728_142934\Q401__cq_3203944_106.518827_29.441484.jpg,694160883d4392229f927ae7320a5345049b2e3c034dc14e139299308eacfc40,Q401__cq_3203944_106.518827_29.441484.jpg,D:\StreetView_Project\03_Output\clip_knn\questionnaire_sample_k25_500_added_200\08D_spatial_visual_proximity_check_run_20260728_143220\01_preliminary_flat_500\Q401__cq_3203944_106.518827_29.441484.jpg,Q401__cq_3203944_106.518827_29.441484.jpg,D:\StreetView_Project\03_Output\clip_knn\questionnaire_sample_k25_500_added_200\08F_final500_freeze_run_20260728_145702\01_final_flat_500\Q401__cq_3203944_106.518827_29.441484.jpg,frozen_08F,D:\StreetView_Project\03_Output\clip_knn\questionnaire_sample_k25_500_added_200\08D_spatial_visual_proximity_check_run_20260728_143220
Q402,added_200,CQ_3162024,chongqing,106.457093,29.484764,201907,cq_3162024_106.457093_29.484764.jpg,D:\StreetView_Project\01_Data\Street_Images\chongqing\cq_streetview\cq_3162024_106.457093_29.484764.jpg,0,0.2130639255046844,center,开敞混合主干路/绿化背景道路,Q402__cq_3162024_106.457093_29.484764.jpg,D:\StreetView_Project\03_Output\clip_knn\questionnaire_sample_k25_500_added_200\08F_final500_freeze_run_20260728_145702\01_final_flat_500\Q402__cq_3162024_106.457093_29.484764.jpg,CQ_3162024,False,False,matched_not_replaced,Q402__cq_3162024_106.457093_29.484764.jpg,D:\StreetView_Project\03_Output\clip_knn\questionnaire_sample_k25_500_added_200\02_images_added_200_by_city_cluster\_08C_final_flat_added_200_after_manual_replacement_check_run_20260728_142934\Q402__cq_3162024_106.457093_29.484764.jpg,bcbc44bd60dbcd3090f83902f08298996e93eeeb2f56dd962421c207be04d82c,201907,cq_3162024_106.457093_29.484764.jpg,D:\StreetView_Project\01_Data\Street_Images\chongqing\cq_streetview\cq_3162024_106.457093_29.484764.jpg,D:\StreetView_Project\01_Data\Street_Images\chongqing\cq_streetview\cq_3162024_106.457093_29.484764.jpg,0.2130639255046844,D:\StreetView_Project\03_Output\clip_knn\questionnaire_sample_k25_500_added_200\02_images_added_200_by_city_cluster\_08C_final_flat_added_200_after_manual_replacement_check_run_20260728_142934\Q402__cq_3162024_106.457093_29.484764.jpg,bcbc44bd60dbcd3090f83902f08298996e93eeeb2f56dd962421c207be04d82c,Q402__cq_3162024_106.457093_29.484764.jpg,D:\StreetView_Project\03_Output\clip_knn\questionnaire_sample_k25_500_added_200\08D_spatial_visual_proximity_check_run_20260728_143220\01_preliminary_flat_500\Q402__cq_3162024_106.457093_29.484764.jpg,Q402__cq_3162024_106.457093_29.484764.jpg,D:\StreetView_Project\03_Output\clip_knn\questionnaire_sample_k25_500_added_200\08F_final500_freeze_run_20260728_145702\01_final_flat_500\Q402__cq_3162024_106.457093_29.484764.jpg,frozen_08F,D:\StreetView_Project\03_Output\clip_knn\questionnaire_sample_k25_500_added_200\08D_spatial_visual_proximity_check_run_20260728_143220
Q403,added_200,CQ_650844,chongqing,106.494784,29.538608,201711,cq_650844_106.494784_29.538608.jpg,D:\StreetView_Project\01_Data\Street_Images\chongqing\cq_streetview\cq_650844_106.494784_29.538608.jpg,0,0.2258220613002777,center,开敞混合主干路/绿化背景道路,Q403__cq_650844_106.494784_29.538608.jpg,D:\StreetView_Project\03_Output\clip_knn\questionnaire_sample_k25_500_added_200\08F_final500_freeze_run_20260728_145702\01_final_flat_500\Q403__cq_650844_106.494784_29.538608.jpg,CQ_650844,False,False,matched_not_replaced,Q403__cq_650844_106.494784_29.538608.jpg,D:\StreetView_Project\03_Output\clip_knn\questionnaire_sample_k25_500_added_200\02_images_added_200_by_city_cluster\_08C_final_flat_added_200_after_manual_replacement_check_run_20260728_142934\Q403__cq_650844_106.494784_29.538608.jpg,975d3ab09a5e959bd67d64c53b71b04586339e89c2287aa701d343b7e4bb28be,201711,cq_650844_106.494784_29.538608.jpg,D:\StreetView_Project\01_Data\Street_Images\chongqing\cq_streetview\cq_650844_106.494784_29.538608.jpg,D:\StreetView_Project\01_Data\Street_Images\chongqing\cq_streetview\cq_650844_106.494784_29.538608.jpg,0.2258220613002777,D:\StreetView_Project\03_Output\clip_knn\questionnaire_sample_k25_500_added_200\02_images_added_200_by_city_cluster\_08C_final_flat_added_200_after_manual_replacement_check_run_20260728_142934\Q403__cq_650844_106.494784_29.538608.jpg,975d3ab09a5e959bd67d64c53b71b04586339e89c2287aa701d343b7e4bb28be,Q403__cq_650844_106.494784_29.538608.jpg,D:\StreetView_Project\03_Output\clip_knn\questionnaire_sample_k25_500_added_200\08D_spatial_visual_proximity_check_run_20260728_143220\01_preliminary_flat_500\Q403__cq_650844_106.494784_29.538608.jpg,Q403__cq_650844_106.494784_29.538608.jpg,D:\StreetView_Project\03_Output\clip_knn\questionnaire_sample_k25_500_added_200\08F_final500_freeze_run_20260728_145702\01_final_flat_500\Q403__cq_650844_106.494784_29.538608.jpg,frozen_08F,D:\StreetView_Project\03_Output\clip_knn\questionnaire_sample_k25_500_added_200\08D_spatial_visual_proximity_check_run_20260728_143220
Q404,added_200,CQ_3154756,chongqing,106.45735,29.483299,202210,cq_3154756_106.457350_29.483299.jpg,D:\StreetView_Project\01_Data\Street_Images\chongqing\cq_streetview\cq_3154756_106.457350_29.483299.jpg,0,0.242422804236412,center,开敞混合主干路/绿化背景道路,Q404__cq_3154756_106.45735_29.483299.jpg,D:\StreetView_Project\03_Output\clip_knn\questionnaire_sample_k25_500_added_200\08F_final500_freeze_run_20260728_145702\01_final_flat_500\Q404__cq_3154756_106.45735_29.483299.jpg,CQ_3154756,False,False,matched_not_replaced,Q404__cq_3154756_106.457350_29.483299.jpg,D:\StreetView_Project\03_Output\clip_knn\questionnaire_sample_k25_500_added_200\02_images_added_200_by_city_cluster\_08C_final_flat_added_200_after_manual_replacement_check_run_20260728_142934\Q404__cq_3154756_106.457350_29.483299.jpg,7b08fccfd5dbe2364b6ca900aa112bf7436d3d3fe8479a58ae71007d75e7b780,202210,cq_3154756_106.457350_29.483299.jpg,D:\StreetView_Project\01_Data\Street_Images\chongqing\cq_streetview\cq_3154756_106.457350_29.483299.jpg,D:\StreetView_Project\01_Data\Street_Images\chongqing\cq_streetview\cq_3154756_106.457350_29.483299.jpg,0.242422804236412,D:\StreetView_Project\03_Output\clip_knn\questionnaire_sample_k25_500_added_200\02_images_added_200_by_city_cluster\_08C_final_flat_added_200_after_manual_replacement_check_run_20260728_142934\Q404__cq_3154756_106.457350_29.483299.jpg,7b08fccfd5dbe2364b6ca900aa112bf7436d3d3fe8479a58ae71007d75e7b780,Q404__cq_3154756_106.45735_29.483299.jpg,D:\StreetView_Project\03_Output\clip_knn\questionnaire_sample_k25_500_added_200\08D_spatial_visual_proximity_check_run_20260728_143220\01_preliminary_flat_500\Q404__cq_3154756_106.45735_29.483299.jpg,Q404__cq_3154756_106.45735_29.483299.jpg,D:\StreetView_Project\03_Output\clip_knn\questionnaire_sample_k25_500_added_200\08F_final500_freeze_run_20260728_145702\01_final_flat_500\Q404__cq_3154756_106.45735_29.483299.jpg,frozen_08F,D:\StreetView_Project\03_Output\clip_knn\questionnaire_sample_k25_500_added_200\08D_spatial_visual_proximity_check_run_20260728_143220
Q405,added_200,CQ_2436021,chongqing,106.560443,29.506319,201907,cq_2436021_106.560443_29.506319.jpg,D:\StreetView_Project\01_Data\Street_Images\chongqing\cq_streetview\cq_2436021_106.560443_29.506319.jpg,0,0.2768575549125671,middle,开敞混合主干路/绿化背景道路,Q405__cq_2436021_106.560443_29.506319.jpg,D:\StreetView_Project\03_Output\clip_knn\questionnaire_sample_k25_500_added_200\08F_final500_freeze_run_20260728_145702\01_final_flat_500\Q405__cq_2436021_106.560443_29.506319.jpg,CQ_2436021,False,False,matched_not_replaced,Q405__cq_2436021_106.560443_29.506319.jpg,D:\StreetView_Project\03_Output\clip_knn\questionnaire_sample_k25_500_added_200\02_images_added_200_by_city_cluster\_08C_final_flat_added_200_after_manual_replacement_check_run_20260728_142934\Q405__cq_2436021_106.560443_29.506319.jpg,e0df24165b531f6062cfef9fcd1e4004e131d6dbdf5ee2c7ca7df070a099fbbb,201907,cq_2436021_106.560443_29.506319.jpg,D:\StreetView_Project\01_Data\Street_Images\chongqing\cq_streetview\cq_2436021_106.560443_29.506319.jpg,D:\StreetView_Project\01_Data\Street_Images\chongqing\cq_streetview\cq_2436021_106.560443_29.506319.jpg,0.2768575549125671,D:\StreetView_Project\03_Output\clip_knn\questionnaire_sample_k25_500_added_200\02_images_added_200_by_city_cluster\_08C_final_flat_added_200_after_manual_replacement_check_run_20260728_142934\Q405__cq_2436021_106.560443_29.506319.jpg,e0df24165b531f6062cfef9fcd1e4004e131d6dbdf5ee2c7ca7df070a099fbbb,Q405__cq_2436021_106.560443_29.506319.jpg,D:\StreetView_Project\03_Output\clip_knn\questionnaire_sample_k25_500_added_200\08D_spatial_visual_proximity_check_run_20260728_143220\01_preliminary_flat_500\Q405__cq_2436021_106.560443_29.506319.jpg,Q405__cq_2436021_106.560443_29.506319.jpg,D:\StreetView_Project\03_Output\clip_knn\questionnaire_sample_k25_500_added_200\08F_final500_freeze_run_20260728_145702\01_final_flat_500\Q405__cq_2436021_106.560443_29.506319.jpg,frozen_08F,D:\StreetView_Project\03_Output\clip_knn\questionnaire_sample_k25_500_added_200\08D_spatial_visual_proximity_check_run_20260728_143220
Q406,added_200,CQ_651294,chongqing,106.491611,29.50286,202210,cq_651294_106.491611_29.502860.jpg,D:\StreetView_Project\01_Data\Street_Images\chongqing\cq_streetview\cq_651294_106.491611_29.502860.jpg,1,0.2304591536521912,center,高架桥下/立交桥下遮蔽空间,Q406__cq_651294_106.491611_29.50286.jpg,D:\StreetView_Project\03_Output\clip_knn\questionnaire_sample_k25_500_added_200\08F_final500_freeze_run_20260728_145702\01_final_flat_500\Q406__cq_651294_106.491611_29.50286.jpg,CQ_651294,False,False,matched_not_replaced,Q406__cq_651294_106.491611_29.502860.jpg,D:\StreetView_Project\03_Output\clip_knn\questionnaire_sample_k25_500_added_200\02_images_added_200_by_city_cluster\_08C_final_flat_added_200_after_manual_replacement_check_run_20260728_142934\Q406__cq_651294_106.491611_29.502860.jpg,cdd755a1a712349b2e11ad3d8e732b1c73d6adaefc737c3dc86c295a41b8ff07,202210,cq_651294_106.491611_29.502860.jpg,D:\StreetView_Project\01_Data\Street_Images\chongqing\cq_streetview\cq_651294_106.491611_29.502860.jpg,D:\StreetView_Project\01_Data\Street_Images\chongqing\cq_streetview\cq_651294_106.491611_29.502860.jpg,0.2304591536521912,D:\StreetView_Project\03_Output\clip_knn\questionnaire_sample_k25_500_added_200\02_images_added_200_by_city_cluster\_08C_final_flat_added_200_after_manual_replacement_check_run_20260728_142934\Q406__cq_651294_106.491611_29.502860.jpg,cdd755a1a712349b2e11ad3d8e732b1c73d6adaefc737c3dc86c295a41b8ff07,Q406__cq_651294_106.491611_29.50286.jpg,D:\StreetView_Project\03_Output\clip_knn\questionnaire_sample_k25_500_added_200\08D_spatial_visual_proximity_check_run_20260728_143220\01_preliminary_flat_500\Q406__cq_651294_106.491611_29.50286.jpg,Q406__cq_651294_106.491611_29.50286.jpg,D:\StreetView_Project\03_Output\clip_knn\questionnaire_sample_k25_500_added_200\08F_final500_freeze_run_20260728_145702\01_final_flat_500\Q406__cq_651294_106.491611_29.50286.jpg,frozen_08F,D:\StreetView_Project\03_Output\clip_knn\questionnaire_sample_k25_500_added_200\08D_spatial_visual_proximity_check_run_20260728_143220
Q407,added_200,CQ_2432400,chongqing,106.51155,29.535987,202210,cq_2432400_106.511550_29.535987.jpg,D:\StreetView_Project\01_Data\Street_Images\chongqing\cq_streetview\cq_2432400_106.511550_29.535987.jpg,1,0.2960024476051331,middle,高架桥下/立交桥下遮蔽空间,Q407__cq_2432400_106.51155_29.535987.jpg,D:\StreetView_Project\03_Output\clip_knn\questionnaire_sample_k25_500_added_200\08F_final500_freeze_run_20260728_145702\01_final_flat_500\Q407__cq_2432400_106.51155_29.535987.jpg,CQ_3161072,True,True,matched_replaced,Q407__cq_2432400_106.511550_29.535987.jpg,D:\StreetView_Project\03_Output\clip_knn\questionnaire_sample_k25_500_added_200\02_images_added_200_by_city_cluster\_08C_final_flat_added_200_after_manual_replacement_check_run_20260728_142934\Q407__cq_2432400_106.511550_29.535987.jpg,74c1b7d9161f47942158031479132fa562969bbd835f979364f65ea372cbd706,202210,cq_2432400_106.511550_29.535987.jpg,D:\StreetView_Project\01_Data\Street_Images\chongqing\cq_streetview\cq_2432400_106.511550_29.535987.jpg,D:\StreetView_Project\01_Data\Street_Images\chongqing\cq_streetview\cq_2432400_106.511550_29.535987.jpg,0.2960024476051331,D:\StreetView_Project\03_Output\clip_knn\questionnaire_sample_k25_500_added_200\02_images_added_200_by_city_cluster\_08C_final_flat_added_200_after_manual_replacement_check_run_20260728_142934\Q407__cq_2432400_106.511550_29.535987.jpg,74c1b7d9161f47942158031479132fa562969bbd835f979364f65ea372cbd706,Q407__cq_2432400_106.51155_29.535987.jpg,D:\StreetView_Project\03_Output\clip_knn\questionnaire_sample_k25_500_added_200\08D_spatial_visual_proximity_check_run_20260728_143220\01_preliminary_flat_500\Q407__cq_2432400_106.51155_29.535987.jpg,Q407__cq_2432400_106.51155_29.535987.jpg,D:\StreetView_Project\03_Output\clip_knn\questionnaire_sample_k25_500_added_200\08F_final500_freeze_run_20260728_145702\01_final_flat_500\Q407__cq_2432400_106.51155_29.535987.jpg,frozen_08F,D:\StreetView_Project\03_Output\clip_knn\questionnaire_sample_k25_500_added_200\08D_spatial_visual_proximity_check_run_20260728_143220
Q408,added_200,CQ_603868,chongqing,106.453604,29.548039,201906,cq_603868_106.453604_29.548039.jpg,D:\StreetView_Project\01_Data\Street_Images\chongqing\cq_streetview\cq_603868_106.453604_29.548039.jpg,2,0.231578066945076,center,重庆高密居住区街道,Q408__cq_603868_106.453604_29.548039.jpg,D:\StreetView_Project\03_Output\clip_knn\questionnaire_sample_k25_500_added_200\08F_final500_freeze_run_20260728_145702\01_final_flat_500\Q408__cq_603868_106.453604_29.548039.jpg,CQ_603868,False,False,matched_not_replaced,Q408__cq_603868_106.453604_29.548039.jpg,D:\StreetView_Project\03_Output\clip_knn\questionnaire_sample_k25_500_added_200\02_images_added_200_by_city_cluster\_08C_final_flat_added_200_after_manual_replacement_check_run_20260728_142934\Q408__cq_603868_106.453604_29.548039.jpg,b9e24d418b6a5a8d52982092dad1acbce7b9fa5e645b0d68ec6d343a235894b9,201906,cq_603868_106.453604_29.548039.jpg,D:\StreetView_Project\01_Data\Street_Images\chongqing\cq_streetview\cq_603868_106.453604_29.548039.jpg,D:\StreetView_Project\01_Data\Street_Images\chongqing\cq_streetview\cq_603868_106.453604_29.548039.jpg,0.231578066945076,D:\StreetView_Project\03_Output\clip_knn\questionnaire_sample_k25_500_added_200\02_images_added_200_by_city_cluster\_08C_final_flat_added_200_after_manual_replacement_check_run_20260728_142934\Q408__cq_603868_106.453604_29.548039.jpg,b9e24d418b6a5a8d52982092dad1acbce7b9fa5e645b0d68ec6d343a235894b9,Q408__cq_603868_106.453604_29.548039.jpg,D:\StreetView_Project\03_Output\clip_knn\questionnaire_sample_k25_500_added_200\08D_spatial_visual_proximity_check_run_20260728_143220\01_preliminary_flat_500\Q408__cq_603868_106.453604_29.548039.jpg,Q408__cq_603868_106.453604_29.548039.jpg,D:\StreetView_Project\03_Output\clip_knn\questionnaire_sample_k25_500_added_200\08F_final500_freeze_run_20260728_145702\01_final_flat_500\Q408__cq_603868_106.453604_29.548039.jpg,frozen_08F,D:\StreetView_Project\03_Output\clip_knn\questionnaire_sample_k25_500_added_200\08D_spatial_visual_proximity_check_run_20260728_143220
Q409,added_200,CQ_659902,chongqing,106.491434,29.536046,201610,cq_659902_106.491434_29.536046.jpg,D:\StreetView_Project\01_Data\Street_Images\chongqing\cq_streetview\cq_659902_106.491434_29.536046.jpg,2,0.2249512821435928,center,重庆高密居住区街道,Q409__cq_659902_106.491434_29.536046.jpg,D:\StreetView_Project\03_Output\clip_knn\questionnaire_sample_k25_500_added_200\08F_final500_freeze_run_20260728_145702\01_final_flat_500\Q409__cq_659902_106.491434_29.536046.jpg,CQ_716110,True,True,matched_replaced,Q409__cq_659902_106.491434_29.536046.jpg,D:\StreetView_Project\03_Output\clip_knn\questionnaire_sample_k25_500_added_200\02_images_added_200_by_city_cluster\_08C_final_flat_added_200_after_manual_replacement_check_run_20260728_142934\Q409__cq_659902_106.491434_29.536046.jpg,21253ba749dae491ce22716bea395b528ce916e49343d2492a4494980a28eb48,201610,cq_659902_106.491434_29.536046.jpg,D:\StreetView_Project\01_Data\Street_Images\chongqing\cq_streetview\cq_659902_106.491434_29.536046.jpg,D:\StreetView_Project\01_Data\Street_Images\chongqing\cq_streetview\cq_659902_106.491434_29.536046.jpg,0.2249512821435928,D:\StreetView_Project\03_Output\clip_knn\questionnaire_sample_k25_500_added_200\02_images_added_200_by_city_cluster\_08C_final_flat_added_200_after_manual_replacement_check_run_20260728_142934\Q409__cq_659902_106.491434_29.536046.jpg,21253ba749dae491ce22716bea395b528ce916e49343d2492a4494980a28eb48,Q409__cq_659902_106.491434_29.536046.jpg,D:\StreetView_Project\03_Output\clip_knn\questionnaire_sample_k25_500_added_200\08D_spatial_visual_proximity_check_run_20260728_143220\01_preliminary_flat_500\Q409__cq_659902_106.491434_29.536046.jpg,Q409__cq_659902_106.491434_29.536046.jpg,D:\StreetView_Project\03_Output\clip_knn\questionnaire_sample_k25_500_added_200\08F_final500_freeze_run_20260728_145702\01_final_flat_500\Q409__cq_659902_106.491434_29.536046.jpg,frozen_08F,D:\StreetView_Project\03_Output\clip_knn\questionnaire_sample_k25_500_added_200\08D_spatial_visual_proximity_check_run_20260728_143220
Q410,added_200,CQ_618268,chongqing,106.469512,29.532041,201711,cq_618268_106.469512_29.532041.jpg,D:\StreetView_Project\01_Data\Street_Images\chongqing\cq_streetview\cq_618268_106.469512_29.532041.jpg,2,0.2653712928295135,middle,重庆高密居住区街道,Q410__cq_618268_106.469512_29.532041.jpg,D:\StreetView_Project\03_Output\clip_knn\questionnaire_sample_k25_500_added_200\08F_final500_freeze_run_20260728_145702\01_final_flat_500\Q410__cq_618268_106.469512_29.532041.jpg,CQ_618268,False,False,matched_not_replaced,Q410__cq_618268_106.469512_29.532041.jpg,D:\StreetView_Project\03_Output\clip_knn\questionnaire_sample_k25_500_added_200\02_images_added_200_by_city_cluster\_08C_final_flat_added_200_after_manual_replacement_check_run_20260728_142934\Q410__cq_618268_106.469512_29.532041.jpg,bd2217eb2eea7b53f39fc2e7d32fe618f6c3c26562dd7e42a9dd5ef2c078342b,201711,cq_618268_106.469512_29.532041.jpg,D:\StreetView_Project\01_Data\Street_Images\chongqing\cq_streetview\cq_618268_106.469512_29.532041.jpg,D:\StreetView_Project\01_Data\Street_Images\chongqing\cq_streetview\cq_618268_106.469512_29.532041.jpg,0.2653712928295135,D:\StreetView_Project\03_Output\clip_knn\questionnaire_sample_k25_500_added_200\02_images_added_200_by_city_cluster\_08C_final_flat_added_200_after_manual_replacement_check_run_20260728_142934\Q410__cq_618268_106.469512_29.532041.jpg,bd2217eb2eea7b53f39fc2e7d32fe618f6c3c26562dd7e42a9dd5ef2c078342b,Q410__cq_618268_106.469512_29.532041.jpg,D:\StreetView_Project\03_Output\clip_knn\questionnaire_sample_k25_500_added_200\08D_spatial_visual_proximity_check_run_20260728_143220\01_preliminary_flat_500\Q410__cq_618268_106.469512_29.532041.jpg,Q410__cq_618268_106.469512_29.532041.jpg,D:\StreetView_Project\03_Output\clip_knn\questionnaire_sample_k25_500_added_200\08F_final500_freeze_run_20260728_145702\01_final_flat_500\Q410__cq_618268_106.469512_29.532041.jpg,frozen_08F,D:\StreetView_Project\03_Output\clip_knn\questionnaire_sample_k25_500_added_200\08D_spatial_visual_proximity_check_run_20260728_143220
Q411,added_200,CQ_728958,chongqing,106.579877,29.559292,201711,cq_728958_106.579877_29.559292.jpg,D:\StreetView_Project\01_Data\Street_Images\chongqing\cq_streetview\cq_728958_106.579877_29.559292.jpg,2,0.276534229516983,middle,重庆高密居住区街道,Q411__cq_728958_106.579877_29.559292.jpg,D:\StreetView_Project\03_Output\clip_knn\questionnaire_sample_k25_500_added_200\08F_final500_freeze_run_20260728_145702\01_final_flat_500\Q411__cq_728958_106.579877_29.559292.jpg,CQ_728958,False,False,matched_not_replaced,Q411__cq_728958_106.579877_29.559292.jpg,D:\StreetView_Project\03_Output\clip_knn\questionnaire_sample_k25_500_added_200\02_images_added_200_by_city_cluster\_08C_final_flat_added_200_after_manual_replacement_check_run_20260728_142934\Q411__cq_728958_106.579877_29.559292.jpg,c2186230bbb9f1c5b59592a42f0a1ef48139125b1a813bcbb9fc23730dfceff7,201711,cq_728958_106.579877_29.559292.jpg,D:\StreetView_Project\01_Data\Street_Images\chongqing\cq_streetview\cq_728958_106.579877_29.559292.jpg,D:\StreetView_Project\01_Data\Street_Images\chongqing\cq_streetview\cq_728958_106.579877_29.559292.jpg,0.276534229516983,D:\StreetView_Project\03_Output\clip_knn\questionnaire_sample_k25_500_added_200\02_images_added_200_by_city_cluster\_08C_final_flat_added_200_after_manual_replacement_check_run_20260728_142934\Q411__cq_728958_106.579877_29.559292.jpg,c2186230bbb9f1c5b59592a42f0a1ef48139125b1a813bcbb9fc23730dfceff7,Q411__cq_728958_106.579877_29.559292.jpg,D:\StreetView_Project\03_Output\clip_knn\questionnaire_sample_k25_500_added_200\08D_spatial_visual_proximity_check_run_20260728_143220\01_preliminary_flat_500\Q411__cq_728958_106.579877_29.559292.jpg,Q411__cq_728958_106.579877_29.559292.jpg,D:\StreetView_Project\03_Output\clip_knn\questionnaire_sample_k25_500_added_200\08F_final500_freeze_run_20260728_145702\01_final_flat_500\Q411__cq_728958_106.579877_29.559292.jpg,frozen_08F,D:\StreetView_Project\03_Output\clip_knn\questionnaire_sample_k25_500_added_200\08D_spatial_visual_proximity_check_run_20260728_143220
Q412,added_200,CQ_3159901,chongqing,106.505291,29.516732,201906,cq_3159901_106.505291_29.516732.jpg,D:\StreetView_Project\01_Data\Street_Images\chongqing\cq_streetview\cq_3159901_106.505291_29.516732.jpg,2,0.2390012145042419,center,重庆高密居住区街道,Q412__cq_3159901_106.505291_29.516732.jpg,D:\StreetView_Project\03_Output\clip_knn\questionnaire_sample_k25_500_added_200\08F_final500_freeze_run_20260728_145702\01_final_flat_500\Q412__cq_3159901_106.505291_29.516732.jpg,CQ_3162107,True,True,matched_replaced,Q412__cq_3159901_106.505291_29.516732.jpg,D:\StreetView_Project\03_Output\clip_knn\questionnaire_sample_k25_500_added_200\02_images_added_200_by_city_cluster\_08C_final_flat_added_200_after_manual_replacement_check_run_20260728_142934\Q412__cq_3159901_106.505291_29.516732.jpg,657c7712599f9eb0873bce5b627a14951e19b3b544da5f8714a3d3133d5cb979,201906,cq_3159901_106.505291_29.516732.jpg,D:\StreetView_Project\01_Data\Street_Images\chongqing\cq_streetview\cq_3159901_106.505291_29.516732.jpg,D:\StreetView_Project\01_Data\Street_Images\chongqing\cq_streetview\cq_3159901_106.505291_29.516732.jpg,0.2390012145042419,D:\StreetView_Project\03_Output\clip_knn\questionnaire_sample_k25_500_added_200\02_images_added_200_by_city_cluster\_08C_final_flat_added_200_after_manual_replacement_check_run_20260728_142934\Q412__cq_3159901_106.505291_29.516732.jpg,657c7712599f9eb0873bce5b627a14951e19b3b544da5f8714a3d3133d5cb979,Q412__cq_3159901_106.505291_29.516732.jpg,D:\StreetView_Project\03_Output\clip_knn\questionnaire_sample_k25_500_added_200\08D_spatial_visual_proximity_check_run_20260728_143220\01_preliminary_flat_500\Q412__cq_3159901_106.505291_29.516732.jpg,Q412__cq_3159901_106.505291_29.516732.jpg,D:\StreetView_Project\03_Output\clip_knn\questionnaire_sample_k25_500_added_200\08F_final500_freeze_run_20260728_145702\01_final_flat_500\Q412__cq_3159901_106.505291_29.516732.jpg,frozen_08F,D:\StreetView_Project\03_Output\clip_knn\questionnaire_sample_k25_500_added_200\08D_spatial_visual_proximity_check_run_20260728_143220
Q413,added_200,CQ_2431106,chongqing,106.547848,29.5394,202210,cq_2431106_106.547848_29.539400.jpg,D:\StreetView_Project\01_Data\Street_Images\chongqing\cq_streetview\cq_2431106_106.547848_29.539400.jpg,3,0.2515967786312103,center,重庆开敞快速路/山地干道,Q413__cq_2431106_106.547848_29.5394.jpg,D:\StreetView_Project\03_Output\clip_knn\questionnaire_sample_k25_500_added_200\08F_final500_freeze_run_20260728_145702\01_final_flat_500\Q413__cq_2431106_106.547848_29.5394.jpg,CQ_720832,True,True,matched_replaced,Q413__cq_2431106_106.547848_29.539400.jpg,D:\StreetView_Project\03_Output\clip_knn\questionnaire_sample_k25_500_added_200\02_images_added_200_by_city_cluster\_08C_final_flat_added_200_after_manual_replacement_check_run_20260728_142934\Q413__cq_2431106_106.547848_29.539400.jpg,99e0078b225be931268655bb7901df2038d6ea67471ead8a8b97858e83c14299,202210,cq_2431106_106.547848_29.539400.jpg,D:\StreetView_Project\01_Data\Street_Images\chongqing\cq_streetview\cq_2431106_106.547848_29.539400.jpg,D:\StreetView_Project\01_Data\Street_Images\chongqing\cq_streetview\cq_2431106_106.547848_29.539400.jpg,0.2515967786312103,D:\StreetView_Project\03_Output\clip_knn\questionnaire_sample_k25_500_added_200\02_images_added_200_by_city_cluster\_08C_final_flat_added_200_after_manual_replacement_check_run_20260728_142934\Q413__cq_2431106_106.547848_29.539400.jpg,99e0078b225be931268655bb7901df2038d6ea67471ead8a8b97858e83c14299,Q413__cq_2431106_106.547848_29.5394.jpg,D:\StreetView_Project\03_Output\clip_knn\questionnaire_sample_k25_500_added_200\08D_spatial_visual_proximity_check_run_20260728_143220\01_preliminary_flat_500\Q413__cq_2431106_106.547848_29.5394.jpg,Q413__cq_2431106_106.547848_29.5394.jpg,D:\StreetView_Project\03_Output\clip_knn\questionnaire_sample_k25_500_added_200\08F_final500_freeze_run_20260728_145702\01_final_flat_500\Q413__cq_2431106_106.547848_29.5394.jpg,frozen_08F,D:\StreetView_Project\03_Output\clip_knn\questionnaire_sample_k25_500_added_200\08D_spatial_visual_proximity_check_run_20260728_143220
Q414,added_200,CQ_712241,chongqing,106.555747,29.535232,202210,cq_712241_106.555747_29.535232.jpg,D:\StreetView_Project\01_Data\Street_Images\chongqing\cq_streetview\cq_712241_106.555747_29.535232.jpg,3,0.2440951019525528,center,重庆开敞快速路/山地干道,Q414__cq_712241_106.555747_29.535232.jpg,D:\StreetView_Project\03_Output\clip_knn\questionnaire_sample_k25_500_added_200\08F_final500_freeze_run_20260728_145702\01_final_flat_500\Q414__cq_712241_106.555747_29.535232.jpg,CQ_712241,False,False,matched_not_replaced,Q414__cq_712241_106.555747_29.535232.jpg,D:\StreetView_Project\03_Output\clip_knn\questionnaire_sample_k25_500_added_200\02_images_added_200_by_city_cluster\_08C_final_flat_added_200_after_manual_replacement_check_run_20260728_142934\Q414__cq_712241_106.555747_29.535232.jpg,56b766b7024cb7e3c5a62c0cb3d3dbe433a9e6da7fc853e37fc0b23cc47d583e,202210,cq_712241_106.555747_29.535232.jpg,D:\StreetView_Project\01_Data\Street_Images\chongqing\cq_streetview\cq_712241_106.555747_29.535232.jpg,D:\StreetView_Project\01_Data\Street_Images\chongqing\cq_streetview\cq_712241_106.555747_29.535232.jpg,0.2440951019525528,D:\StreetView_Project\03_Output\clip_knn\questionnaire_sample_k25_500_added_200\02_images_added_200_by_city_cluster\_08C_final_flat_added_200_after_manual_replacement_check_run_20260728_142934\Q414__cq_712241_106.555747_29.535232.jpg,56b766b7024cb7e3c5a62c0cb3d3dbe433a9e6da7fc853e37fc0b23cc47d583e,Q414__cq_712241_106.555747_29.535232.jpg,D:\StreetView_Project\03_Output\clip_knn\questionnaire_sample_k25_500_added_200\08D_spatial_visual_proximity_check_run_20260728_143220\01_preliminary_flat_500\Q414__cq_712241_106.555747_29.535232.jpg,Q414__cq_712241_106.555747_29.535232.jpg,D:\StreetView_Project\03_Output\clip_knn\questionnaire_sample_k25_500_added_200\08F_final500_freeze_run_20260728_145702\01_final_flat_500\Q414__cq_712241_106.555747_29.535232.jpg,frozen_08F,D:\StreetView_Project\03_Output\clip_knn\questionnaire_sample_k25_500_added_200\08D_spatial_visual_proximity_check_run_20260728_143220
Q415,added_200,CQ_3156161,chongqing,106.494285,29.488688,202210,cq_3156161_106.494285_29.488688.jpg,D:\StreetView_Project\01_Data\Street_Images\chongqing\cq_streetview\cq_3156161_106.494285_29.488688.jpg,3,0.2226270586252213,center,重庆开敞快速路/山地干道,Q415__cq_3156161_106.494285_29.488688.jpg,D:\StreetView_Project\03_Output\clip_knn\questionnaire_sample_k25_500_added_200\08F_final500_freeze_run_20260728_145702\01_final_flat_500\Q415__cq_3156161_106.494285_29.488688.jpg,CQ_613811,True,True,matched_replaced,Q415__cq_3156161_106.494285_29.488688.jpg,D:\StreetView_Project\03_Output\clip_knn\questionnaire_sample_k25_500_added_200\02_images_added_200_by_city_cluster\_08C_final_flat_added_200_after_manual_replacement_check_run_20260728_142934\Q415__cq_3156161_106.494285_29.488688.jpg,96f7d7df6a31b77bdbc8e11051e92b980b6d2d869a08fa08d21a7bd19f9b93ca,202210,cq_3156161_106.494285_29.488688.jpg,D:\StreetView_Project\01_Data\Street_Images\chongqing\cq_streetview\cq_3156161_106.494285_29.488688.jpg,D:\StreetView_Project\01_Data\Street_Images\chongqing\cq_streetview\cq_3156161_106.494285_29.488688.jpg,0.2226270586252213,D:\StreetView_Project\03_Output\clip_knn\questionnaire_sample_k25_500_added_200\02_images_added_200_by_city_cluster\_08C_final_flat_added_200_after_manual_replacement_check_run_20260728_142934\Q415__cq_3156161_106.494285_29.488688.jpg,96f7d7df6a31b77bdbc8e11051e92b980b6d2d869a08fa08d21a7bd19f9b93ca,Q415__cq_3156161_106.494285_29.488688.jpg,D:\StreetView_Project\03_Output\clip_knn\questionnaire_sample_k25_500_added_200\08D_spatial_visual_proximity_check_run_20260728_143220\01_preliminary_flat_500\Q415__cq_3156161_106.494285_29.488688.jpg,Q415__cq_3156161_106.494285_29.488688.jpg,D:\StreetView_Project\03_Output\clip_knn\questionnaire_sample_k25_500_added_200\08F_final500_freeze_run_20260728_145702\01_final_flat_500\Q415__cq_3156161_106.494285_29.488688.jpg,frozen_08F,D:\StreetView_Project\03_Output\clip_knn\questionnaire_sample_k25_500_added_200\08D_spatial_visual_proximity_check_run_20260728_143220
Q416,added_200,CQ_716159,chongqing,106.562555,29.582879,202210,cq_716159_106.562555_29.582879.jpg,D:\StreetView_Project\01_Data\Street_Images\chongqing\cq_streetview\cq_716159_106.562555_29.582879.jpg,3,0.2697746157646179,middle,重庆开敞快速路/山地干道,Q416__cq_716159_106.562555_29.582879.jpg,D:\StreetView_Project\03_Output\clip_knn\questionnaire_sample_k25_500_added_200\08F_final500_freeze_run_20260728_145702\01_final_flat_500\Q416__cq_716159_106.562555_29.582879.jpg,CQ_716159,False,False,matched_not_replaced,Q416__cq_716159_106.562555_29.582879.jpg,D:\StreetView_Project\03_Output\clip_knn\questionnaire_sample_k25_500_added_200\02_images_added_200_by_city_cluster\_08C_final_flat_added_200_after_manual_replacement_check_run_20260728_142934\Q416__cq_716159_106.562555_29.582879.jpg,1838352dde0e1fcd990af3986011a9d5ae3a47f6392e404e065f7360cd1322fa,202210,cq_716159_106.562555_29.582879.jpg,D:\StreetView_Project\01_Data\Street_Images\chongqing\cq_streetview\cq_716159_106.562555_29.582879.jpg,D:\StreetView_Project\01_Data\Street_Images\chongqing\cq_streetview\cq_716159_106.562555_29.582879.jpg,0.2697746157646179,D:\StreetView_Project\03_Output\clip_knn\questionnaire_sample_k25_500_added_200\02_images_added_200_by_city_cluster\_08C_final_flat_added_200_after_manual_replacement_check_run_20260728_142934\Q416__cq_716159_106.562555_29.582879.jpg,1838352dde0e1fcd990af3986011a9d5ae3a47f6392e404e065f7360cd1322fa,Q416__cq_716159_106.562555_29.582879.jpg,D:\StreetView_Project\03_Output\clip_knn\questionnaire_sample_k25_500_added_200\08D_spatial_visual_proximity_check_run_20260728_143220\01_preliminary_flat_500\Q416__cq_716159_106.562555_29.582879.jpg,Q416__cq_716159_106.562555_29.582879.jpg,D:\StreetView_Project\03_Output\clip_knn\questionnaire_sample_k25_500_added_200\08F_final500_freeze_run_20260728_145702\01_final_flat_500\Q416__cq_716159_106.562555_29.582879.jpg,frozen_08F,D:\StreetView_Project\03_Output\clip_knn\questionnaire_sample_k25_500_added_200\08D_spatial_visual_proximity_check_run_20260728_143220
Q417,added_200,CQ_613135,chongqing,106.460857,29.579991,201710,cq_613135_106.460857_29.579991.jpg,D:\StreetView_Project\01_Data\Street_Images\chongqing\cq_streetview\cq_613135_106.460857_29.579991.jpg,3,0.2478726357221603,center,重庆开敞快速路/山地干道,Q417__cq_613135_106.460857_29.579991.jpg,D:\StreetView_Project\03_Output\clip_knn\questionnaire_sample_k25_500_added_200\08F_final500_freeze_run_20260728_145702\01_final_flat_500\Q417__cq_613135_106.460857_29.579991.jpg,CQ_725142,True,True,matched_replaced,Q417__cq_613135_106.460857_29.579991.jpg,D:\StreetView_Project\03_Output\clip_knn\questionnaire_sample_k25_500_added_200\02_images_added_200_by_city_cluster\_08C_final_flat_added_200_after_manual_replacement_check_run_20260728_142934\Q417__cq_613135_106.460857_29.579991.jpg,0f8e8bd250cc6f1f6653860c730143923adc90e98e89426732351c89bbe6f8b6,201710,cq_613135_106.460857_29.579991.jpg,D:\StreetView_Project\01_Data\Street_Images\chongqing\cq_streetview\cq_613135_106.460857_29.579991.jpg,D:\StreetView_Project\01_Data\Street_Images\chongqing\cq_streetview\cq_613135_106.460857_29.579991.jpg,0.2478726357221603,D:\StreetView_Project\03_Output\clip_knn\questionnaire_sample_k25_500_added_200\02_images_added_200_by_city_cluster\_08C_final_flat_added_200_after_manual_replacement_check_run_20260728_142934\Q417__cq_613135_106.460857_29.579991.jpg,0f8e8bd250cc6f1f6653860c730143923adc90e98e89426732351c89bbe6f8b6,Q417__cq_613135_106.460857_29.579991.jpg,D:\StreetView_Project\03_Output\clip_knn\questionnaire_sample_k25_500_added_200\08D_spatial_visual_proximity_check_run_20260728_143220\01_preliminary_flat_500\Q417__cq_613135_106.460857_29.579991.jpg,Q417__cq_613135_106.460857_29.579991.jpg,D:\StreetView_Project\03_Output\clip_knn\questionnaire_sample_k25_500_added_200\08F_final500_freeze_run_20260728_145702\01_final_flat_500\Q417__cq_613135_106.460857_29.579991.jpg,frozen_08F,D:\StreetView_Project\03_Output\clip_knn\questionnaire_sample_k25_500_added_200\08D_spatial_visual_proximity_check_run_20260728_143220
Q418,added_200,CQ_663349,chongqing,106.503123,29.550444,202210,cq_663349_106.503123_29.550444.jpg,D:\StreetView_Project\01_Data\Street_Images\chongqing\cq_streetview\cq_663349_106.503123_29.550444.jpg,4,0.2642976045608521,center,隧道/夜间暗光通行空间,Q418__cq_663349_106.503123_29.550444.jpg,D:\StreetView_Project\03_Output\clip_knn\questionnaire_sample_k25_500_added_200\08F_final500_freeze_run_20260728_145702\01_final_flat_500\Q418__cq_663349_106.503123_29.550444.jpg,CQ_716624,True,True,matched_replaced,Q418__cq_663349_106.503123_29.550444.jpg,D:\StreetView_Project\03_Output\clip_knn\questionnaire_sample_k25_500_added_200\02_images_added_200_by_city_cluster\_08C_final_flat_added_200_after_manual_replacement_check_run_20260728_142934\Q418__cq_663349_106.503123_29.550444.jpg,6c899a70df5013a76b39f88ffa2200dd00cb529c1c9418cda4a5ed21c2568533,202210,cq_663349_106.503123_29.550444.jpg,D:\StreetView_Project\01_Data\Street_Images\chongqing\cq_streetview\cq_663349_106.503123_29.550444.jpg,D:\StreetView_Project\01_Data\Street_Images\chongqing\cq_streetview\cq_663349_106.503123_29.550444.jpg,0.2642976045608521,D:\StreetView_Project\03_Output\clip_knn\questionnaire_sample_k25_500_added_200\02_images_added_200_by_city_cluster\_08C_final_flat_added_200_after_manual_replacement_check_run_20260728_142934\Q418__cq_663349_106.503123_29.550444.jpg,6c899a70df5013a76b39f88ffa2200dd00cb529c1c9418cda4a5ed21c2568533,Q418__cq_663349_106.503123_29.550444.jpg,D:\StreetView_Project\03_Output\clip_knn\questionnaire_sample_k25_500_added_200\08D_spatial_visual_proximity_check_run_20260728_143220\01_preliminary_flat_500\Q418__cq_663349_106.503123_29.550444.jpg,Q418__cq_663349_106.503123_29.550444.jpg,D:\StreetView_Project\03_Output\clip_knn\questionnaire_sample_k25_500_added_200\08F_final500_freeze_run_20260728_145702\01_final_flat_500\Q418__cq_663349_106.503123_29.550444.jpg,frozen_08F,D:\StreetView_Project\03_Output\clip_knn\questionnaire_sample_k25_500_added_200\08D_spatial_visual_proximity_check_run_20260728_143220
Q419,added_200,CQ_641281,chongqing,106.488302,29.458477,202210,cq_641281_106.488302_29.458477.jpg,D:\StreetView_Project\01_Data\Street_Images\chongqing\cq_streetview\cq_641281_106.488302_29.458477.jpg,4,0.2963488698005676,middle,隧道/夜间暗光通行空间,Q419__cq_641281_106.488302_29.458477.jpg,D:\StreetView_Project\03_Output\clip_knn\questionnaire_sample_k25_500_added_200\08F_final500_freeze_run_20260728_145702\01_final_flat_500\Q419__cq_641281_106.488302_29.458477.jpg,CQ_641281,False,False,matched_not_replaced,Q419__cq_641281_106.488302_29.458477.jpg,D:\StreetView_Project\03_Output\clip_knn\questionnaire_sample_k25_500_added_200\02_images_added_200_by_city_cluster\_08C_final_flat_added_200_after_manual_replacement_check_run_20260728_142934\Q419__cq_641281_106.488302_29.458477.jpg,e1fdbb3f5ac1c6d2da34b41536552841630e7ce8a6b3cd50f3065524cd600fbd,202210,cq_641281_106.488302_29.458477.jpg,D:\StreetView_Project\01_Data\Street_Images\chongqing\cq_streetview\cq_641281_106.488302_29.458477.jpg,D:\StreetView_Project\01_Data\Street_Images\chongqing\cq_streetview\cq_641281_106.488302_29.458477.jpg,0.2963488698005676,D:\StreetView_Project\03_Output\clip_knn\questionnaire_sample_k25_500_added_200\02_images_added_200_by_city_cluster\_08C_final_flat_added_200_after_manual_replacement_check_run_20260728_142934\Q419__cq_641281_106.488302_29.458477.jpg,e1fdbb3f5ac1c6d2da34b41536552841630e7ce8a6b3cd50f3065524cd600fbd,Q419__cq_641281_106.488302_29.458477.jpg,D:\StreetView_Project\03_Output\clip_knn\questionnaire_sample_k25_500_added_200\08D_spatial_visual_proximity_check_run_20260728_143220\01_preliminary_flat_500\Q419__cq_641281_106.488302_29.458477.jpg,Q419__cq_641281_106.488302_29.458477.jpg,D:\StreetView_Project\03_Output\clip_knn\questionnaire_sample_k25_500_added_200\08F_final500_freeze_run_20260728_145702\01_final_flat_500\Q419__cq_641281_106.488302_29.458477.jpg,frozen_08F,D:\StreetView_Project\03_Output\clip_knn\questionnaire_sample_k25_500_added_200\08D_spatial_visual_proximity_check_run_20260728_143220
Q420,added_200,CQ_700445,chongqing,106.548083,29.609431,201907,cq_700445_106.548083_29.609431.jpg,D:\StreetView_Project\01_Data\Street_Images\chongqing\cq_streetview\cq_700445_106.548083_29.609431.jpg,4,0.4358955025672913,edge,隧道/夜间暗光通行空间,Q420__cq_700445_106.548083_29.609431.jpg,D:\StreetView_Project\03_Output\clip_knn\questionnaire_sample_k25_500_added_200\08F_final500_freeze_run_20260728_145702\01_final_flat_500\Q420__cq_700445_106.548083_29.609431.jpg,CQ_700445,False,False,matched_not_replaced,Q420__cq_700445_106.548083_29.609431.jpg,D:\StreetView_Project\03_Output\clip_knn\questionnaire_sample_k25_500_added_200\02_images_added_200_by_city_cluster\_08C_final_flat_added_200_after_manual_replacement_check_run_20260728_142934\Q420__cq_700445_106.548083_29.609431.jpg,4136ad14e34521203f7a6e4964ee501ef38db8117b9e26b8c849176924a7c7c2,201907,cq_700445_106.548083_29.609431.jpg,D:\StreetView_Project\01_Data\Street_Images\chongqing\cq_streetview\cq_700445_106.548083_29.609431.jpg,D:\StreetView_Project\01_Data\Street_Images\chongqing\cq_streetview\cq_700445_106.548083_29.609431.jpg,0.4358955025672913,D:\StreetView_Project\03_Output\clip_knn\questionnaire_sample_k25_500_added_200\02_images_added_200_by_city_cluster\_08C_final_flat_added_200_after_manual_replacement_check_run_20260728_142934\Q420__cq_700445_106.548083_29.609431.jpg,4136ad14e34521203f7a6e4964ee501ef38db8117b9e26b8c849176924a7c7c2,Q420__cq_700445_106.548083_29.609431.jpg,D:\StreetView_Project\03_Output\clip_knn\questionnaire_sample_k25_500_added_200\08D_spatial_visual_proximity_check_run_20260728_143220\01_preliminary_flat_500\Q420__cq_700445_106.548083_29.609431.jpg,Q420__cq_700445_106.548083_29.609431.jpg,D:\StreetView_Project\03_Output\clip_knn\questionnaire_sample_k25_500_added_200\08F_final500_freeze_run_20260728_145702\01_final_flat_500\Q420__cq_700445_106.548083_29.609431.jpg,frozen_08F,D:\StreetView_Project\03_Output\clip_knn\questionnaire_sample_k25_500_added_200\08D_spatial_visual_proximity_check_run_20260728_143220
Q421,added_200,CQ_2433685,chongqing,106.501588,29.539292,202210,cq_2433685_106.501588_29.539292.jpg,D:\StreetView_Project\01_Data\Street_Images\chongqing\cq_streetview\cq_2433685_106.501588_29.539292.jpg,5,0.2234227955341339,center,混合城市主干路/公交道路,Q421__cq_2433685_106.501588_29.539292.jpg,D:\StreetView_Project\03_Output\clip_knn\questionnaire_sample_k25_500_added_200\08F_final500_freeze_run_20260728_145702\01_final_flat_500\Q421__cq_2433685_106.501588_29.539292.jpg,CQ_2433685,False,False,matched_not_replaced,Q421__cq_2433685_106.501588_29.539292.jpg,D:\StreetView_Project\03_Output\clip_knn\questionnaire_sample_k25_500_added_200\02_images_added_200_by_city_cluster\_08C_final_flat_added_200_after_manual_replacement_check_run_20260728_142934\Q421__cq_2433685_106.501588_29.539292.jpg,ca5bb1f0a2b023d390f1e7a9cfff656e56c02f322ad4d860b188da95e3dd6274,202210,cq_2433685_106.501588_29.539292.jpg,D:\StreetView_Project\01_Data\Street_Images\chongqing\cq_streetview\cq_2433685_106.501588_29.539292.jpg,D:\StreetView_Project\01_Data\Street_Images\chongqing\cq_streetview\cq_2433685_106.501588_29.539292.jpg,0.2234227955341339,D:\StreetView_Project\03_Output\clip_knn\questionnaire_sample_k25_500_added_200\02_images_added_200_by_city_cluster\_08C_final_flat_added_200_after_manual_replacement_check_run_20260728_142934\Q421__cq_2433685_106.501588_29.539292.jpg,ca5bb1f0a2b023d390f1e7a9cfff656e56c02f322ad4d860b188da95e3dd6274,Q421__cq_2433685_106.501588_29.539292.jpg,D:\StreetView_Project\03_Output\clip_knn\questionnaire_sample_k25_500_added_200\08D_spatial_visual_proximity_check_run_20260728_143220\01_preliminary_flat_500\Q421__cq_2433685_106.501588_29.539292.jpg,Q421__cq_2433685_106.501588_29.539292.jpg,D:\StreetView_Project\03_Output\clip_knn\questionnaire_sample_k25_500_added_200\08F_final500_freeze_run_20260728_145702\01_final_flat_500\Q421__cq_2433685_106.501588_29.539292.jpg,frozen_08F,D:\StreetView_Project\03_Output\clip_knn\questionnaire_sample_k25_500_added_200\08D_spatial_visual_proximity_check_run_20260728_143220
Q422,added_200,CQ_2804614,chongqing,106.567399,29.560494,201907,cq_2804614_106.567399_29.560494.jpg,D:\StreetView_Project\01_Data\Street_Images\chongqing\cq_streetview\cq_2804614_106.567399_29.560494.jpg,5,0.2247884571552277,center,混合城市主干路/公交道路,Q422__cq_2804614_106.567399_29.560494.jpg,D:\StreetView_Project\03_Output\clip_knn\questionnaire_sample_k25_500_added_200\08F_final500_freeze_run_20260728_145702\01_final_flat_500\Q422__cq_2804614_106.567399_29.560494.jpg,CQ_2804614,False,False,matched_not_replaced,Q422__cq_2804614_106.567399_29.560494.jpg,D:\StreetView_Project\03_Output\clip_knn\questionnaire_sample_k25_500_added_200\02_images_added_200_by_city_cluster\_08C_final_flat_added_200_after_manual_replacement_check_run_20260728_142934\Q422__cq_2804614_106.567399_29.560494.jpg,e6437783e8c64596a53d7c4504e2dcc2eb72df4355dfe49db5d70fd39142b491,201907,cq_2804614_106.567399_29.560494.jpg,D:\StreetView_Project\01_Data\Street_Images\chongqing\cq_streetview\cq_2804614_106.567399_29.560494.jpg,D:\StreetView_Project\01_Data\Street_Images\chongqing\cq_streetview\cq_2804614_106.567399_29.560494.jpg,0.2247884571552277,D:\StreetView_Project\03_Output\clip_knn\questionnaire_sample_k25_500_added_200\02_images_added_200_by_city_cluster\_08C_final_flat_added_200_after_manual_replacement_check_run_20260728_142934\Q422__cq_2804614_106.567399_29.560494.jpg,e6437783e8c64596a53d7c4504e2dcc2eb72df4355dfe49db5d70fd39142b491,Q422__cq_2804614_106.567399_29.560494.jpg,D:\StreetView_Project\03_Output\clip_knn\questionnaire_sample_k25_500_added_200\08D_spatial_visual_proximity_check_run_20260728_143220\01_preliminary_flat_500\Q422__cq_2804614_106.567399_29.560494.jpg,Q422__cq_2804614_106.567399_29.560494.jpg,D:\StreetView_Project\03_Output\clip_knn\questionnaire_sample_k25_500_added_200\08F_final500_freeze_run_20260728_145702\01_final_flat_500\Q422__cq_2804614_106.567399_29.560494.jpg,frozen_08F,D:\StreetView_Project\03_Output\clip_knn\questionnaire_sample_k25_500_added_200\08D_spatial_visual_proximity_check_run_20260728_143220
Q423,added_200,CQ_677052,chongqing,106.517499,29.579026,202210,cq_677052_106.517499_29.579026.jpg,D:\StreetView_Project\01_Data\Street_Images\chongqing\cq_streetview\cq_677052_106.517499_29.579026.jpg,5,0.2342163920402527,center,混合城市主干路/公交道路,Q423__cq_677052_106.517499_29.579026.jpg,D:\StreetView_Project\03_Output\clip_knn\questionnaire_sample_k25_500_added_200\08F_final500_freeze_run_20260728_145702\01_final_flat_500\Q423__cq_677052_106.517499_29.579026.jpg,CQ_677052,False,False,matched_not_replaced,Q423__cq_677052_106.517499_29.579026.jpg,D:\StreetView_Project\03_Output\clip_knn\questionnaire_sample_k25_500_added_200\02_images_added_200_by_city_cluster\_08C_final_flat_added_200_after_manual_replacement_check_run_20260728_142934\Q423__cq_677052_106.517499_29.579026.jpg,293db857829b6a46981e7d6a06f4722beab2d5f33c0b9a4e3473857bebb95ec1,202210,cq_677052_106.517499_29.579026.jpg,D:\StreetView_Project\01_Data\Street_Images\chongqing\cq_streetview\cq_677052_106.517499_29.579026.jpg,D:\StreetView_Project\01_Data\Street_Images\chongqing\cq_streetview\cq_677052_106.517499_29.579026.jpg,0.2342163920402527,D:\StreetView_Project\03_Output\clip_knn\questionnaire_sample_k25_500_added_200\02_images_added_200_by_city_cluster\_08C_final_flat_added_200_after_manual_replacement_check_run_20260728_142934\Q423__cq_677052_106.517499_29.579026.jpg,293db857829b6a46981e7d6a06f4722beab2d5f33c0b9a4e3473857bebb95ec1,Q423__cq_677052_106.517499_29.579026.jpg,D:\StreetView_Project\03_Output\clip_knn\questionnaire_sample_k25_500_added_200\08D_spatial_visual_proximity_check_run_20260728_143220\01_preliminary_flat_500\Q423__cq_677052_106.517499_29.579026.jpg,Q423__cq_677052_106.517499_29.579026.jpg,D:\StreetView_Project\03_Output\clip_knn\questionnaire_sample_k25_500_added_200\08F_final500_freeze_run_20260728_145702\01_final_flat_500\Q423__cq_677052_106.517499_29.579026.jpg,frozen_08F,D:\StreetView_Project\03_Output\clip_knn\questionnaire_sample_k25_500_added_200\08D_spatial_visual_proximity_check_run_20260728_143220
Q424,added_200,CQ_725117,chongqing,106.574342,29.55963,202210,cq_725117_106.574342_29.559630.jpg,D:\StreetView_Project\01_Data\Street_Images\chongqing\cq_streetview\cq_725117_106.574342_29.559630.jpg,5,0.3173865079879761,edge,混合城市主干路/公交道路,Q424__cq_725117_106.574342_29.55963.jpg,D:\StreetView_Project\03_Output\clip_knn\questionnaire_sample_k25_500_added_200\08F_final500_freeze_run_20260728_145702\01_final_flat_500\Q424__cq_725117_106.574342_29.55963.jpg,CQ_2436384,True,True,matched_replaced,Q424__cq_725117_106.574342_29.559630.jpg,D:\StreetView_Project\03_Output\clip_knn\questionnaire_sample_k25_500_added_200\02_images_added_200_by_city_cluster\_08C_final_flat_added_200_after_manual_replacement_check_run_20260728_142934\Q424__cq_725117_106.574342_29.559630.jpg,f5d20123cfa4287f41898340289d27d286588b4096d920e3875d84de43bcb4d3,202210,cq_725117_106.574342_29.559630.jpg,D:\StreetView_Project\01_Data\Street_Images\chongqing\cq_streetview\cq_725117_106.574342_29.559630.jpg,D:\StreetView_Project\01_Data\Street_Images\chongqing\cq_streetview\cq_725117_106.574342_29.559630.jpg,0.3173865079879761,D:\StreetView_Project\03_Output\clip_knn\questionnaire_sample_k25_500_added_200\02_images_added_200_by_city_cluster\_08C_final_flat_added_200_after_manual_replacement_check_run_20260728_142934\Q424__cq_725117_106.574342_29.559630.jpg,f5d20123cfa4287f41898340289d27d286588b4096d920e3875d84de43bcb4d3,Q424__cq_725117_106.574342_29.55963.jpg,D:\StreetView_Project\03_Output\clip_knn\questionnaire_sample_k25_500_added_200\08D_spatial_visual_proximity_check_run_20260728_143220\01_preliminary_flat_500\Q424__cq_725117_106.574342_29.55963.jpg,Q424__cq_725117_106.574342_29.55963.jpg,D:\StreetView_Project\03_Output\clip_knn\questionnaire_sample_k25_500_added_200\08F_final500_freeze_run_20260728_145702\01_final_flat_500\Q424__cq_725117_106.574342_29.55963.jpg,frozen_08F,D:\StreetView_Project\03_Output\clip_knn\questionnaire_sample_k25_500_added_200\08D_spatial_visual_proximity_check_run_20260728_143220
Q425,added_200,CQ_677982,chongqing,106.519947,29.467744,202210,cq_677982_106.519947_29.467744.jpg,D:\StreetView_Project\01_Data\Street_Images\chongqing\cq_streetview\cq_677982_106.519947_29.467744.jpg,6,0.2739034593105316,center,城市边缘/围墙边界/低密道路,Q425__cq_677982_106.519947_29.467744.jpg,D:\StreetView_Project\03_Output\clip_knn\questionnaire_sample_k25_500_added_200\08F_final500_freeze_run_20260728_145702\01_final_flat_500\Q425__cq_677982_106.519947_29.467744.jpg,CQ_677982,False,False,matched_not_replaced,Q425__cq_677982_106.519947_29.467744.jpg,D:\StreetView_Project\03_Output\clip_knn\questionnaire_sample_k25_500_added_200\02_images_added_200_by_city_cluster\_08C_final_flat_added_200_after_manual_replacement_check_run_20260728_142934\Q425__cq_677982_106.519947_29.467744.jpg,e3f4327f8f505c24cc907828ae13028b28c6cf7bc188b410cb07f1b05fce1191,202210,cq_677982_106.519947_29.467744.jpg,D:\StreetView_Project\01_Data\Street_Images\chongqing\cq_streetview\cq_677982_106.519947_29.467744.jpg,D:\StreetView_Project\01_Data\Street_Images\chongqing\cq_streetview\cq_677982_106.519947_29.467744.jpg,0.2739034593105316,D:\StreetView_Project\03_Output\clip_knn\questionnaire_sample_k25_500_added_200\02_images_added_200_by_city_cluster\_08C_final_flat_added_200_after_manual_replacement_check_run_20260728_142934\Q425__cq_677982_106.519947_29.467744.jpg,e3f4327f8f505c24cc907828ae13028b28c6cf7bc188b410cb07f1b05fce1191,Q425__cq_677982_106.519947_29.467744.jpg,D:\StreetView_Project\03_Output\clip_knn\questionnaire_sample_k25_500_added_200\08D_spatial_visual_proximity_check_run_20260728_143220\01_preliminary_flat_500\Q425__cq_677982_106.519947_29.467744.jpg,Q425__cq_677982_106.519947_29.467744.jpg,D:\StreetView_Project\03_Output\clip_knn\questionnaire_sample_k25_500_added_200\08F_final500_freeze_run_20260728_145702\01_final_flat_500\Q425__cq_677982_106.519947_29.467744.jpg,frozen_08F,D:\StreetView_Project\03_Output\clip_knn\questionnaire_sample_k25_500_added_200\08D_spatial_visual_proximity_check_run_20260728_143220
Q426,added_200,CQ_3153594,chongqing,106.513725,29.491139,201509,cq_3153594_106.513725_29.491139.jpg,D:\StreetView_Project\01_Data\Street_Images\chongqing\cq_streetview\cq_3153594_106.513725_29.491139.jpg,6,0.2814837396144867,center,城市边缘/围墙边界/低密道路,Q426__cq_3153594_106.513725_29.491139.jpg,D:\StreetView_Project\03_Output\clip_knn\questionnaire_sample_k25_500_added_200\08F_final500_freeze_run_20260728_145702\01_final_flat_500\Q426__cq_3153594_106.513725_29.491139.jpg,CQ_3153594,False,False,matched_not_replaced,Q426__cq_3153594_106.513725_29.491139.jpg,D:\StreetView_Project\03_Output\clip_knn\questionnaire_sample_k25_500_added_200\02_images_added_200_by_city_cluster\_08C_final_flat_added_200_after_manual_replacement_check_run_20260728_142934\Q426__cq_3153594_106.513725_29.491139.jpg,23ab35ed2da77521eb65381248ab5cd106fe2f4a5767343fde01d5335bad6321,201509,cq_3153594_106.513725_29.491139.jpg,D:\StreetView_Project\01_Data\Street_Images\chongqing\cq_streetview\cq_3153594_106.513725_29.491139.jpg,D:\StreetView_Project\01_Data\Street_Images\chongqing\cq_streetview\cq_3153594_106.513725_29.491139.jpg,0.2814837396144867,D:\StreetView_Project\03_Output\clip_knn\questionnaire_sample_k25_500_added_200\02_images_added_200_by_city_cluster\_08C_final_flat_added_200_after_manual_replacement_check_run_20260728_142934\Q426__cq_3153594_106.513725_29.491139.jpg,23ab35ed2da77521eb65381248ab5cd106fe2f4a5767343fde01d5335bad6321,Q426__cq_3153594_106.513725_29.491139.jpg,D:\StreetView_Project\03_Output\clip_knn\questionnaire_sample_k25_500_added_200\08D_spatial_visual_proximity_check_run_20260728_143220\01_preliminary_flat_500\Q426__cq_3153594_106.513725_29.491139.jpg,Q426__cq_3153594_106.513725_29.491139.jpg,D:\StreetView_Project\03_Output\clip_knn\questionnaire_sample_k25_500_added_200\08F_final500_freeze_run_20260728_145702\01_final_flat_500\Q426__cq_3153594_106.513725_29.491139.jpg,frozen_08F,D:\StreetView_Project\03_Output\clip_knn\questionnaire_sample_k25_500_added_200\08D_spatial_visual_proximity_check_run_20260728_143220
Q427,added_200,CQ_3308939,chongqing,106.584039,29.603334,201907,cq_3308939_106.584039_29.603334.jpg,D:\StreetView_Project\01_Data\Street_Images\chongqing\cq_streetview\cq_3308939_106.584039_29.603334.jpg,6,0.3780737221240997,edge,城市边缘/围墙边界/低密道路,Q427__cq_3308939_106.584039_29.603334.jpg,D:\StreetView_Project\03_Output\clip_knn\questionnaire_sample_k25_500_added_200\08F_final500_freeze_run_20260728_145702\01_final_flat_500\Q427__cq_3308939_106.584039_29.603334.jpg,CQ_3308939,False,False,matched_not_replaced,Q427__cq_3308939_106.584039_29.603334.jpg,D:\StreetView_Project\03_Output\clip_knn\questionnaire_sample_k25_500_added_200\02_images_added_200_by_city_cluster\_08C_final_flat_added_200_after_manual_replacement_check_run_20260728_142934\Q427__cq_3308939_106.584039_29.603334.jpg,9b83ac1421b620f05f40cb415ec53cacdc5bf878c39fb8b831e5b09819c35e74,201907,cq_3308939_106.584039_29.603334.jpg,D:\StreetView_Project\01_Data\Street_Images\chongqing\cq_streetview\cq_3308939_106.584039_29.603334.jpg,D:\StreetView_Project\01_Data\Street_Images\chongqing\cq_streetview\cq_3308939_106.584039_29.603334.jpg,0.3780737221240997,D:\StreetView_Project\03_Output\clip_knn\questionnaire_sample_k25_500_added_200\02_images_added_200_by_city_cluster\_08C_final_flat_added_200_after_manual_replacement_check_run_20260728_142934\Q427__cq_3308939_106.584039_29.603334.jpg,9b83ac1421b620f05f40cb415ec53cacdc5bf878c39fb8b831e5b09819c35e74,Q427__cq_3308939_106.584039_29.603334.jpg,D:\StreetView_Project\03_Output\clip_knn\questionnaire_sample_k25_500_added_200\08D_spatial_visual_proximity_check_run_20260728_143220\01_preliminary_flat_500\Q427__cq_3308939_106.584039_29.603334.jpg,Q427__cq_3308939_106.584039_29.603334.jpg,D:\StreetView_Project\03_Output\clip_knn\questionnaire_sample_k25_500_added_200\08F_final500_freeze_run_20260728_145702\01_final_flat_500\Q427__cq_3308939_106.584039_29.603334.jpg,frozen_08F,D:\StreetView_Project\03_Output\clip_knn\questionnaire_sample_k25_500_added_200\08D_spatial_visual_proximity_check_run_20260728_143220
Q428,added_200,CQ_3307041,chongqing,106.557936,29.612308,202005,cq_3307041_106.557936_29.612308.jpg,D:\StreetView_Project\01_Data\Street_Images\chongqing\cq_streetview\cq_3307041_106.557936_29.612308.jpg,7,0.2659720182418823,center,成都开敞桥梁/快速路道路,Q428__cq_3307041_106.557936_29.612308.jpg,D:\StreetView_Project\03_Output\clip_knn\questionnaire_sample_k25_500_added_200\08F_final500_freeze_run_20260728_145702\01_final_flat_500\Q428__cq_3307041_106.557936_29.612308.jpg,CQ_3307041,False,False,matched_not_replaced,Q428__cq_3307041_106.557936_29.612308.jpg,D:\StreetView_Project\03_Output\clip_knn\questionnaire_sample_k25_500_added_200\02_images_added_200_by_city_cluster\_08C_final_flat_added_200_after_manual_replacement_check_run_20260728_142934\Q428__cq_3307041_106.557936_29.612308.jpg,6d7e0eac0877a27cf9e27beda13210c7fe641afaf24f5616806ad1f70efe686d,202005,cq_3307041_106.557936_29.612308.jpg,D:\StreetView_Project\01_Data\Street_Images\chongqing\cq_streetview\cq_3307041_106.557936_29.612308.jpg,D:\StreetView_Project\01_Data\Street_Images\chongqing\cq_streetview\cq_3307041_106.557936_29.612308.jpg,0.2659720182418823,D:\StreetView_Project\03_Output\clip_knn\questionnaire_sample_k25_500_added_200\02_images_added_200_by_city_cluster\_08C_final_flat_added_200_after_manual_replacement_check_run_20260728_142934\Q428__cq_3307041_106.557936_29.612308.jpg,6d7e0eac0877a27cf9e27beda13210c7fe641afaf24f5616806ad1f70efe686d,Q428__cq_3307041_106.557936_29.612308.jpg,D:\StreetView_Project\03_Output\clip_knn\questionnaire_sample_k25_500_added_200\08D_spatial_visual_proximity_check_run_20260728_143220\01_preliminary_flat_500\Q428__cq_3307041_106.557936_29.612308.jpg,Q428__cq_3307041_106.557936_29.612308.jpg,D:\StreetView_Project\03_Output\clip_knn\questionnaire_sample_k25_500_added_200\08F_final500_freeze_run_20260728_145702\01_final_flat_500\Q428__cq_3307041_106.557936_29.612308.jpg,frozen_08F,D:\StreetView_Project\03_Output\clip_knn\questionnaire_sample_k25_500_added_200\08D_spatial_visual_proximity_check_run_20260728_143220
Q429,added_200,CQ_3158284,chongqing,106.473681,29.4932,201711,cq_3158284_106.473681_29.493200.jpg,D:\StreetView_Project\01_Data\Street_Images\chongqing\cq_streetview\cq_3158284_106.473681_29.493200.jpg,8,0.2315267473459244,center,重庆高层居住区绿化道路,Q429__cq_3158284_106.473681_29.4932.jpg,D:\StreetView_Project\03_Output\clip_knn\questionnaire_sample_k25_500_added_200\08F_final500_freeze_run_20260728_145702\01_final_flat_500\Q429__cq_3158284_106.473681_29.4932.jpg,CQ_3158284,False,False,matched_not_replaced,Q429__cq_3158284_106.473681_29.493200.jpg,D:\StreetView_Project\03_Output\clip_knn\questionnaire_sample_k25_500_added_200\02_images_added_200_by_city_cluster\_08C_final_flat_added_200_after_manual_replacement_check_run_20260728_142934\Q429__cq_3158284_106.473681_29.493200.jpg,bb65491dcac869dbee2d56f516ba5250ae8954dff0625a67f7baec6302f22536,201711,cq_3158284_106.473681_29.493200.jpg,D:\StreetView_Project\01_Data\Street_Images\chongqing\cq_streetview\cq_3158284_106.473681_29.493200.jpg,D:\StreetView_Project\01_Data\Street_Images\chongqing\cq_streetview\cq_3158284_106.473681_29.493200.jpg,0.2315267473459244,D:\StreetView_Project\03_Output\clip_knn\questionnaire_sample_k25_500_added_200\02_images_added_200_by_city_cluster\_08C_final_flat_added_200_after_manual_replacement_check_run_20260728_142934\Q429__cq_3158284_106.473681_29.493200.jpg,bb65491dcac869dbee2d56f516ba5250ae8954dff0625a67f7baec6302f22536,Q429__cq_3158284_106.473681_29.4932.jpg,D:\StreetView_Project\03_Output\clip_knn\questionnaire_sample_k25_500_added_200\08D_spatial_visual_proximity_check_run_20260728_143220\01_preliminary_flat_500\Q429__cq_3158284_106.473681_29.4932.jpg,Q429__cq_3158284_106.473681_29.4932.jpg,D:\StreetView_Project\03_Output\clip_knn\questionnaire_sample_k25_500_added_200\08F_final500_freeze_run_20260728_145702\01_final_flat_500\Q429__cq_3158284_106.473681_29.4932.jpg,frozen_08F,D:\StreetView_Project\03_Output\clip_knn\questionnaire_sample_k25_500_added_200\08D_spatial_visual_proximity_check_run_20260728_143220
Q430,added_200,CQ_721993,chongqing,106.565202,29.484286,201907,cq_721993_106.565202_29.484286.jpg,D:\StreetView_Project\01_Data\Street_Images\chongqing\cq_streetview\cq_721993_106.565202_29.484286.jpg,8,0.2358920127153397,center,重庆高层居住区绿化道路,Q430__cq_721993_106.565202_29.484286.jpg,D:\StreetView_Project\03_Output\clip_knn\questionnaire_sample_k25_500_added_200\08F_final500_freeze_run_20260728_145702\01_final_flat_500\Q430__cq_721993_106.565202_29.484286.jpg,CQ_721993,False,False,matched_not_replaced,Q430__cq_721993_106.565202_29.484286.jpg,D:\StreetView_Project\03_Output\clip_knn\questionnaire_sample_k25_500_added_200\02_images_added_200_by_city_cluster\_08C_final_flat_added_200_after_manual_replacement_check_run_20260728_142934\Q430__cq_721993_106.565202_29.484286.jpg,3bb5b9a870e6e5055d6a8d563884d3797a10b1741f9357356211eaa4071a2742,201907,cq_721993_106.565202_29.484286.jpg,D:\StreetView_Project\01_Data\Street_Images\chongqing\cq_streetview\cq_721993_106.565202_29.484286.jpg,D:\StreetView_Project\01_Data\Street_Images\chongqing\cq_streetview\cq_721993_106.565202_29.484286.jpg,0.2358920127153397,D:\StreetView_Project\03_Output\clip_knn\questionnaire_sample_k25_500_added_200\02_images_added_200_by_city_cluster\_08C_final_flat_added_200_after_manual_replacement_check_run_20260728_142934\Q430__cq_721993_106.565202_29.484286.jpg,3bb5b9a870e6e5055d6a8d563884d3797a10b1741f9357356211eaa4071a2742,Q430__cq_721993_106.565202_29.484286.jpg,D:\StreetView_Project\03_Output\clip_knn\questionnaire_sample_k25_500_added_200\08D_spatial_visual_proximity_check_run_20260728_143220\01_preliminary_flat_500\Q430__cq_721993_106.565202_29.484286.jpg,Q430__cq_721993_106.565202_29.484286.jpg,D:\StreetView_Project\03_Output\clip_knn\questionnaire_sample_k25_500_added_200\08F_final500_freeze_run_20260728_145702\01_final_flat_500\Q430__cq_721993_106.565202_29.484286.jpg,frozen_08F,D:\StreetView_Project\03_Output\clip_knn\questionnaire_sample_k25_500_added_200\08D_spatial_visual_proximity_check_run_20260728_143220
Q431,added_200,CQ_3305984,chongqing,106.518044,29.610399,202210,cq_3305984_106.518044_29.610399.jpg,D:\StreetView_Project\01_Data\Street_Images\chongqing\cq_streetview\cq_3305984_106.518044_29.610399.jpg,8,0.2233510911464691,center,重庆高层居住区绿化道路,Q431__cq_3305984_106.518044_29.610399.jpg,D:\StreetView_Project\03_Output\clip_knn\questionnaire_sample_k25_500_added_200\08F_final500_freeze_run_20260728_145702\01_final_flat_500\Q431__cq_3305984_106.518044_29.610399.jpg,CQ_711601,True,True,matched_replaced,Q431__cq_3305984_106.518044_29.610399.jpg,D:\StreetView_Project\03_Output\clip_knn\questionnaire_sample_k25_500_added_200\02_images_added_200_by_city_cluster\_08C_final_flat_added_200_after_manual_replacement_check_run_20260728_142934\Q431__cq_3305984_106.518044_29.610399.jpg,96e9bd79297055763a6255f1b8559ecf30cda5256656c63aa4d020257dcecc89,202210,cq_3305984_106.518044_29.610399.jpg,D:\StreetView_Project\01_Data\Street_Images\chongqing\cq_streetview\cq_3305984_106.518044_29.610399.jpg,D:\StreetView_Project\01_Data\Street_Images\chongqing\cq_streetview\cq_3305984_106.518044_29.610399.jpg,0.2233510911464691,D:\StreetView_Project\03_Output\clip_knn\questionnaire_sample_k25_500_added_200\02_images_added_200_by_city_cluster\_08C_final_flat_added_200_after_manual_replacement_check_run_20260728_142934\Q431__cq_3305984_106.518044_29.610399.jpg,96e9bd79297055763a6255f1b8559ecf30cda5256656c63aa4d020257dcecc89,Q431__cq_3305984_106.518044_29.610399.jpg,D:\StreetView_Project\03_Output\clip_knn\questionnaire_sample_k25_500_added_200\08D_spatial_visual_proximity_check_run_20260728_143220\01_preliminary_flat_500\Q431__cq_3305984_106.518044_29.610399.jpg,Q431__cq_3305984_106.518044_29.610399.jpg,D:\StreetView_Project\03_Output\clip_knn\questionnaire_sample_k25_500_added_200\08F_final500_freeze_run_20260728_145702\01_final_flat_500\Q431__cq_3305984_106.518044_29.610399.jpg,frozen_08F,D:\StreetView_Project\03_Output\clip_knn\questionnaire_sample_k25_500_added_200\08D_spatial_visual_proximity_check_run_20260728_143220
Q432,added_200,CQ_625426,chongqing,106.474089,29.463568,201610,cq_625426_106.474089_29.463568.jpg,D:\StreetView_Project\01_Data\Street_Images\chongqing\cq_streetview\cq_625426_106.474089_29.463568.jpg,8,0.2152692377567291,center,重庆高层居住区绿化道路,Q432__cq_625426_106.474089_29.463568.jpg,D:\StreetView_Project\03_Output\clip_knn\questionnaire_sample_k25_500_added_200\08F_final500_freeze_run_20260728_145702\01_final_flat_500\Q432__cq_625426_106.474089_29.463568.jpg,CQ_629185,True,True,matched_replaced,Q432__cq_625426_106.474089_29.463568.jpg,D:\StreetView_Project\03_Output\clip_knn\questionnaire_sample_k25_500_added_200\02_images_added_200_by_city_cluster\_08C_final_flat_added_200_after_manual_replacement_check_run_20260728_142934\Q432__cq_625426_106.474089_29.463568.jpg,2bc9d0d5d2f1bae210077875b3274998905e39e6d717465b0cceb11d245f1025,201610,cq_625426_106.474089_29.463568.jpg,D:\StreetView_Project\01_Data\Street_Images\chongqing\cq_streetview\cq_625426_106.474089_29.463568.jpg,D:\StreetView_Project\01_Data\Street_Images\chongqing\cq_streetview\cq_625426_106.474089_29.463568.jpg,0.2152692377567291,D:\StreetView_Project\03_Output\clip_knn\questionnaire_sample_k25_500_added_200\02_images_added_200_by_city_cluster\_08C_final_flat_added_200_after_manual_replacement_check_run_20260728_142934\Q432__cq_625426_106.474089_29.463568.jpg,2bc9d0d5d2f1bae210077875b3274998905e39e6d717465b0cceb11d245f1025,Q432__cq_625426_106.474089_29.463568.jpg,D:\StreetView_Project\03_Output\clip_knn\questionnaire_sample_k25_500_added_200\08D_spatial_visual_proximity_check_run_20260728_143220\01_preliminary_flat_500\Q432__cq_625426_106.474089_29.463568.jpg,Q432__cq_625426_106.474089_29.463568.jpg,D:\StreetView_Project\03_Output\clip_knn\questionnaire_sample_k25_500_added_200\08F_final500_freeze_run_20260728_145702\01_final_flat_500\Q432__cq_625426_106.474089_29.463568.jpg,frozen_08F,D:\StreetView_Project\03_Output\clip_knn\questionnaire_sample_k25_500_added_200\08D_spatial_visual_proximity_check_run_20260728_143220
Q433,added_200,CQ_650795,chongqing,106.495246,29.546867,201711,cq_650795_106.495246_29.546867.jpg,D:\StreetView_Project\01_Data\Street_Images\chongqing\cq_streetview\cq_650795_106.495246_29.546867.jpg,8,0.2802961468696594,edge,重庆高层居住区绿化道路,Q433__cq_650795_106.495246_29.546867.jpg,D:\StreetView_Project\03_Output\clip_knn\questionnaire_sample_k25_500_added_200\08F_final500_freeze_run_20260728_145702\01_final_flat_500\Q433__cq_650795_106.495246_29.546867.jpg,CQ_650795,False,False,matched_not_replaced,Q433__cq_650795_106.495246_29.546867.jpg,D:\StreetView_Project\03_Output\clip_knn\questionnaire_sample_k25_500_added_200\02_images_added_200_by_city_cluster\_08C_final_flat_added_200_after_manual_replacement_check_run_20260728_142934\Q433__cq_650795_106.495246_29.546867.jpg,e86a80a1a4313316377559555b64047c4d0eecbe2ec1d2b947d75e904199b671,201711,cq_650795_106.495246_29.546867.jpg,D:\StreetView_Project\01_Data\Street_Images\chongqing\cq_streetview\cq_650795_106.495246_29.546867.jpg,D:\StreetView_Project\01_Data\Street_Images\chongqing\cq_streetview\cq_650795_106.495246_29.546867.jpg,0.2802961468696594,D:\StreetView_Project\03_Output\clip_knn\questionnaire_sample_k25_500_added_200\02_images_added_200_by_city_cluster\_08C_final_flat_added_200_after_manual_replacement_check_run_20260728_142934\Q433__cq_650795_106.495246_29.546867.jpg,e86a80a1a4313316377559555b64047c4d0eecbe2ec1d2b947d75e904199b671,Q433__cq_650795_106.495246_29.546867.jpg,D:\StreetView_Project\03_Output\clip_knn\questionnaire_sample_k25_500_added_200\08D_spatial_visual_proximity_check_run_20260728_143220\01_preliminary_flat_500\Q433__cq_650795_106.495246_29.546867.jpg,Q433__cq_650795_106.495246_29.546867.jpg,D:\StreetView_Project\03_Output\clip_knn\questionnaire_sample_k25_500_added_200\08F_final500_freeze_run_20260728_145702\01_final_flat_500\Q433__cq_650795_106.495246_29.546867.jpg,frozen_08F,D:\StreetView_Project\03_Output\clip_knn\questionnaire_sample_k25_500_added_200\08D_spatial_visual_proximity_check_run_20260728_143220
Q434,added_200,CQ_603548,chongqing,106.455207,29.574693,201907,cq_603548_106.455207_29.574693.jpg,D:\StreetView_Project\01_Data\Street_Images\chongqing\cq_streetview\cq_603548_106.455207_29.574693.jpg,8,0.2959101796150208,edge,重庆高层居住区绿化道路,Q434__cq_603548_106.455207_29.574693.jpg,D:\StreetView_Project\03_Output\clip_knn\questionnaire_sample_k25_500_added_200\08F_final500_freeze_run_20260728_145702\01_final_flat_500\Q434__cq_603548_106.455207_29.574693.jpg,CQ_603548,False,False,matched_not_replaced,Q434__cq_603548_106.455207_29.574693.jpg,D:\StreetView_Project\03_Output\clip_knn\questionnaire_sample_k25_500_added_200\02_images_added_200_by_city_cluster\_08C_final_flat_added_200_after_manual_replacement_check_run_20260728_142934\Q434__cq_603548_106.455207_29.574693.jpg,3ad187966337f42d70ef74964f016eb10961f46f2655e6a29d025658e364349f,201907,cq_603548_106.455207_29.574693.jpg,D:\StreetView_Project\01_Data\Street_Images\chongqing\cq_streetview\cq_603548_106.455207_29.574693.jpg,D:\StreetView_Project\01_Data\Street_Images\chongqing\cq_streetview\cq_603548_106.455207_29.574693.jpg,0.2959101796150208,D:\StreetView_Project\03_Output\clip_knn\questionnaire_sample_k25_500_added_200\02_images_added_200_by_city_cluster\_08C_final_flat_added_200_after_manual_replacement_check_run_20260728_142934\Q434__cq_603548_106.455207_29.574693.jpg,3ad187966337f42d70ef74964f016eb10961f46f2655e6a29d025658e364349f,Q434__cq_603548_106.455207_29.574693.jpg,D:\StreetView_Project\03_Output\clip_knn\questionnaire_sample_k25_500_added_200\08D_spatial_visual_proximity_check_run_20260728_143220\01_preliminary_flat_500\Q434__cq_603548_106.455207_29.574693.jpg,Q434__cq_603548_106.455207_29.574693.jpg,D:\StreetView_Project\03_Output\clip_knn\questionnaire_sample_k25_500_added_200\08F_final500_freeze_run_20260728_145702\01_final_flat_500\Q434__cq_603548_106.455207_29.574693.jpg,frozen_08F,D:\StreetView_Project\03_Output\clip_knn\questionnaire_sample_k25_500_added_200\08D_spatial_visual_proximity_check_run_20260728_143220
Q435,added_200,CQ_681375,chongqing,106.520554,29.605586,201711,cq_681375_106.520554_29.605586.jpg,D:\StreetView_Project\01_Data\Street_Images\chongqing\cq_streetview\cq_681375_106.520554_29.605586.jpg,8,0.3028403520584106,edge,重庆高层居住区绿化道路,Q435__cq_681375_106.520554_29.605586.jpg,D:\StreetView_Project\03_Output\clip_knn\questionnaire_sample_k25_500_added_200\08F_final500_freeze_run_20260728_145702\01_final_flat_500\Q435__cq_681375_106.520554_29.605586.jpg,CQ_681375,False,False,matched_not_replaced,Q435__cq_681375_106.520554_29.605586.jpg,D:\StreetView_Project\03_Output\clip_knn\questionnaire_sample_k25_500_added_200\02_images_added_200_by_city_cluster\_08C_final_flat_added_200_after_manual_replacement_check_run_20260728_142934\Q435__cq_681375_106.520554_29.605586.jpg,5c5e09faeaf733ffdf75a261f9ebbde6f9f98134eeb7b48ceacbd88055ab912a,201711,cq_681375_106.520554_29.605586.jpg,D:\StreetView_Project\01_Data\Street_Images\chongqing\cq_streetview\cq_681375_106.520554_29.605586.jpg,D:\StreetView_Project\01_Data\Street_Images\chongqing\cq_streetview\cq_681375_106.520554_29.605586.jpg,0.3028403520584106,D:\StreetView_Project\03_Output\clip_knn\questionnaire_sample_k25_500_added_200\02_images_added_200_by_city_cluster\_08C_final_flat_added_200_after_manual_replacement_check_run_20260728_142934\Q435__cq_681375_106.520554_29.605586.jpg,5c5e09faeaf733ffdf75a261f9ebbde6f9f98134eeb7b48ceacbd88055ab912a,Q435__cq_681375_106.520554_29.605586.jpg,D:\StreetView_Project\03_Output\clip_knn\questionnaire_sample_k25_500_added_200\08D_spatial_visual_proximity_check_run_20260728_143220\01_preliminary_flat_500\Q435__cq_681375_106.520554_29.605586.jpg,Q435__cq_681375_106.520554_29.605586.jpg,D:\StreetView_Project\03_Output\clip_knn\questionnaire_sample_k25_500_added_200\08F_final500_freeze_run_20260728_145702\01_final_flat_500\Q435__cq_681375_106.520554_29.605586.jpg,frozen_08F,D:\StreetView_Project\03_Output\clip_knn\questionnaire_sample_k25_500_added_200\08D_spatial_visual_proximity_check_run_20260728_143220
Q436,added_200,CQ_3305590,chongqing,106.51657,29.575043,202210,cq_3305590_106.516570_29.575043.jpg,D:\StreetView_Project\01_Data\Street_Images\chongqing\cq_streetview\cq_3305590_106.516570_29.575043.jpg,9,0.214377149939537,center,成都中心城区规整主干路,Q436__cq_3305590_106.51657_29.575043.jpg,D:\StreetView_Project\03_Output\clip_knn\questionnaire_sample_k25_500_added_200\08F_final500_freeze_run_20260728_145702\01_final_flat_500\Q436__cq_3305590_106.51657_29.575043.jpg,CQ_3305590,False,False,matched_not_replaced,Q436__cq_3305590_106.516570_29.575043.jpg,D:\StreetView_Project\03_Output\clip_knn\questionnaire_sample_k25_500_added_200\02_images_added_200_by_city_cluster\_08C_final_flat_added_200_after_manual_replacement_check_run_20260728_142934\Q436__cq_3305590_106.516570_29.575043.jpg,7f8b6a4d7c5f63d65018beb39d240ed8d3a209334008cfd774b8d5890b5efd74,202210,cq_3305590_106.516570_29.575043.jpg,D:\StreetView_Project\01_Data\Street_Images\chongqing\cq_streetview\cq_3305590_106.516570_29.575043.jpg,D:\StreetView_Project\01_Data\Street_Images\chongqing\cq_streetview\cq_3305590_106.516570_29.575043.jpg,0.214377149939537,D:\StreetView_Project\03_Output\clip_knn\questionnaire_sample_k25_500_added_200\02_images_added_200_by_city_cluster\_08C_final_flat_added_200_after_manual_replacement_check_run_20260728_142934\Q436__cq_3305590_106.516570_29.575043.jpg,7f8b6a4d7c5f63d65018beb39d240ed8d3a209334008cfd774b8d5890b5efd74,Q436__cq_3305590_106.51657_29.575043.jpg,D:\StreetView_Project\03_Output\clip_knn\questionnaire_sample_k25_500_added_200\08D_spatial_visual_proximity_check_run_20260728_143220\01_preliminary_flat_500\Q436__cq_3305590_106.51657_29.575043.jpg,Q436__cq_3305590_106.51657_29.575043.jpg,D:\StreetView_Project\03_Output\clip_knn\questionnaire_sample_k25_500_added_200\08F_final500_freeze_run_20260728_145702\01_final_flat_500\Q436__cq_3305590_106.51657_29.575043.jpg,frozen_08F,D:\StreetView_Project\03_Output\clip_knn\questionnaire_sample_k25_500_added_200\08D_spatial_visual_proximity_check_run_20260728_143220
Q437,added_200,CQ_2834397,chongqing,106.455895,29.573308,201906,cq_2834397_106.455895_29.573308.jpg,D:\StreetView_Project\01_Data\Street_Images\chongqing\cq_streetview\cq_2834397_106.455895_29.573308.jpg,10,0.1945783942937851,center,林荫遮蔽街道,Q437__cq_2834397_106.455895_29.573308.jpg,D:\StreetView_Project\03_Output\clip_knn\questionnaire_sample_k25_500_added_200\08F_final500_freeze_run_20260728_145702\01_final_flat_500\Q437__cq_2834397_106.455895_29.573308.jpg,CQ_2834397,False,False,matched_not_replaced,Q437__cq_2834397_106.455895_29.573308.jpg,D:\StreetView_Project\03_Output\clip_knn\questionnaire_sample_k25_500_added_200\02_images_added_200_by_city_cluster\_08C_final_flat_added_200_after_manual_replacement_check_run_20260728_142934\Q437__cq_2834397_106.455895_29.573308.jpg,311469a2c32155e59c8d6f20b6ab260641b09a45044deac9b6155b547167d2d1,201906,cq_2834397_106.455895_29.573308.jpg,D:\StreetView_Project\01_Data\Street_Images\chongqing\cq_streetview\cq_2834397_106.455895_29.573308.jpg,D:\StreetView_Project\01_Data\Street_Images\chongqing\cq_streetview\cq_2834397_106.455895_29.573308.jpg,0.1945783942937851,D:\StreetView_Project\03_Output\clip_knn\questionnaire_sample_k25_500_added_200\02_images_added_200_by_city_cluster\_08C_final_flat_added_200_after_manual_replacement_check_run_20260728_142934\Q437__cq_2834397_106.455895_29.573308.jpg,311469a2c32155e59c8d6f20b6ab260641b09a45044deac9b6155b547167d2d1,Q437__cq_2834397_106.455895_29.573308.jpg,D:\StreetView_Project\03_Output\clip_knn\questionnaire_sample_k25_500_added_200\08D_spatial_visual_proximity_check_run_20260728_143220\01_preliminary_flat_500\Q437__cq_2834397_106.455895_29.573308.jpg,Q437__cq_2834397_106.455895_29.573308.jpg,D:\StreetView_Project\03_Output\clip_knn\questionnaire_sample_k25_500_added_200\08F_final500_freeze_run_20260728_145702\01_final_flat_500\Q437__cq_2834397_106.455895_29.573308.jpg,frozen_08F,D:\StreetView_Project\03_Output\clip_knn\questionnaire_sample_k25_500_added_200\08D_spatial_visual_proximity_check_run_20260728_143220
Q438,added_200,CQ_659449,chongqing,106.506433,29.581275,202210,cq_659449_106.506433_29.581275.jpg,D:\StreetView_Project\01_Data\Street_Images\chongqing\cq_streetview\cq_659449_106.506433_29.581275.jpg,10,0.2669033408164978,middle,林荫遮蔽街道,Q438__cq_659449_106.506433_29.581275.jpg,D:\StreetView_Project\03_Output\clip_knn\questionnaire_sample_k25_500_added_200\08F_final500_freeze_run_20260728_145702\01_final_flat_500\Q438__cq_659449_106.506433_29.581275.jpg,CQ_651003,True,True,matched_replaced,Q438__cq_659449_106.506433_29.581275.jpg,D:\StreetView_Project\03_Output\clip_knn\questionnaire_sample_k25_500_added_200\02_images_added_200_by_city_cluster\_08C_final_flat_added_200_after_manual_replacement_check_run_20260728_142934\Q438__cq_659449_106.506433_29.581275.jpg,5f027e355e88e3d57ec512abb581e894e5d3d4f3d39f71de09889c6db0acdc12,202210,cq_659449_106.506433_29.581275.jpg,D:\StreetView_Project\01_Data\Street_Images\chongqing\cq_streetview\cq_659449_106.506433_29.581275.jpg,D:\StreetView_Project\01_Data\Street_Images\chongqing\cq_streetview\cq_659449_106.506433_29.581275.jpg,0.2669033408164978,D:\StreetView_Project\03_Output\clip_knn\questionnaire_sample_k25_500_added_200\02_images_added_200_by_city_cluster\_08C_final_flat_added_200_after_manual_replacement_check_run_20260728_142934\Q438__cq_659449_106.506433_29.581275.jpg,5f027e355e88e3d57ec512abb581e894e5d3d4f3d39f71de09889c6db0acdc12,Q438__cq_659449_106.506433_29.581275.jpg,D:\StreetView_Project\03_Output\clip_knn\questionnaire_sample_k25_500_added_200\08D_spatial_visual_proximity_check_run_20260728_143220\01_preliminary_flat_500\Q438__cq_659449_106.506433_29.581275.jpg,Q438__cq_659449_106.506433_29.581275.jpg,D:\StreetView_Project\03_Output\clip_knn\questionnaire_sample_k25_500_added_200\08F_final500_freeze_run_20260728_145702\01_final_flat_500\Q438__cq_659449_106.506433_29.581275.jpg,frozen_08F,D:\StreetView_Project\03_Output\clip_knn\questionnaire_sample_k25_500_added_200\08D_spatial_visual_proximity_check_run_20260728_143220
Q439,added_200,CQ_3307641,chongqing,106.512037,29.57988,202210,cq_3307641_106.512037_29.579880.jpg,D:\StreetView_Project\01_Data\Street_Images\chongqing\cq_streetview\cq_3307641_106.512037_29.579880.jpg,10,0.2293714731931686,center,林荫遮蔽街道,Q439__cq_3307641_106.512037_29.57988.jpg,D:\StreetView_Project\03_Output\clip_knn\questionnaire_sample_k25_500_added_200\08F_final500_freeze_run_20260728_145702\01_final_flat_500\Q439__cq_3307641_106.512037_29.57988.jpg,CQ_3307641,False,False,matched_not_replaced,Q439__cq_3307641_106.512037_29.579880.jpg,D:\StreetView_Project\03_Output\clip_knn\questionnaire_sample_k25_500_added_200\02_images_added_200_by_city_cluster\_08C_final_flat_added_200_after_manual_replacement_check_run_20260728_142934\Q439__cq_3307641_106.512037_29.579880.jpg,663c960977f000b652680cb4488802078057b1408af9629ec77e20d886700bd0,202210,cq_3307641_106.512037_29.579880.jpg,D:\StreetView_Project\01_Data\Street_Images\chongqing\cq_streetview\cq_3307641_106.512037_29.579880.jpg,D:\StreetView_Project\01_Data\Street_Images\chongqing\cq_streetview\cq_3307641_106.512037_29.579880.jpg,0.2293714731931686,D:\StreetView_Project\03_Output\clip_knn\questionnaire_sample_k25_500_added_200\02_images_added_200_by_city_cluster\_08C_final_flat_added_200_after_manual_replacement_check_run_20260728_142934\Q439__cq_3307641_106.512037_29.579880.jpg,663c960977f000b652680cb4488802078057b1408af9629ec77e20d886700bd0,Q439__cq_3307641_106.512037_29.57988.jpg,D:\StreetView_Project\03_Output\clip_knn\questionnaire_sample_k25_500_added_200\08D_spatial_visual_proximity_check_run_20260728_143220\01_preliminary_flat_500\Q439__cq_3307641_106.512037_29.57988.jpg,Q439__cq_3307641_106.512037_29.57988.jpg,D:\StreetView_Project\03_Output\clip_knn\questionnaire_sample_k25_500_added_200\08F_final500_freeze_run_20260728_145702\01_final_flat_500\Q439__cq_3307641_106.512037_29.57988.jpg,frozen_08F,D:\StreetView_Project\03_Output\clip_knn\questionnaire_sample_k25_500_added_200\08D_spatial_visual_proximity_check_run_20260728_143220
Q440,added_200,CQ_3157640,chongqing,106.483122,29.492916,201907,cq_3157640_106.483122_29.492916.jpg,D:\StreetView_Project\01_Data\Street_Images\chongqing\cq_streetview\cq_3157640_106.483122_29.492916.jpg,10,0.2521731555461884,middle,林荫遮蔽街道,Q440__cq_3157640_106.483122_29.492916.jpg,D:\StreetView_Project\03_Output\clip_knn\questionnaire_sample_k25_500_added_200\08F_final500_freeze_run_20260728_145702\01_final_flat_500\Q440__cq_3157640_106.483122_29.492916.jpg,CQ_3157640,False,False,matched_not_replaced,Q440__cq_3157640_106.483122_29.492916.jpg,D:\StreetView_Project\03_Output\clip_knn\questionnaire_sample_k25_500_added_200\02_images_added_200_by_city_cluster\_08C_final_flat_added_200_after_manual_replacement_check_run_20260728_142934\Q440__cq_3157640_106.483122_29.492916.jpg,be6475525b4dd5883f45939de95045fc7f799cc2f04b708c74de8b89421fcf06,201907,cq_3157640_106.483122_29.492916.jpg,D:\StreetView_Project\01_Data\Street_Images\chongqing\cq_streetview\cq_3157640_106.483122_29.492916.jpg,D:\StreetView_Project\01_Data\Street_Images\chongqing\cq_streetview\cq_3157640_106.483122_29.492916.jpg,0.2521731555461884,D:\StreetView_Project\03_Output\clip_knn\questionnaire_sample_k25_500_added_200\02_images_added_200_by_city_cluster\_08C_final_flat_added_200_after_manual_replacement_check_run_20260728_142934\Q440__cq_3157640_106.483122_29.492916.jpg,be6475525b4dd5883f45939de95045fc7f799cc2f04b708c74de8b89421fcf06,Q440__cq_3157640_106.483122_29.492916.jpg,D:\StreetView_Project\03_Output\clip_knn\questionnaire_sample_k25_500_added_200\08D_spatial_visual_proximity_check_run_20260728_143220\01_preliminary_flat_500\Q440__cq_3157640_106.483122_29.492916.jpg,Q440__cq_3157640_106.483122_29.492916.jpg,D:\StreetView_Project\03_Output\clip_knn\questionnaire_sample_k25_500_added_200\08F_final500_freeze_run_20260728_145702\01_final_flat_500\Q440__cq_3157640_106.483122_29.492916.jpg,frozen_08F,D:\StreetView_Project\03_Output\clip_knn\questionnaire_sample_k25_500_added_200\08D_spatial_visual_proximity_check_run_20260728_143220
Q441,added_200,CQ_2913736,chongqing,106.507786,29.587449,202210,cq_2913736_106.507786_29.587449.jpg,D:\StreetView_Project\01_Data\Street_Images\chongqing\cq_streetview\cq_2913736_106.507786_29.587449.jpg,10,0.2784663438796997,edge,林荫遮蔽街道,Q441__cq_2913736_106.507786_29.587449.jpg,D:\StreetView_Project\03_Output\clip_knn\questionnaire_sample_k25_500_added_200\08F_final500_freeze_run_20260728_145702\01_final_flat_500\Q441__cq_2913736_106.507786_29.587449.jpg,CQ_2913736,False,False,matched_not_replaced,Q441__cq_2913736_106.507786_29.587449.jpg,D:\StreetView_Project\03_Output\clip_knn\questionnaire_sample_k25_500_added_200\02_images_added_200_by_city_cluster\_08C_final_flat_added_200_after_manual_replacement_check_run_20260728_142934\Q441__cq_2913736_106.507786_29.587449.jpg,77bb3d60d0f2b073333e120954620a25b07d84982e8e78f03161f5f156fa3733,202210,cq_2913736_106.507786_29.587449.jpg,D:\StreetView_Project\01_Data\Street_Images\chongqing\cq_streetview\cq_2913736_106.507786_29.587449.jpg,D:\StreetView_Project\01_Data\Street_Images\chongqing\cq_streetview\cq_2913736_106.507786_29.587449.jpg,0.2784663438796997,D:\StreetView_Project\03_Output\clip_knn\questionnaire_sample_k25_500_added_200\02_images_added_200_by_city_cluster\_08C_final_flat_added_200_after_manual_replacement_check_run_20260728_142934\Q441__cq_2913736_106.507786_29.587449.jpg,77bb3d60d0f2b073333e120954620a25b07d84982e8e78f03161f5f156fa3733,Q441__cq_2913736_106.507786_29.587449.jpg,D:\StreetView_Project\03_Output\clip_knn\questionnaire_sample_k25_500_added_200\08D_spatial_visual_proximity_check_run_20260728_143220\01_preliminary_flat_500\Q441__cq_2913736_106.507786_29.587449.jpg,Q441__cq_2913736_106.507786_29.587449.jpg,D:\StreetView_Project\03_Output\clip_knn\questionnaire_sample_k25_500_added_200\08F_final500_freeze_run_20260728_145702\01_final_flat_500\Q441__cq_2913736_106.507786_29.587449.jpg,frozen_08F,D:\StreetView_Project\03_Output\clip_knn\questionnaire_sample_k25_500_added_200\08D_spatial_visual_proximity_check_run_20260728_143220
Q442,added_200,CQ_682750,chongqing,106.523416,29.495682,201711,cq_682750_106.523416_29.495682.jpg,D:\StreetView_Project\01_Data\Street_Images\chongqing\cq_streetview\cq_682750_106.523416_29.495682.jpg,10,0.3413317799568176,edge,林荫遮蔽街道,Q442__cq_682750_106.523416_29.495682.jpg,D:\StreetView_Project\03_Output\clip_knn\questionnaire_sample_k25_500_added_200\08F_final500_freeze_run_20260728_145702\01_final_flat_500\Q442__cq_682750_106.523416_29.495682.jpg,CQ_682750,False,False,matched_not_replaced,Q442__cq_682750_106.523416_29.495682.jpg,D:\StreetView_Project\03_Output\clip_knn\questionnaire_sample_k25_500_added_200\02_images_added_200_by_city_cluster\_08C_final_flat_added_200_after_manual_replacement_check_run_20260728_142934\Q442__cq_682750_106.523416_29.495682.jpg,af7ed6016c184464d689b072a238afdf083f9310cd077d0027106a8abb83a47e,201711,cq_682750_106.523416_29.495682.jpg,D:\StreetView_Project\01_Data\Street_Images\chongqing\cq_streetview\cq_682750_106.523416_29.495682.jpg,D:\StreetView_Project\01_Data\Street_Images\chongqing\cq_streetview\cq_682750_106.523416_29.495682.jpg,0.3413317799568176,D:\StreetView_Project\03_Output\clip_knn\questionnaire_sample_k25_500_added_200\02_images_added_200_by_city_cluster\_08C_final_flat_added_200_after_manual_replacement_check_run_20260728_142934\Q442__cq_682750_106.523416_29.495682.jpg,af7ed6016c184464d689b072a238afdf083f9310cd077d0027106a8abb83a47e,Q442__cq_682750_106.523416_29.495682.jpg,D:\StreetView_Project\03_Output\clip_knn\questionnaire_sample_k25_500_added_200\08D_spatial_visual_proximity_check_run_20260728_143220\01_preliminary_flat_500\Q442__cq_682750_106.523416_29.495682.jpg,Q442__cq_682750_106.523416_29.495682.jpg,D:\StreetView_Project\03_Output\clip_knn\questionnaire_sample_k25_500_added_200\08F_final500_freeze_run_20260728_145702\01_final_flat_500\Q442__cq_682750_106.523416_29.495682.jpg,frozen_08F,D:\StreetView_Project\03_Output\clip_knn\questionnaire_sample_k25_500_added_200\08D_spatial_visual_proximity_check_run_20260728_143220
Q443,added_200,CQ_2433039,chongqing,106.554688,29.553028,202004,cq_2433039_106.554688_29.553028.jpg,D:\StreetView_Project\01_Data\Street_Images\chongqing\cq_streetview\cq_2433039_106.554688_29.553028.jpg,11,0.337251216173172,middle,桥梁/高架快速路空间,Q443__cq_2433039_106.554688_29.553028.jpg,D:\StreetView_Project\03_Output\clip_knn\questionnaire_sample_k25_500_added_200\08F_final500_freeze_run_20260728_145702\01_final_flat_500\Q443__cq_2433039_106.554688_29.553028.jpg,CQ_2433039,False,False,matched_not_replaced,Q443__cq_2433039_106.554688_29.553028.jpg,D:\StreetView_Project\03_Output\clip_knn\questionnaire_sample_k25_500_added_200\02_images_added_200_by_city_cluster\_08C_final_flat_added_200_after_manual_replacement_check_run_20260728_142934\Q443__cq_2433039_106.554688_29.553028.jpg,fc057d79c8c6c7495a8c01d1f12f72c1ecea2a76ff510a771c49193974c45864,202004,cq_2433039_106.554688_29.553028.jpg,D:\StreetView_Project\01_Data\Street_Images\chongqing\cq_streetview\cq_2433039_106.554688_29.553028.jpg,D:\StreetView_Project\01_Data\Street_Images\chongqing\cq_streetview\cq_2433039_106.554688_29.553028.jpg,0.337251216173172,D:\StreetView_Project\03_Output\clip_knn\questionnaire_sample_k25_500_added_200\02_images_added_200_by_city_cluster\_08C_final_flat_added_200_after_manual_replacement_check_run_20260728_142934\Q443__cq_2433039_106.554688_29.553028.jpg,fc057d79c8c6c7495a8c01d1f12f72c1ecea2a76ff510a771c49193974c45864,Q443__cq_2433039_106.554688_29.553028.jpg,D:\StreetView_Project\03_Output\clip_knn\questionnaire_sample_k25_500_added_200\08D_spatial_visual_proximity_check_run_20260728_143220\01_preliminary_flat_500\Q443__cq_2433039_106.554688_29.553028.jpg,Q443__cq_2433039_106.554688_29.553028.jpg,D:\StreetView_Project\03_Output\clip_knn\questionnaire_sample_k25_500_added_200\08F_final500_freeze_run_20260728_145702\01_final_flat_500\Q443__cq_2433039_106.554688_29.553028.jpg,frozen_08F,D:\StreetView_Project\03_Output\clip_knn\questionnaire_sample_k25_500_added_200\08D_spatial_visual_proximity_check_run_20260728_143220
Q444,added_200,CQ_3423657,chongqing,106.572971,29.519664,202004,cq_3423657_106.572971_29.519664.jpg,D:\StreetView_Project\01_Data\Street_Images\chongqing\cq_streetview\cq_3423657_106.572971_29.519664.jpg,11,0.4002014398574829,edge,桥梁/高架快速路空间,Q444__cq_3423657_106.572971_29.519664.jpg,D:\StreetView_Project\03_Output\clip_knn\questionnaire_sample_k25_500_added_200\08F_final500_freeze_run_20260728_145702\01_final_flat_500\Q444__cq_3423657_106.572971_29.519664.jpg,CQ_3423657,False,False,matched_not_replaced,Q444__cq_3423657_106.572971_29.519664.jpg,D:\StreetView_Project\03_Output\clip_knn\questionnaire_sample_k25_500_added_200\02_images_added_200_by_city_cluster\_08C_final_flat_added_200_after_manual_replacement_check_run_20260728_142934\Q444__cq_3423657_106.572971_29.519664.jpg,9ecf80474b254aa22a403e4d15943ebe993b009d5bbc8ccf8038729d3636401f,202004,cq_3423657_106.572971_29.519664.jpg,D:\StreetView_Project\01_Data\Street_Images\chongqing\cq_streetview\cq_3423657_106.572971_29.519664.jpg,D:\StreetView_Project\01_Data\Street_Images\chongqing\cq_streetview\cq_3423657_106.572971_29.519664.jpg,0.4002014398574829,D:\StreetView_Project\03_Output\clip_knn\questionnaire_sample_k25_500_added_200\02_images_added_200_by_city_cluster\_08C_final_flat_added_200_after_manual_replacement_check_run_20260728_142934\Q444__cq_3423657_106.572971_29.519664.jpg,9ecf80474b254aa22a403e4d15943ebe993b009d5bbc8ccf8038729d3636401f,Q444__cq_3423657_106.572971_29.519664.jpg,D:\StreetView_Project\03_Output\clip_knn\questionnaire_sample_k25_500_added_200\08D_spatial_visual_proximity_check_run_20260728_143220\01_preliminary_flat_500\Q444__cq_3423657_106.572971_29.519664.jpg,Q444__cq_3423657_106.572971_29.519664.jpg,D:\StreetView_Project\03_Output\clip_knn\questionnaire_sample_k25_500_added_200\08F_final500_freeze_run_20260728_145702\01_final_flat_500\Q444__cq_3423657_106.572971_29.519664.jpg,frozen_08F,D:\StreetView_Project\03_Output\clip_knn\questionnaire_sample_k25_500_added_200\08D_spatial_visual_proximity_check_run_20260728_143220
Q445,added_200,CQ_3233434,chongqing,106.542749,29.530928,202210,cq_3233434_106.542749_29.530928.jpg,D:\StreetView_Project\01_Data\Street_Images\chongqing\cq_streetview\cq_3233434_106.542749_29.530928.jpg,12,0.2053607404232025,center,重庆高密普通主干路,Q445__cq_3233434_106.542749_29.530928.jpg,D:\StreetView_Project\03_Output\clip_knn\questionnaire_sample_k25_500_added_200\08F_final500_freeze_run_20260728_145702\01_final_flat_500\Q445__cq_3233434_106.542749_29.530928.jpg,CQ_3233434,False,False,matched_not_replaced,Q445__cq_3233434_106.542749_29.530928.jpg,D:\StreetView_Project\03_Output\clip_knn\questionnaire_sample_k25_500_added_200\02_images_added_200_by_city_cluster\_08C_final_flat_added_200_after_manual_replacement_check_run_20260728_142934\Q445__cq_3233434_106.542749_29.530928.jpg,d39b625e72ea2305f724e047d51bee53bae61ef9f2444f9aadb6ac5a9fd747a7,202210,cq_3233434_106.542749_29.530928.jpg,D:\StreetView_Project\01_Data\Street_Images\chongqing\cq_streetview\cq_3233434_106.542749_29.530928.jpg,D:\StreetView_Project\01_Data\Street_Images\chongqing\cq_streetview\cq_3233434_106.542749_29.530928.jpg,0.2053607404232025,D:\StreetView_Project\03_Output\clip_knn\questionnaire_sample_k25_500_added_200\02_images_added_200_by_city_cluster\_08C_final_flat_added_200_after_manual_replacement_check_run_20260728_142934\Q445__cq_3233434_106.542749_29.530928.jpg,d39b625e72ea2305f724e047d51bee53bae61ef9f2444f9aadb6ac5a9fd747a7,Q445__cq_3233434_106.542749_29.530928.jpg,D:\StreetView_Project\03_Output\clip_knn\questionnaire_sample_k25_500_added_200\08D_spatial_visual_proximity_check_run_20260728_143220\01_preliminary_flat_500\Q445__cq_3233434_106.542749_29.530928.jpg,Q445__cq_3233434_106.542749_29.530928.jpg,D:\StreetView_Project\03_Output\clip_knn\questionnaire_sample_k25_500_added_200\08F_final500_freeze_run_20260728_145702\01_final_flat_500\Q445__cq_3233434_106.542749_29.530928.jpg,frozen_08F,D:\StreetView_Project\03_Output\clip_knn\questionnaire_sample_k25_500_added_200\08D_spatial_visual_proximity_check_run_20260728_143220
Q446,added_200,CQ_663741,chongqing,106.5063,29.52825,202210,cq_663741_106.506300_29.528250.jpg,D:\StreetView_Project\01_Data\Street_Images\chongqing\cq_streetview\cq_663741_106.506300_29.528250.jpg,12,0.2121350169181824,center,重庆高密普通主干路,Q446__cq_663741_106.5063_29.52825.jpg,D:\StreetView_Project\03_Output\clip_knn\questionnaire_sample_k25_500_added_200\08F_final500_freeze_run_20260728_145702\01_final_flat_500\Q446__cq_663741_106.5063_29.52825.jpg,CQ_663741,False,False,matched_not_replaced,Q446__cq_663741_106.506300_29.528250.jpg,D:\StreetView_Project\03_Output\clip_knn\questionnaire_sample_k25_500_added_200\02_images_added_200_by_city_cluster\_08C_final_flat_added_200_after_manual_replacement_check_run_20260728_142934\Q446__cq_663741_106.506300_29.528250.jpg,56dd08eb60e665546d31af57fce4b9610974cb69cf21aa4926dcdb86080501cb,202210,cq_663741_106.506300_29.528250.jpg,D:\StreetView_Project\01_Data\Street_Images\chongqing\cq_streetview\cq_663741_106.506300_29.528250.jpg,D:\StreetView_Project\01_Data\Street_Images\chongqing\cq_streetview\cq_663741_106.506300_29.528250.jpg,0.2121350169181824,D:\StreetView_Project\03_Output\clip_knn\questionnaire_sample_k25_500_added_200\02_images_added_200_by_city_cluster\_08C_final_flat_added_200_after_manual_replacement_check_run_20260728_142934\Q446__cq_663741_106.506300_29.528250.jpg,56dd08eb60e665546d31af57fce4b9610974cb69cf21aa4926dcdb86080501cb,Q446__cq_663741_106.5063_29.52825.jpg,D:\StreetView_Project\03_Output\clip_knn\questionnaire_sample_k25_500_added_200\08D_spatial_visual_proximity_check_run_20260728_143220\01_preliminary_flat_500\Q446__cq_663741_106.5063_29.52825.jpg,Q446__cq_663741_106.5063_29.52825.jpg,D:\StreetView_Project\03_Output\clip_knn\questionnaire_sample_k25_500_added_200\08F_final500_freeze_run_20260728_145702\01_final_flat_500\Q446__cq_663741_106.5063_29.52825.jpg,frozen_08F,D:\StreetView_Project\03_Output\clip_knn\questionnaire_sample_k25_500_added_200\08D_spatial_visual_proximity_check_run_20260728_143220
Q447,added_200,CQ_3420869,chongqing,106.541134,29.599774,202210,cq_3420869_106.541134_29.599774.jpg,D:\StreetView_Project\01_Data\Street_Images\chongqing\cq_streetview\cq_3420869_106.541134_29.599774.jpg,12,0.2151563912630081,middle,重庆高密普通主干路,Q447__cq_3420869_106.541134_29.599774.jpg,D:\StreetView_Project\03_Output\clip_knn\questionnaire_sample_k25_500_added_200\08F_final500_freeze_run_20260728_145702\01_final_flat_500\Q447__cq_3420869_106.541134_29.599774.jpg,CQ_3420869,False,False,matched_not_replaced,Q447__cq_3420869_106.541134_29.599774.jpg,D:\StreetView_Project\03_Output\clip_knn\questionnaire_sample_k25_500_added_200\02_images_added_200_by_city_cluster\_08C_final_flat_added_200_after_manual_replacement_check_run_20260728_142934\Q447__cq_3420869_106.541134_29.599774.jpg,db049674b01d08db6527c2bf44bb146bf170005f55cadfccde8dbb28d2c9a7e3,202210,cq_3420869_106.541134_29.599774.jpg,D:\StreetView_Project\01_Data\Street_Images\chongqing\cq_streetview\cq_3420869_106.541134_29.599774.jpg,D:\StreetView_Project\01_Data\Street_Images\chongqing\cq_streetview\cq_3420869_106.541134_29.599774.jpg,0.2151563912630081,D:\StreetView_Project\03_Output\clip_knn\questionnaire_sample_k25_500_added_200\02_images_added_200_by_city_cluster\_08C_final_flat_added_200_after_manual_replacement_check_run_20260728_142934\Q447__cq_3420869_106.541134_29.599774.jpg,db049674b01d08db6527c2bf44bb146bf170005f55cadfccde8dbb28d2c9a7e3,Q447__cq_3420869_106.541134_29.599774.jpg,D:\StreetView_Project\03_Output\clip_knn\questionnaire_sample_k25_500_added_200\08D_spatial_visual_proximity_check_run_20260728_143220\01_preliminary_flat_500\Q447__cq_3420869_106.541134_29.599774.jpg,Q447__cq_3420869_106.541134_29.599774.jpg,D:\StreetView_Project\03_Output\clip_knn\questionnaire_sample_k25_500_added_200\08F_final500_freeze_run_20260728_145702\01_final_flat_500\Q447__cq_3420869_106.541134_29.599774.jpg,frozen_08F,D:\StreetView_Project\03_Output\clip_knn\questionnaire_sample_k25_500_added_200\08D_spatial_visual_proximity_check_run_20260728_143220
Q448,added_200,CQ_728802,chongqing,106.580124,29.586213,202210,cq_728802_106.580124_29.586213.jpg,D:\StreetView_Project\01_Data\Street_Images\chongqing\cq_streetview\cq_728802_106.580124_29.586213.jpg,12,0.2232391983270645,middle,重庆高密普通主干路,Q448__cq_728802_106.580124_29.586213.jpg,D:\StreetView_Project\03_Output\clip_knn\questionnaire_sample_k25_500_added_200\08F_final500_freeze_run_20260728_145702\01_final_flat_500\Q448__cq_728802_106.580124_29.586213.jpg,CQ_728802,False,False,matched_not_replaced,Q448__cq_728802_106.580124_29.586213.jpg,D:\StreetView_Project\03_Output\clip_knn\questionnaire_sample_k25_500_added_200\02_images_added_200_by_city_cluster\_08C_final_flat_added_200_after_manual_replacement_check_run_20260728_142934\Q448__cq_728802_106.580124_29.586213.jpg,4e88a393996d89e85b67b625bde682d72d48e9240bc43e70dd7ba854fe758bba,202210,cq_728802_106.580124_29.586213.jpg,D:\StreetView_Project\01_Data\Street_Images\chongqing\cq_streetview\cq_728802_106.580124_29.586213.jpg,D:\StreetView_Project\01_Data\Street_Images\chongqing\cq_streetview\cq_728802_106.580124_29.586213.jpg,0.2232391983270645,D:\StreetView_Project\03_Output\clip_knn\questionnaire_sample_k25_500_added_200\02_images_added_200_by_city_cluster\_08C_final_flat_added_200_after_manual_replacement_check_run_20260728_142934\Q448__cq_728802_106.580124_29.586213.jpg,4e88a393996d89e85b67b625bde682d72d48e9240bc43e70dd7ba854fe758bba,Q448__cq_728802_106.580124_29.586213.jpg,D:\StreetView_Project\03_Output\clip_knn\questionnaire_sample_k25_500_added_200\08D_spatial_visual_proximity_check_run_20260728_143220\01_preliminary_flat_500\Q448__cq_728802_106.580124_29.586213.jpg,Q448__cq_728802_106.580124_29.586213.jpg,D:\StreetView_Project\03_Output\clip_knn\questionnaire_sample_k25_500_added_200\08F_final500_freeze_run_20260728_145702\01_final_flat_500\Q448__cq_728802_106.580124_29.586213.jpg,frozen_08F,D:\StreetView_Project\03_Output\clip_knn\questionnaire_sample_k25_500_added_200\08D_spatial_visual_proximity_check_run_20260728_143220
Q449,added_200,CQ_2921058,chongqing,106.570486,29.541639,202210,cq_2921058_106.570486_29.541639.jpg,D:\StreetView_Project\01_Data\Street_Images\chongqing\cq_streetview\cq_2921058_106.570486_29.541639.jpg,12,0.2462077438831329,edge,重庆高密普通主干路,Q449__cq_2921058_106.570486_29.541639.jpg,D:\StreetView_Project\03_Output\clip_knn\questionnaire_sample_k25_500_added_200\08F_final500_freeze_run_20260728_145702\01_final_flat_500\Q449__cq_2921058_106.570486_29.541639.jpg,CQ_2921058,False,False,matched_not_replaced,Q449__cq_2921058_106.570486_29.541639.jpg,D:\StreetView_Project\03_Output\clip_knn\questionnaire_sample_k25_500_added_200\02_images_added_200_by_city_cluster\_08C_final_flat_added_200_after_manual_replacement_check_run_20260728_142934\Q449__cq_2921058_106.570486_29.541639.jpg,236998a86333e77454a228e7bb12fa6dc3b275177338871302a819789f8c1eaa,202210,cq_2921058_106.570486_29.541639.jpg,D:\StreetView_Project\01_Data\Street_Images\chongqing\cq_streetview\cq_2921058_106.570486_29.541639.jpg,D:\StreetView_Project\01_Data\Street_Images\chongqing\cq_streetview\cq_2921058_106.570486_29.541639.jpg,0.2462077438831329,D:\StreetView_Project\03_Output\clip_knn\questionnaire_sample_k25_500_added_200\02_images_added_200_by_city_cluster\_08C_final_flat_added_200_after_manual_replacement_check_run_20260728_142934\Q449__cq_2921058_106.570486_29.541639.jpg,236998a86333e77454a228e7bb12fa6dc3b275177338871302a819789f8c1eaa,Q449__cq_2921058_106.570486_29.541639.jpg,D:\StreetView_Project\03_Output\clip_knn\questionnaire_sample_k25_500_added_200\08D_spatial_visual_proximity_check_run_20260728_143220\01_preliminary_flat_500\Q449__cq_2921058_106.570486_29.541639.jpg,Q449__cq_2921058_106.570486_29.541639.jpg,D:\StreetView_Project\03_Output\clip_knn\questionnaire_sample_k25_500_added_200\08F_final500_freeze_run_20260728_145702\01_final_flat_500\Q449__cq_2921058_106.570486_29.541639.jpg,frozen_08F,D:\StreetView_Project\03_Output\clip_knn\questionnaire_sample_k25_500_added_200\08D_spatial_visual_proximity_check_run_20260728_143220
Q450,added_200,CQ_683177,chongqing,106.523267,29.46174,202210,cq_683177_106.523267_29.461740.jpg,D:\StreetView_Project\01_Data\Street_Images\chongqing\cq_streetview\cq_683177_106.523267_29.461740.jpg,12,0.2462324351072311,edge,重庆高密普通主干路,Q450__cq_683177_106.523267_29.46174.jpg,D:\StreetView_Project\03_Output\clip_knn\questionnaire_sample_k25_500_added_200\08F_final500_freeze_run_20260728_145702\01_final_flat_500\Q450__cq_683177_106.523267_29.46174.jpg,CQ_683177,False,False,matched_not_replaced,Q450__cq_683177_106.523267_29.461740.jpg,D:\StreetView_Project\03_Output\clip_knn\questionnaire_sample_k25_500_added_200\02_images_added_200_by_city_cluster\_08C_final_flat_added_200_after_manual_replacement_check_run_20260728_142934\Q450__cq_683177_106.523267_29.461740.jpg,346d51acfd395d92b18963007e5352cbe47c2957be06f6d7ed21b0a7e7f55f0a,202210,cq_683177_106.523267_29.461740.jpg,D:\StreetView_Project\01_Data\Street_Images\chongqing\cq_streetview\cq_683177_106.523267_29.461740.jpg,D:\StreetView_Project\01_Data\Street_Images\chongqing\cq_streetview\cq_683177_106.523267_29.461740.jpg,0.2462324351072311,D:\StreetView_Project\03_Output\clip_knn\questionnaire_sample_k25_500_added_200\02_images_added_200_by_city_cluster\_08C_final_flat_added_200_after_manual_replacement_check_run_20260728_142934\Q450__cq_683177_106.523267_29.461740.jpg,346d51acfd395d92b18963007e5352cbe47c2957be06f6d7ed21b0a7e7f55f0a,Q450__cq_683177_106.523267_29.46174.jpg,D:\StreetView_Project\03_Output\clip_knn\questionnaire_sample_k25_500_added_200\08D_spatial_visual_proximity_check_run_20260728_143220\01_preliminary_flat_500\Q450__cq_683177_106.523267_29.46174.jpg,Q450__cq_683177_106.523267_29.46174.jpg,D:\StreetView_Project\03_Output\clip_knn\questionnaire_sample_k25_500_added_200\08F_final500_freeze_run_20260728_145702\01_final_flat_500\Q450__cq_683177_106.523267_29.46174.jpg,frozen_08F,D:\StreetView_Project\03_Output\clip_knn\questionnaire_sample_k25_500_added_200\08D_spatial_visual_proximity_check_run_20260728_143220
Q451,added_200,CQ_594591,chongqing,106.441135,29.545584,201907,cq_594591_106.441135_29.545584.jpg,D:\StreetView_Project\01_Data\Street_Images\chongqing\cq_streetview\cq_594591_106.441135_29.545584.jpg,13,0.2459340393543243,center,高绿量居住区/公园化道路,Q451__cq_594591_106.441135_29.545584.jpg,D:\StreetView_Project\03_Output\clip_knn\questionnaire_sample_k25_500_added_200\08F_final500_freeze_run_20260728_145702\01_final_flat_500\Q451__cq_594591_106.441135_29.545584.jpg,CQ_594591,False,False,matched_not_replaced,Q451__cq_594591_106.441135_29.545584.jpg,D:\StreetView_Project\03_Output\clip_knn\questionnaire_sample_k25_500_added_200\02_images_added_200_by_city_cluster\_08C_final_flat_added_200_after_manual_replacement_check_run_20260728_142934\Q451__cq_594591_106.441135_29.545584.jpg,4025ff044fd4497037f796beba4231e5151112d34c8eedbd1307911505954ea6,201907,cq_594591_106.441135_29.545584.jpg,D:\StreetView_Project\01_Data\Street_Images\chongqing\cq_streetview\cq_594591_106.441135_29.545584.jpg,D:\StreetView_Project\01_Data\Street_Images\chongqing\cq_streetview\cq_594591_106.441135_29.545584.jpg,0.2459340393543243,D:\StreetView_Project\03_Output\clip_knn\questionnaire_sample_k25_500_added_200\02_images_added_200_by_city_cluster\_08C_final_flat_added_200_after_manual_replacement_check_run_20260728_142934\Q451__cq_594591_106.441135_29.545584.jpg,4025ff044fd4497037f796beba4231e5151112d34c8eedbd1307911505954ea6,Q451__cq_594591_106.441135_29.545584.jpg,D:\StreetView_Project\03_Output\clip_knn\questionnaire_sample_k25_500_added_200\08D_spatial_visual_proximity_check_run_20260728_143220\01_preliminary_flat_500\Q451__cq_594591_106.441135_29.545584.jpg,Q451__cq_594591_106.441135_29.545584.jpg,D:\StreetView_Project\03_Output\clip_knn\questionnaire_sample_k25_500_added_200\08F_final500_freeze_run_20260728_145702\01_final_flat_500\Q451__cq_594591_106.441135_29.545584.jpg,frozen_08F,D:\StreetView_Project\03_Output\clip_knn\questionnaire_sample_k25_500_added_200\08D_spatial_visual_proximity_check_run_20260728_143220
Q452,added_200,CQ_604108,chongqing,106.453627,29.531365,201907,cq_604108_106.453627_29.531365.jpg,D:\StreetView_Project\01_Data\Street_Images\chongqing\cq_streetview\cq_604108_106.453627_29.531365.jpg,13,0.2607039213180542,center,高绿量居住区/公园化道路,Q452__cq_604108_106.453627_29.531365.jpg,D:\StreetView_Project\03_Output\clip_knn\questionnaire_sample_k25_500_added_200\08F_final500_freeze_run_20260728_145702\01_final_flat_500\Q452__cq_604108_106.453627_29.531365.jpg,CQ_604108,False,False,matched_not_replaced,Q452__cq_604108_106.453627_29.531365.jpg,D:\StreetView_Project\03_Output\clip_knn\questionnaire_sample_k25_500_added_200\02_images_added_200_by_city_cluster\_08C_final_flat_added_200_after_manual_replacement_check_run_20260728_142934\Q452__cq_604108_106.453627_29.531365.jpg,4fa3f568bf2c8bdc39311f23448698685965334074a948d7d6b37f3ee9390123,201907,cq_604108_106.453627_29.531365.jpg,D:\StreetView_Project\01_Data\Street_Images\chongqing\cq_streetview\cq_604108_106.453627_29.531365.jpg,D:\StreetView_Project\01_Data\Street_Images\chongqing\cq_streetview\cq_604108_106.453627_29.531365.jpg,0.2607039213180542,D:\StreetView_Project\03_Output\clip_knn\questionnaire_sample_k25_500_added_200\02_images_added_200_by_city_cluster\_08C_final_flat_added_200_after_manual_replacement_check_run_20260728_142934\Q452__cq_604108_106.453627_29.531365.jpg,4fa3f568bf2c8bdc39311f23448698685965334074a948d7d6b37f3ee9390123,Q452__cq_604108_106.453627_29.531365.jpg,D:\StreetView_Project\03_Output\clip_knn\questionnaire_sample_k25_500_added_200\08D_spatial_visual_proximity_check_run_20260728_143220\01_preliminary_flat_500\Q452__cq_604108_106.453627_29.531365.jpg,Q452__cq_604108_106.453627_29.531365.jpg,D:\StreetView_Project\03_Output\clip_knn\questionnaire_sample_k25_500_added_200\08F_final500_freeze_run_20260728_145702\01_final_flat_500\Q452__cq_604108_106.453627_29.531365.jpg,frozen_08F,D:\StreetView_Project\03_Output\clip_knn\questionnaire_sample_k25_500_added_200\08D_spatial_visual_proximity_check_run_20260728_143220
Q453,added_200,CQ_2913764,chongqing,106.507122,29.59572,202210,cq_2913764_106.507122_29.595720.jpg,D:\StreetView_Project\01_Data\Street_Images\chongqing\cq_streetview\cq_2913764_106.507122_29.595720.jpg,13,0.2900313138961792,center,高绿量居住区/公园化道路,Q453__cq_2913764_106.507122_29.59572.jpg,D:\StreetView_Project\03_Output\clip_knn\questionnaire_sample_k25_500_added_200\08F_final500_freeze_run_20260728_145702\01_final_flat_500\Q453__cq_2913764_106.507122_29.59572.jpg,CQ_2913764,False,False,matched_not_replaced,Q453__cq_2913764_106.507122_29.595720.jpg,D:\StreetView_Project\03_Output\clip_knn\questionnaire_sample_k25_500_added_200\02_images_added_200_by_city_cluster\_08C_final_flat_added_200_after_manual_replacement_check_run_20260728_142934\Q453__cq_2913764_106.507122_29.595720.jpg,abb5ad40a4c32d5b11e89e31d960d16720ab4c16493eac426d3354799fdc9474,202210,cq_2913764_106.507122_29.595720.jpg,D:\StreetView_Project\01_Data\Street_Images\chongqing\cq_streetview\cq_2913764_106.507122_29.595720.jpg,D:\StreetView_Project\01_Data\Street_Images\chongqing\cq_streetview\cq_2913764_106.507122_29.595720.jpg,0.2900313138961792,D:\StreetView_Project\03_Output\clip_knn\questionnaire_sample_k25_500_added_200\02_images_added_200_by_city_cluster\_08C_final_flat_added_200_after_manual_replacement_check_run_20260728_142934\Q453__cq_2913764_106.507122_29.595720.jpg,abb5ad40a4c32d5b11e89e31d960d16720ab4c16493eac426d3354799fdc9474,Q453__cq_2913764_106.507122_29.59572.jpg,D:\StreetView_Project\03_Output\clip_knn\questionnaire_sample_k25_500_added_200\08D_spatial_visual_proximity_check_run_20260728_143220\01_preliminary_flat_500\Q453__cq_2913764_106.507122_29.59572.jpg,Q453__cq_2913764_106.507122_29.59572.jpg,D:\StreetView_Project\03_Output\clip_knn\questionnaire_sample_k25_500_added_200\08F_final500_freeze_run_20260728_145702\01_final_flat_500\Q453__cq_2913764_106.507122_29.59572.jpg,frozen_08F,D:\StreetView_Project\03_Output\clip_knn\questionnaire_sample_k25_500_added_200\08D_spatial_visual_proximity_check_run_20260728_143220
Q454,added_200,CQ_3148282,chongqing,106.528079,29.492025,201711,cq_3148282_106.528079_29.492025.jpg,D:\StreetView_Project\01_Data\Street_Images\chongqing\cq_streetview\cq_3148282_106.528079_29.492025.jpg,13,0.263428658246994,center,高绿量居住区/公园化道路,Q454__cq_3148282_106.528079_29.492025.jpg,D:\StreetView_Project\03_Output\clip_knn\questionnaire_sample_k25_500_added_200\08F_final500_freeze_run_20260728_145702\01_final_flat_500\Q454__cq_3148282_106.528079_29.492025.jpg,CQ_594545,True,True,matched_replaced,Q454__cq_3148282_106.528079_29.492025.jpg,D:\StreetView_Project\03_Output\clip_knn\questionnaire_sample_k25_500_added_200\02_images_added_200_by_city_cluster\_08C_final_flat_added_200_after_manual_replacement_check_run_20260728_142934\Q454__cq_3148282_106.528079_29.492025.jpg,7f1e093e31f97c848c8bdc95db6c1b8c899aa247bb76dd59c2bb49f73ec12592,201711,cq_3148282_106.528079_29.492025.jpg,D:\StreetView_Project\01_Data\Street_Images\chongqing\cq_streetview\cq_3148282_106.528079_29.492025.jpg,D:\StreetView_Project\01_Data\Street_Images\chongqing\cq_streetview\cq_3148282_106.528079_29.492025.jpg,0.263428658246994,D:\StreetView_Project\03_Output\clip_knn\questionnaire_sample_k25_500_added_200\02_images_added_200_by_city_cluster\_08C_final_flat_added_200_after_manual_replacement_check_run_20260728_142934\Q454__cq_3148282_106.528079_29.492025.jpg,7f1e093e31f97c848c8bdc95db6c1b8c899aa247bb76dd59c2bb49f73ec12592,Q454__cq_3148282_106.528079_29.492025.jpg,D:\StreetView_Project\03_Output\clip_knn\questionnaire_sample_k25_500_added_200\08D_spatial_visual_proximity_check_run_20260728_143220\01_preliminary_flat_500\Q454__cq_3148282_106.528079_29.492025.jpg,Q454__cq_3148282_106.528079_29.492025.jpg,D:\StreetView_Project\03_Output\clip_knn\questionnaire_sample_k25_500_added_200\08F_final500_freeze_run_20260728_145702\01_final_flat_500\Q454__cq_3148282_106.528079_29.492025.jpg,frozen_08F,D:\StreetView_Project\03_Output\clip_knn\questionnaire_sample_k25_500_added_200\08D_spatial_visual_proximity_check_run_20260728_143220
Q455,added_200,CQ_618161,chongqing,106.467495,29.548961,201907,cq_618161_106.467495_29.548961.jpg,D:\StreetView_Project\01_Data\Street_Images\chongqing\cq_streetview\cq_618161_106.467495_29.548961.jpg,13,0.3632187843322754,edge,高绿量居住区/公园化道路,Q455__cq_618161_106.467495_29.548961.jpg,D:\StreetView_Project\03_Output\clip_knn\questionnaire_sample_k25_500_added_200\08F_final500_freeze_run_20260728_145702\01_final_flat_500\Q455__cq_618161_106.467495_29.548961.jpg,CQ_618161,False,False,matched_not_replaced,Q455__cq_618161_106.467495_29.548961.jpg,D:\StreetView_Project\03_Output\clip_knn\questionnaire_sample_k25_500_added_200\02_images_added_200_by_city_cluster\_08C_final_flat_added_200_after_manual_replacement_check_run_20260728_142934\Q455__cq_618161_106.467495_29.548961.jpg,c3de0035e07fd162f445c34adea8674c3305e013193e23f86fca7bf5dd0ff3a6,201907,cq_618161_106.467495_29.548961.jpg,D:\StreetView_Project\01_Data\Street_Images\chongqing\cq_streetview\cq_618161_106.467495_29.548961.jpg,D:\StreetView_Project\01_Data\Street_Images\chongqing\cq_streetview\cq_618161_106.467495_29.548961.jpg,0.3632187843322754,D:\StreetView_Project\03_Output\clip_knn\questionnaire_sample_k25_500_added_200\02_images_added_200_by_city_cluster\_08C_final_flat_added_200_after_manual_replacement_check_run_20260728_142934\Q455__cq_618161_106.467495_29.548961.jpg,c3de0035e07fd162f445c34adea8674c3305e013193e23f86fca7bf5dd0ff3a6,Q455__cq_618161_106.467495_29.548961.jpg,D:\StreetView_Project\03_Output\clip_knn\questionnaire_sample_k25_500_added_200\08D_spatial_visual_proximity_check_run_20260728_143220\01_preliminary_flat_500\Q455__cq_618161_106.467495_29.548961.jpg,Q455__cq_618161_106.467495_29.548961.jpg,D:\StreetView_Project\03_Output\clip_knn\questionnaire_sample_k25_500_added_200\08F_final500_freeze_run_20260728_145702\01_final_flat_500\Q455__cq_618161_106.467495_29.548961.jpg,frozen_08F,D:\StreetView_Project\03_Output\clip_knn\questionnaire_sample_k25_500_added_200\08D_spatial_visual_proximity_check_run_20260728_143220
Q456,added_200,CQ_624558,chongqing,106.468249,29.52892,201610,cq_624558_106.468249_29.528920.jpg,D:\StreetView_Project\01_Data\Street_Images\chongqing\cq_streetview\cq_624558_106.468249_29.528920.jpg,14,0.2006583958864212,center,商业生活性街道/街边商业界面,Q456__cq_624558_106.468249_29.52892.jpg,D:\StreetView_Project\03_Output\clip_knn\questionnaire_sample_k25_500_added_200\08F_final500_freeze_run_20260728_145702\01_final_flat_500\Q456__cq_624558_106.468249_29.52892.jpg,CQ_624558,False,False,matched_not_replaced,Q456__cq_624558_106.468249_29.528920.jpg,D:\StreetView_Project\03_Output\clip_knn\questionnaire_sample_k25_500_added_200\02_images_added_200_by_city_cluster\_08C_final_flat_added_200_after_manual_replacement_check_run_20260728_142934\Q456__cq_624558_106.468249_29.528920.jpg,af0a70bcdc6e6965ffa0957f53f9cb2989e92c0067456f818d12fed2ad5644b0,201610,cq_624558_106.468249_29.528920.jpg,D:\StreetView_Project\01_Data\Street_Images\chongqing\cq_streetview\cq_624558_106.468249_29.528920.jpg,D:\StreetView_Project\01_Data\Street_Images\chongqing\cq_streetview\cq_624558_106.468249_29.528920.jpg,0.2006583958864212,D:\StreetView_Project\03_Output\clip_knn\questionnaire_sample_k25_500_added_200\02_images_added_200_by_city_cluster\_08C_final_flat_added_200_after_manual_replacement_check_run_20260728_142934\Q456__cq_624558_106.468249_29.528920.jpg,af0a70bcdc6e6965ffa0957f53f9cb2989e92c0067456f818d12fed2ad5644b0,Q456__cq_624558_106.468249_29.52892.jpg,D:\StreetView_Project\03_Output\clip_knn\questionnaire_sample_k25_500_added_200\08D_spatial_visual_proximity_check_run_20260728_143220\01_preliminary_flat_500\Q456__cq_624558_106.468249_29.52892.jpg,Q456__cq_624558_106.468249_29.52892.jpg,D:\StreetView_Project\03_Output\clip_knn\questionnaire_sample_k25_500_added_200\08F_final500_freeze_run_20260728_145702\01_final_flat_500\Q456__cq_624558_106.468249_29.52892.jpg,frozen_08F,D:\StreetView_Project\03_Output\clip_knn\questionnaire_sample_k25_500_added_200\08D_spatial_visual_proximity_check_run_20260728_143220
Q457,added_200,CQ_3421010,chongqing,106.516675,29.495835,201711,cq_3421010_106.516675_29.495835.jpg,D:\StreetView_Project\01_Data\Street_Images\chongqing\cq_streetview\cq_3421010_106.516675_29.495835.jpg,14,0.2140410244464874,center,商业生活性街道/街边商业界面,Q457__cq_3421010_106.516675_29.495835.jpg,D:\StreetView_Project\03_Output\clip_knn\questionnaire_sample_k25_500_added_200\08F_final500_freeze_run_20260728_145702\01_final_flat_500\Q457__cq_3421010_106.516675_29.495835.jpg,CQ_640998,True,True,matched_replaced,Q457__cq_3421010_106.516675_29.495835.jpg,D:\StreetView_Project\03_Output\clip_knn\questionnaire_sample_k25_500_added_200\02_images_added_200_by_city_cluster\_08C_final_flat_added_200_after_manual_replacement_check_run_20260728_142934\Q457__cq_3421010_106.516675_29.495835.jpg,44edd82e35160733365c8551cee618049ddb4b91e0d9f2326124ebd1ad0f2a65,201711,cq_3421010_106.516675_29.495835.jpg,D:\StreetView_Project\01_Data\Street_Images\chongqing\cq_streetview\cq_3421010_106.516675_29.495835.jpg,D:\StreetView_Project\01_Data\Street_Images\chongqing\cq_streetview\cq_3421010_106.516675_29.495835.jpg,0.2140410244464874,D:\StreetView_Project\03_Output\clip_knn\questionnaire_sample_k25_500_added_200\02_images_added_200_by_city_cluster\_08C_final_flat_added_200_after_manual_replacement_check_run_20260728_142934\Q457__cq_3421010_106.516675_29.495835.jpg,44edd82e35160733365c8551cee618049ddb4b91e0d9f2326124ebd1ad0f2a65,Q457__cq_3421010_106.516675_29.495835.jpg,D:\StreetView_Project\03_Output\clip_knn\questionnaire_sample_k25_500_added_200\08D_spatial_visual_proximity_check_run_20260728_143220\01_preliminary_flat_500\Q457__cq_3421010_106.516675_29.495835.jpg,Q457__cq_3421010_106.516675_29.495835.jpg,D:\StreetView_Project\03_Output\clip_knn\questionnaire_sample_k25_500_added_200\08F_final500_freeze_run_20260728_145702\01_final_flat_500\Q457__cq_3421010_106.516675_29.495835.jpg,frozen_08F,D:\StreetView_Project\03_Output\clip_knn\questionnaire_sample_k25_500_added_200\08D_spatial_visual_proximity_check_run_20260728_143220
Q458,added_200,CQ_629201,chongqing,106.480125,29.525896,201711,cq_629201_106.480125_29.525896.jpg,D:\StreetView_Project\01_Data\Street_Images\chongqing\cq_streetview\cq_629201_106.480125_29.525896.jpg,14,0.2918999195098877,middle,商业生活性街道/街边商业界面,Q458__cq_629201_106.480125_29.525896.jpg,D:\StreetView_Project\03_Output\clip_knn\questionnaire_sample_k25_500_added_200\08F_final500_freeze_run_20260728_145702\01_final_flat_500\Q458__cq_629201_106.480125_29.525896.jpg,CQ_629201,False,False,matched_not_replaced,Q458__cq_629201_106.480125_29.525896.jpg,D:\StreetView_Project\03_Output\clip_knn\questionnaire_sample_k25_500_added_200\02_images_added_200_by_city_cluster\_08C_final_flat_added_200_after_manual_replacement_check_run_20260728_142934\Q458__cq_629201_106.480125_29.525896.jpg,15f1fd1fd7914db1bcc09e9bb35ae41bb6651aa1d035921ea62b6f7fefc34820,201711,cq_629201_106.480125_29.525896.jpg,D:\StreetView_Project\01_Data\Street_Images\chongqing\cq_streetview\cq_629201_106.480125_29.525896.jpg,D:\StreetView_Project\01_Data\Street_Images\chongqing\cq_streetview\cq_629201_106.480125_29.525896.jpg,0.2918999195098877,D:\StreetView_Project\03_Output\clip_knn\questionnaire_sample_k25_500_added_200\02_images_added_200_by_city_cluster\_08C_final_flat_added_200_after_manual_replacement_check_run_20260728_142934\Q458__cq_629201_106.480125_29.525896.jpg,15f1fd1fd7914db1bcc09e9bb35ae41bb6651aa1d035921ea62b6f7fefc34820,Q458__cq_629201_106.480125_29.525896.jpg,D:\StreetView_Project\03_Output\clip_knn\questionnaire_sample_k25_500_added_200\08D_spatial_visual_proximity_check_run_20260728_143220\01_preliminary_flat_500\Q458__cq_629201_106.480125_29.525896.jpg,Q458__cq_629201_106.480125_29.525896.jpg,D:\StreetView_Project\03_Output\clip_knn\questionnaire_sample_k25_500_added_200\08F_final500_freeze_run_20260728_145702\01_final_flat_500\Q458__cq_629201_106.480125_29.525896.jpg,frozen_08F,D:\StreetView_Project\03_Output\clip_knn\questionnaire_sample_k25_500_added_200\08D_spatial_visual_proximity_check_run_20260728_143220
Q459,added_200,CQ_715992,chongqing,106.561427,29.598184,201906,cq_715992_106.561427_29.598184.jpg,D:\StreetView_Project\01_Data\Street_Images\chongqing\cq_streetview\cq_715992_106.561427_29.598184.jpg,14,0.268585205078125,middle,商业生活性街道/街边商业界面,Q459__cq_715992_106.561427_29.598184.jpg,D:\StreetView_Project\03_Output\clip_knn\questionnaire_sample_k25_500_added_200\08F_final500_freeze_run_20260728_145702\01_final_flat_500\Q459__cq_715992_106.561427_29.598184.jpg,CQ_639849,True,True,matched_replaced,Q459__cq_715992_106.561427_29.598184.jpg,D:\StreetView_Project\03_Output\clip_knn\questionnaire_sample_k25_500_added_200\02_images_added_200_by_city_cluster\_08C_final_flat_added_200_after_manual_replacement_check_run_20260728_142934\Q459__cq_715992_106.561427_29.598184.jpg,f1df1b68b16944d9d9cdc290a444c08308bba10f281983a537278bd9ee12a165,201906,cq_715992_106.561427_29.598184.jpg,D:\StreetView_Project\01_Data\Street_Images\chongqing\cq_streetview\cq_715992_106.561427_29.598184.jpg,D:\StreetView_Project\01_Data\Street_Images\chongqing\cq_streetview\cq_715992_106.561427_29.598184.jpg,0.268585205078125,D:\StreetView_Project\03_Output\clip_knn\questionnaire_sample_k25_500_added_200\02_images_added_200_by_city_cluster\_08C_final_flat_added_200_after_manual_replacement_check_run_20260728_142934\Q459__cq_715992_106.561427_29.598184.jpg,f1df1b68b16944d9d9cdc290a444c08308bba10f281983a537278bd9ee12a165,Q459__cq_715992_106.561427_29.598184.jpg,D:\StreetView_Project\03_Output\clip_knn\questionnaire_sample_k25_500_added_200\08D_spatial_visual_proximity_check_run_20260728_143220\01_preliminary_flat_500\Q459__cq_715992_106.561427_29.598184.jpg,Q459__cq_715992_106.561427_29.598184.jpg,D:\StreetView_Project\03_Output\clip_knn\questionnaire_sample_k25_500_added_200\08F_final500_freeze_run_20260728_145702\01_final_flat_500\Q459__cq_715992_106.561427_29.598184.jpg,frozen_08F,D:\StreetView_Project\03_Output\clip_knn\questionnaire_sample_k25_500_added_200\08D_spatial_visual_proximity_check_run_20260728_143220
Q460,added_200,CQ_2434449,chongqing,106.537656,29.57606,201907,cq_2434449_106.537656_29.576060.jpg,D:\StreetView_Project\01_Data\Street_Images\chongqing\cq_streetview\cq_2434449_106.537656_29.576060.jpg,15,0.1864634305238724,center,重庆高密商业/居住混合主干路,Q460__cq_2434449_106.537656_29.57606.jpg,D:\StreetView_Project\03_Output\clip_knn\questionnaire_sample_k25_500_added_200\08F_final500_freeze_run_20260728_145702\01_final_flat_500\Q460__cq_2434449_106.537656_29.57606.jpg,CQ_2434449,False,False,matched_not_replaced,Q460__cq_2434449_106.537656_29.576060.jpg,D:\StreetView_Project\03_Output\clip_knn\questionnaire_sample_k25_500_added_200\02_images_added_200_by_city_cluster\_08C_final_flat_added_200_after_manual_replacement_check_run_20260728_142934\Q460__cq_2434449_106.537656_29.576060.jpg,e06438d34ed4bf1a3599404a166d7c542d063c28525c4e5bf798fa9f2f2bf479,201907,cq_2434449_106.537656_29.576060.jpg,D:\StreetView_Project\01_Data\Street_Images\chongqing\cq_streetview\cq_2434449_106.537656_29.576060.jpg,D:\StreetView_Project\01_Data\Street_Images\chongqing\cq_streetview\cq_2434449_106.537656_29.576060.jpg,0.1864634305238724,D:\StreetView_Project\03_Output\clip_knn\questionnaire_sample_k25_500_added_200\02_images_added_200_by_city_cluster\_08C_final_flat_added_200_after_manual_replacement_check_run_20260728_142934\Q460__cq_2434449_106.537656_29.576060.jpg,e06438d34ed4bf1a3599404a166d7c542d063c28525c4e5bf798fa9f2f2bf479,Q460__cq_2434449_106.537656_29.57606.jpg,D:\StreetView_Project\03_Output\clip_knn\questionnaire_sample_k25_500_added_200\08D_spatial_visual_proximity_check_run_20260728_143220\01_preliminary_flat_500\Q460__cq_2434449_106.537656_29.57606.jpg,Q460__cq_2434449_106.537656_29.57606.jpg,D:\StreetView_Project\03_Output\clip_knn\questionnaire_sample_k25_500_added_200\08F_final500_freeze_run_20260728_145702\01_final_flat_500\Q460__cq_2434449_106.537656_29.57606.jpg,frozen_08F,D:\StreetView_Project\03_Output\clip_knn\questionnaire_sample_k25_500_added_200\08D_spatial_visual_proximity_check_run_20260728_143220
Q461,added_200,CQ_744216,chongqing,106.59105,29.584475,202210,cq_744216_106.591050_29.584475.jpg,D:\StreetView_Project\01_Data\Street_Images\chongqing\cq_streetview\cq_744216_106.591050_29.584475.jpg,15,0.2184595912694931,middle,重庆高密商业/居住混合主干路,Q461__cq_744216_106.59105_29.584475.jpg,D:\StreetView_Project\03_Output\clip_knn\questionnaire_sample_k25_500_added_200\08F_final500_freeze_run_20260728_145702\01_final_flat_500\Q461__cq_744216_106.59105_29.584475.jpg,CQ_3150836,True,True,matched_replaced,Q461__cq_744216_106.591050_29.584475.jpg,D:\StreetView_Project\03_Output\clip_knn\questionnaire_sample_k25_500_added_200\02_images_added_200_by_city_cluster\_08C_final_flat_added_200_after_manual_replacement_check_run_20260728_142934\Q461__cq_744216_106.591050_29.584475.jpg,4064e27ae62ef7c2b846c0a3a087e4e9b1404754b602f3fe2027c4b492bf1f78,202210,cq_744216_106.591050_29.584475.jpg,D:\StreetView_Project\01_Data\Street_Images\chongqing\cq_streetview\cq_744216_106.591050_29.584475.jpg,D:\StreetView_Project\01_Data\Street_Images\chongqing\cq_streetview\cq_744216_106.591050_29.584475.jpg,0.2184595912694931,D:\StreetView_Project\03_Output\clip_knn\questionnaire_sample_k25_500_added_200\02_images_added_200_by_city_cluster\_08C_final_flat_added_200_after_manual_replacement_check_run_20260728_142934\Q461__cq_744216_106.591050_29.584475.jpg,4064e27ae62ef7c2b846c0a3a087e4e9b1404754b602f3fe2027c4b492bf1f78,Q461__cq_744216_106.59105_29.584475.jpg,D:\StreetView_Project\03_Output\clip_knn\questionnaire_sample_k25_500_added_200\08D_spatial_visual_proximity_check_run_20260728_143220\01_preliminary_flat_500\Q461__cq_744216_106.59105_29.584475.jpg,Q461__cq_744216_106.59105_29.584475.jpg,D:\StreetView_Project\03_Output\clip_knn\questionnaire_sample_k25_500_added_200\08F_final500_freeze_run_20260728_145702\01_final_flat_500\Q461__cq_744216_106.59105_29.584475.jpg,frozen_08F,D:\StreetView_Project\03_Output\clip_knn\questionnaire_sample_k25_500_added_200\08D_spatial_visual_proximity_check_run_20260728_143220
Q462,added_200,CQ_3153956,chongqing,106.450854,29.520787,201906,cq_3153956_106.450854_29.520787.jpg,D:\StreetView_Project\01_Data\Street_Images\chongqing\cq_streetview\cq_3153956_106.450854_29.520787.jpg,15,0.2008644044399261,center,重庆高密商业/居住混合主干路,Q462__cq_3153956_106.450854_29.520787.jpg,D:\StreetView_Project\03_Output\clip_knn\questionnaire_sample_k25_500_added_200\08F_final500_freeze_run_20260728_145702\01_final_flat_500\Q462__cq_3153956_106.450854_29.520787.jpg,CQ_3153956,False,False,matched_not_replaced,Q462__cq_3153956_106.450854_29.520787.jpg,D:\StreetView_Project\03_Output\clip_knn\questionnaire_sample_k25_500_added_200\02_images_added_200_by_city_cluster\_08C_final_flat_added_200_after_manual_replacement_check_run_20260728_142934\Q462__cq_3153956_106.450854_29.520787.jpg,ab9030bf3c851db6fabb23e17d761271c7b5ce04372cbb667caf0ea5e72d5211,201906,cq_3153956_106.450854_29.520787.jpg,D:\StreetView_Project\01_Data\Street_Images\chongqing\cq_streetview\cq_3153956_106.450854_29.520787.jpg,D:\StreetView_Project\01_Data\Street_Images\chongqing\cq_streetview\cq_3153956_106.450854_29.520787.jpg,0.2008644044399261,D:\StreetView_Project\03_Output\clip_knn\questionnaire_sample_k25_500_added_200\02_images_added_200_by_city_cluster\_08C_final_flat_added_200_after_manual_replacement_check_run_20260728_142934\Q462__cq_3153956_106.450854_29.520787.jpg,ab9030bf3c851db6fabb23e17d761271c7b5ce04372cbb667caf0ea5e72d5211,Q462__cq_3153956_106.450854_29.520787.jpg,D:\StreetView_Project\03_Output\clip_knn\questionnaire_sample_k25_500_added_200\08D_spatial_visual_proximity_check_run_20260728_143220\01_preliminary_flat_500\Q462__cq_3153956_106.450854_29.520787.jpg,Q462__cq_3153956_106.450854_29.520787.jpg,D:\StreetView_Project\03_Output\clip_knn\questionnaire_sample_k25_500_added_200\08F_final500_freeze_run_20260728_145702\01_final_flat_500\Q462__cq_3153956_106.450854_29.520787.jpg,frozen_08F,D:\StreetView_Project\03_Output\clip_knn\questionnaire_sample_k25_500_added_200\08D_spatial_visual_proximity_check_run_20260728_143220
Q463,added_200,CQ_3304275,chongqing,106.53815,29.58268,202210,cq_3304275_106.538150_29.582680.jpg,D:\StreetView_Project\01_Data\Street_Images\chongqing\cq_streetview\cq_3304275_106.538150_29.582680.jpg,15,0.2371011078357697,middle,重庆高密商业/居住混合主干路,Q463__cq_3304275_106.53815_29.58268.jpg,D:\StreetView_Project\03_Output\clip_knn\questionnaire_sample_k25_500_added_200\08F_final500_freeze_run_20260728_145702\01_final_flat_500\Q463__cq_3304275_106.53815_29.58268.jpg,CQ_3304275,False,False,matched_not_replaced,Q463__cq_3304275_106.538150_29.582680.jpg,D:\StreetView_Project\03_Output\clip_knn\questionnaire_sample_k25_500_added_200\02_images_added_200_by_city_cluster\_08C_final_flat_added_200_after_manual_replacement_check_run_20260728_142934\Q463__cq_3304275_106.538150_29.582680.jpg,9be77a26b611fccdbdf57ec5f334233c517deab96ee6f39109630b83233b6a51,202210,cq_3304275_106.538150_29.582680.jpg,D:\StreetView_Project\01_Data\Street_Images\chongqing\cq_streetview\cq_3304275_106.538150_29.582680.jpg,D:\StreetView_Project\01_Data\Street_Images\chongqing\cq_streetview\cq_3304275_106.538150_29.582680.jpg,0.2371011078357697,D:\StreetView_Project\03_Output\clip_knn\questionnaire_sample_k25_500_added_200\02_images_added_200_by_city_cluster\_08C_final_flat_added_200_after_manual_replacement_check_run_20260728_142934\Q463__cq_3304275_106.538150_29.582680.jpg,9be77a26b611fccdbdf57ec5f334233c517deab96ee6f39109630b83233b6a51,Q463__cq_3304275_106.53815_29.58268.jpg,D:\StreetView_Project\03_Output\clip_knn\questionnaire_sample_k25_500_added_200\08D_spatial_visual_proximity_check_run_20260728_143220\01_preliminary_flat_500\Q463__cq_3304275_106.53815_29.58268.jpg,Q463__cq_3304275_106.53815_29.58268.jpg,D:\StreetView_Project\03_Output\clip_knn\questionnaire_sample_k25_500_added_200\08F_final500_freeze_run_20260728_145702\01_final_flat_500\Q463__cq_3304275_106.53815_29.58268.jpg,frozen_08F,D:\StreetView_Project\03_Output\clip_knn\questionnaire_sample_k25_500_added_200\08D_spatial_visual_proximity_check_run_20260728_143220
Q464,added_200,CQ_613319,chongqing,106.464051,29.553143,202210,cq_613319_106.464051_29.553143.jpg,D:\StreetView_Project\01_Data\Street_Images\chongqing\cq_streetview\cq_613319_106.464051_29.553143.jpg,15,0.244932159781456,edge,重庆高密商业/居住混合主干路,Q464__cq_613319_106.464051_29.553143.jpg,D:\StreetView_Project\03_Output\clip_knn\questionnaire_sample_k25_500_added_200\08F_final500_freeze_run_20260728_145702\01_final_flat_500\Q464__cq_613319_106.464051_29.553143.jpg,CQ_613319,False,False,matched_not_replaced,Q464__cq_613319_106.464051_29.553143.jpg,D:\StreetView_Project\03_Output\clip_knn\questionnaire_sample_k25_500_added_200\02_images_added_200_by_city_cluster\_08C_final_flat_added_200_after_manual_replacement_check_run_20260728_142934\Q464__cq_613319_106.464051_29.553143.jpg,e8c45609ab7193d88caac4d033fad329677b6a4a49e51daee44ba293c844da93,202210,cq_613319_106.464051_29.553143.jpg,D:\StreetView_Project\01_Data\Street_Images\chongqing\cq_streetview\cq_613319_106.464051_29.553143.jpg,D:\StreetView_Project\01_Data\Street_Images\chongqing\cq_streetview\cq_613319_106.464051_29.553143.jpg,0.244932159781456,D:\StreetView_Project\03_Output\clip_knn\questionnaire_sample_k25_500_added_200\02_images_added_200_by_city_cluster\_08C_final_flat_added_200_after_manual_replacement_check_run_20260728_142934\Q464__cq_613319_106.464051_29.553143.jpg,e8c45609ab7193d88caac4d033fad329677b6a4a49e51daee44ba293c844da93,Q464__cq_613319_106.464051_29.553143.jpg,D:\StreetView_Project\03_Output\clip_knn\questionnaire_sample_k25_500_added_200\08D_spatial_visual_proximity_check_run_20260728_143220\01_preliminary_flat_500\Q464__cq_613319_106.464051_29.553143.jpg,Q464__cq_613319_106.464051_29.553143.jpg,D:\StreetView_Project\03_Output\clip_knn\questionnaire_sample_k25_500_added_200\08F_final500_freeze_run_20260728_145702\01_final_flat_500\Q464__cq_613319_106.464051_29.553143.jpg,frozen_08F,D:\StreetView_Project\03_Output\clip_knn\questionnaire_sample_k25_500_added_200\08D_spatial_visual_proximity_check_run_20260728_143220
Q465,added_200,CQ_603815,chongqing,106.457731,29.553842,201907,cq_603815_106.457731_29.553842.jpg,D:\StreetView_Project\01_Data\Street_Images\chongqing\cq_streetview\cq_603815_106.457731_29.553842.jpg,15,0.2933546304702759,edge,重庆高密商业/居住混合主干路,Q465__cq_603815_106.457731_29.553842.jpg,D:\StreetView_Project\03_Output\clip_knn\questionnaire_sample_k25_500_added_200\08F_final500_freeze_run_20260728_145702\01_final_flat_500\Q465__cq_603815_106.457731_29.553842.jpg,CQ_603815,False,False,matched_not_replaced,Q465__cq_603815_106.457731_29.553842.jpg,D:\StreetView_Project\03_Output\clip_knn\questionnaire_sample_k25_500_added_200\02_images_added_200_by_city_cluster\_08C_final_flat_added_200_after_manual_replacement_check_run_20260728_142934\Q465__cq_603815_106.457731_29.553842.jpg,d68ebdca683a7b2f67057636b4526837e2cbc41f5bef9d94d1ed88ab967712d6,201907,cq_603815_106.457731_29.553842.jpg,D:\StreetView_Project\01_Data\Street_Images\chongqing\cq_streetview\cq_603815_106.457731_29.553842.jpg,D:\StreetView_Project\01_Data\Street_Images\chongqing\cq_streetview\cq_603815_106.457731_29.553842.jpg,0.2933546304702759,D:\StreetView_Project\03_Output\clip_knn\questionnaire_sample_k25_500_added_200\02_images_added_200_by_city_cluster\_08C_final_flat_added_200_after_manual_replacement_check_run_20260728_142934\Q465__cq_603815_106.457731_29.553842.jpg,d68ebdca683a7b2f67057636b4526837e2cbc41f5bef9d94d1ed88ab967712d6,Q465__cq_603815_106.457731_29.553842.jpg,D:\StreetView_Project\03_Output\clip_knn\questionnaire_sample_k25_500_added_200\08D_spatial_visual_proximity_check_run_20260728_143220\01_preliminary_flat_500\Q465__cq_603815_106.457731_29.553842.jpg,Q465__cq_603815_106.457731_29.553842.jpg,D:\StreetView_Project\03_Output\clip_knn\questionnaire_sample_k25_500_added_200\08F_final500_freeze_run_20260728_145702\01_final_flat_500\Q465__cq_603815_106.457731_29.553842.jpg,frozen_08F,D:\StreetView_Project\03_Output\clip_knn\questionnaire_sample_k25_500_added_200\08D_spatial_visual_proximity_check_run_20260728_143220
Q466,added_200,CQ_629722,chongqing,106.475187,29.48387,201610,cq_629722_106.475187_29.483870.jpg,D:\StreetView_Project\01_Data\Street_Images\chongqing\cq_streetview\cq_629722_106.475187_29.483870.jpg,16,0.2577880918979645,center,树荫居住支路/高绿量社区道路,Q466__cq_629722_106.475187_29.48387.jpg,D:\StreetView_Project\03_Output\clip_knn\questionnaire_sample_k25_500_added_200\08F_final500_freeze_run_20260728_145702\01_final_flat_500\Q466__cq_629722_106.475187_29.48387.jpg,CQ_685910,True,True,matched_replaced,Q466__cq_629722_106.475187_29.483870.jpg,D:\StreetView_Project\03_Output\clip_knn\questionnaire_sample_k25_500_added_200\02_images_added_200_by_city_cluster\_08C_final_flat_added_200_after_manual_replacement_check_run_20260728_142934\Q466__cq_629722_106.475187_29.483870.jpg,c014f2b2e293fa9a2fbcde30fbfda7a0a8a43a01ac1ebe22b1245726011e835a,201610,cq_629722_106.475187_29.483870.jpg,D:\StreetView_Project\01_Data\Street_Images\chongqing\cq_streetview\cq_629722_106.475187_29.483870.jpg,D:\StreetView_Project\01_Data\Street_Images\chongqing\cq_streetview\cq_629722_106.475187_29.483870.jpg,0.2577880918979645,D:\StreetView_Project\03_Output\clip_knn\questionnaire_sample_k25_500_added_200\02_images_added_200_by_city_cluster\_08C_final_flat_added_200_after_manual_replacement_check_run_20260728_142934\Q466__cq_629722_106.475187_29.483870.jpg,c014f2b2e293fa9a2fbcde30fbfda7a0a8a43a01ac1ebe22b1245726011e835a,Q466__cq_629722_106.475187_29.48387.jpg,D:\StreetView_Project\03_Output\clip_knn\questionnaire_sample_k25_500_added_200\08D_spatial_visual_proximity_check_run_20260728_143220\01_preliminary_flat_500\Q466__cq_629722_106.475187_29.48387.jpg,Q466__cq_629722_106.475187_29.48387.jpg,D:\StreetView_Project\03_Output\clip_knn\questionnaire_sample_k25_500_added_200\08F_final500_freeze_run_20260728_145702\01_final_flat_500\Q466__cq_629722_106.475187_29.48387.jpg,frozen_08F,D:\StreetView_Project\03_Output\clip_knn\questionnaire_sample_k25_500_added_200\08D_spatial_visual_proximity_check_run_20260728_143220
Q467,added_200,CQ_646965,chongqing,106.482238,29.576094,201906,cq_646965_106.482238_29.576094.jpg,D:\StreetView_Project\01_Data\Street_Images\chongqing\cq_streetview\cq_646965_106.482238_29.576094.jpg,16,0.277885913848877,middle,树荫居住支路/高绿量社区道路,Q467__cq_646965_106.482238_29.576094.jpg,D:\StreetView_Project\03_Output\clip_knn\questionnaire_sample_k25_500_added_200\08F_final500_freeze_run_20260728_145702\01_final_flat_500\Q467__cq_646965_106.482238_29.576094.jpg,CQ_646965,False,False,matched_not_replaced,Q467__cq_646965_106.482238_29.576094.jpg,D:\StreetView_Project\03_Output\clip_knn\questionnaire_sample_k25_500_added_200\02_images_added_200_by_city_cluster\_08C_final_flat_added_200_after_manual_replacement_check_run_20260728_142934\Q467__cq_646965_106.482238_29.576094.jpg,df97d8144e429345474ec6b6f07d91dcd68cae98a21f0c0c80bb3f94d6042f3a,201906,cq_646965_106.482238_29.576094.jpg,D:\StreetView_Project\01_Data\Street_Images\chongqing\cq_streetview\cq_646965_106.482238_29.576094.jpg,D:\StreetView_Project\01_Data\Street_Images\chongqing\cq_streetview\cq_646965_106.482238_29.576094.jpg,0.277885913848877,D:\StreetView_Project\03_Output\clip_knn\questionnaire_sample_k25_500_added_200\02_images_added_200_by_city_cluster\_08C_final_flat_added_200_after_manual_replacement_check_run_20260728_142934\Q467__cq_646965_106.482238_29.576094.jpg,df97d8144e429345474ec6b6f07d91dcd68cae98a21f0c0c80bb3f94d6042f3a,Q467__cq_646965_106.482238_29.576094.jpg,D:\StreetView_Project\03_Output\clip_knn\questionnaire_sample_k25_500_added_200\08D_spatial_visual_proximity_check_run_20260728_143220\01_preliminary_flat_500\Q467__cq_646965_106.482238_29.576094.jpg,Q467__cq_646965_106.482238_29.576094.jpg,D:\StreetView_Project\03_Output\clip_knn\questionnaire_sample_k25_500_added_200\08F_final500_freeze_run_20260728_145702\01_final_flat_500\Q467__cq_646965_106.482238_29.576094.jpg,frozen_08F,D:\StreetView_Project\03_Output\clip_knn\questionnaire_sample_k25_500_added_200\08D_spatial_visual_proximity_check_run_20260728_143220
Q468,added_200,CQ_744383,chongqing,106.595107,29.564042,201907,cq_744383_106.595107_29.564042.jpg,D:\StreetView_Project\01_Data\Street_Images\chongqing\cq_streetview\cq_744383_106.595107_29.564042.jpg,16,0.310411125421524,edge,树荫居住支路/高绿量社区道路,Q468__cq_744383_106.595107_29.564042.jpg,D:\StreetView_Project\03_Output\clip_knn\questionnaire_sample_k25_500_added_200\08F_final500_freeze_run_20260728_145702\01_final_flat_500\Q468__cq_744383_106.595107_29.564042.jpg,CQ_744383,False,False,matched_not_replaced,Q468__cq_744383_106.595107_29.564042.jpg,D:\StreetView_Project\03_Output\clip_knn\questionnaire_sample_k25_500_added_200\02_images_added_200_by_city_cluster\_08C_final_flat_added_200_after_manual_replacement_check_run_20260728_142934\Q468__cq_744383_106.595107_29.564042.jpg,390a79f444941ab874cbfff09b250291d34a5ae3fb36fea772151bc9a48c29cd,201907,cq_744383_106.595107_29.564042.jpg,D:\StreetView_Project\01_Data\Street_Images\chongqing\cq_streetview\cq_744383_106.595107_29.564042.jpg,D:\StreetView_Project\01_Data\Street_Images\chongqing\cq_streetview\cq_744383_106.595107_29.564042.jpg,0.310411125421524,D:\StreetView_Project\03_Output\clip_knn\questionnaire_sample_k25_500_added_200\02_images_added_200_by_city_cluster\_08C_final_flat_added_200_after_manual_replacement_check_run_20260728_142934\Q468__cq_744383_106.595107_29.564042.jpg,390a79f444941ab874cbfff09b250291d34a5ae3fb36fea772151bc9a48c29cd,Q468__cq_744383_106.595107_29.564042.jpg,D:\StreetView_Project\03_Output\clip_knn\questionnaire_sample_k25_500_added_200\08D_spatial_visual_proximity_check_run_20260728_143220\01_preliminary_flat_500\Q468__cq_744383_106.595107_29.564042.jpg,Q468__cq_744383_106.595107_29.564042.jpg,D:\StreetView_Project\03_Output\clip_knn\questionnaire_sample_k25_500_added_200\08F_final500_freeze_run_20260728_145702\01_final_flat_500\Q468__cq_744383_106.595107_29.564042.jpg,frozen_08F,D:\StreetView_Project\03_Output\clip_knn\questionnaire_sample_k25_500_added_200\08D_spatial_visual_proximity_check_run_20260728_143220
Q469,added_200,CQ_686529,chongqing,106.524892,29.503893,202210,cq_686529_106.524892_29.503893.jpg,D:\StreetView_Project\01_Data\Street_Images\chongqing\cq_streetview\cq_686529_106.524892_29.503893.jpg,16,0.3299139142036438,edge,树荫居住支路/高绿量社区道路,Q469__cq_686529_106.524892_29.503893.jpg,D:\StreetView_Project\03_Output\clip_knn\questionnaire_sample_k25_500_added_200\08F_final500_freeze_run_20260728_145702\01_final_flat_500\Q469__cq_686529_106.524892_29.503893.jpg,CQ_686529,False,False,matched_not_replaced,Q469__cq_686529_106.524892_29.503893.jpg,D:\StreetView_Project\03_Output\clip_knn\questionnaire_sample_k25_500_added_200\02_images_added_200_by_city_cluster\_08C_final_flat_added_200_after_manual_replacement_check_run_20260728_142934\Q469__cq_686529_106.524892_29.503893.jpg,f178b4e2f563e745237af2fb6744afeab21deb635785f2c26a0485fea3e5a988,202210,cq_686529_106.524892_29.503893.jpg,D:\StreetView_Project\01_Data\Street_Images\chongqing\cq_streetview\cq_686529_106.524892_29.503893.jpg,D:\StreetView_Project\01_Data\Street_Images\chongqing\cq_streetview\cq_686529_106.524892_29.503893.jpg,0.3299139142036438,D:\StreetView_Project\03_Output\clip_knn\questionnaire_sample_k25_500_added_200\02_images_added_200_by_city_cluster\_08C_final_flat_added_200_after_manual_replacement_check_run_20260728_142934\Q469__cq_686529_106.524892_29.503893.jpg,f178b4e2f563e745237af2fb6744afeab21deb635785f2c26a0485fea3e5a988,Q469__cq_686529_106.524892_29.503893.jpg,D:\StreetView_Project\03_Output\clip_knn\questionnaire_sample_k25_500_added_200\08D_spatial_visual_proximity_check_run_20260728_143220\01_preliminary_flat_500\Q469__cq_686529_106.524892_29.503893.jpg,Q469__cq_686529_106.524892_29.503893.jpg,D:\StreetView_Project\03_Output\clip_knn\questionnaire_sample_k25_500_added_200\08F_final500_freeze_run_20260728_145702\01_final_flat_500\Q469__cq_686529_106.524892_29.503893.jpg,frozen_08F,D:\StreetView_Project\03_Output\clip_knn\questionnaire_sample_k25_500_added_200\08D_spatial_visual_proximity_check_run_20260728_143220
Q470,added_200,CQ_686141,chongqing,106.528584,29.583459,201907,cq_686141_106.528584_29.583459.jpg,D:\StreetView_Project\01_Data\Street_Images\chongqing\cq_streetview\cq_686141_106.528584_29.583459.jpg,17,0.2817352712154388,edge,成都生活性街道/社区商业道路,Q470__cq_686141_106.528584_29.583459.jpg,D:\StreetView_Project\03_Output\clip_knn\questionnaire_sample_k25_500_added_200\08F_final500_freeze_run_20260728_145702\01_final_flat_500\Q470__cq_686141_106.528584_29.583459.jpg,CQ_3148599,True,True,matched_replaced,Q470__cq_686141_106.528584_29.583459.jpg,D:\StreetView_Project\03_Output\clip_knn\questionnaire_sample_k25_500_added_200\02_images_added_200_by_city_cluster\_08C_final_flat_added_200_after_manual_replacement_check_run_20260728_142934\Q470__cq_686141_106.528584_29.583459.jpg,1529278df3b9ff12a6fc31aa3373feabb1d942f82ec3f4c86976b8fc1b0e8d47,201907,cq_686141_106.528584_29.583459.jpg,D:\StreetView_Project\01_Data\Street_Images\chongqing\cq_streetview\cq_686141_106.528584_29.583459.jpg,D:\StreetView_Project\01_Data\Street_Images\chongqing\cq_streetview\cq_686141_106.528584_29.583459.jpg,0.2817352712154388,D:\StreetView_Project\03_Output\clip_knn\questionnaire_sample_k25_500_added_200\02_images_added_200_by_city_cluster\_08C_final_flat_added_200_after_manual_replacement_check_run_20260728_142934\Q470__cq_686141_106.528584_29.583459.jpg,1529278df3b9ff12a6fc31aa3373feabb1d942f82ec3f4c86976b8fc1b0e8d47,Q470__cq_686141_106.528584_29.583459.jpg,D:\StreetView_Project\03_Output\clip_knn\questionnaire_sample_k25_500_added_200\08D_spatial_visual_proximity_check_run_20260728_143220\01_preliminary_flat_500\Q470__cq_686141_106.528584_29.583459.jpg,Q470__cq_686141_106.528584_29.583459.jpg,D:\StreetView_Project\03_Output\clip_knn\questionnaire_sample_k25_500_added_200\08F_final500_freeze_run_20260728_145702\01_final_flat_500\Q470__cq_686141_106.528584_29.583459.jpg,frozen_08F,D:\StreetView_Project\03_Output\clip_knn\questionnaire_sample_k25_500_added_200\08D_spatial_visual_proximity_check_run_20260728_143220
Q471,added_200,CQ_662799,chongqing,106.506318,29.600819,202210,cq_662799_106.506318_29.600819.jpg,D:\StreetView_Project\01_Data\Street_Images\chongqing\cq_streetview\cq_662799_106.506318_29.600819.jpg,17,0.2296604961156845,center,成都生活性街道/社区商业道路,Q471__cq_662799_106.506318_29.600819.jpg,D:\StreetView_Project\03_Output\clip_knn\questionnaire_sample_k25_500_added_200\08F_final500_freeze_run_20260728_145702\01_final_flat_500\Q471__cq_662799_106.506318_29.600819.jpg,CQ_662799,False,False,matched_not_replaced,Q471__cq_662799_106.506318_29.600819.jpg,D:\StreetView_Project\03_Output\clip_knn\questionnaire_sample_k25_500_added_200\02_images_added_200_by_city_cluster\_08C_final_flat_added_200_after_manual_replacement_check_run_20260728_142934\Q471__cq_662799_106.506318_29.600819.jpg,2f864a74b1d0b168721428c0938f1d4272b04d7464031faab83de0edebf09cb8,202210,cq_662799_106.506318_29.600819.jpg,D:\StreetView_Project\01_Data\Street_Images\chongqing\cq_streetview\cq_662799_106.506318_29.600819.jpg,D:\StreetView_Project\01_Data\Street_Images\chongqing\cq_streetview\cq_662799_106.506318_29.600819.jpg,0.2296604961156845,D:\StreetView_Project\03_Output\clip_knn\questionnaire_sample_k25_500_added_200\02_images_added_200_by_city_cluster\_08C_final_flat_added_200_after_manual_replacement_check_run_20260728_142934\Q471__cq_662799_106.506318_29.600819.jpg,2f864a74b1d0b168721428c0938f1d4272b04d7464031faab83de0edebf09cb8,Q471__cq_662799_106.506318_29.600819.jpg,D:\StreetView_Project\03_Output\clip_knn\questionnaire_sample_k25_500_added_200\08D_spatial_visual_proximity_check_run_20260728_143220\01_preliminary_flat_500\Q471__cq_662799_106.506318_29.600819.jpg,Q471__cq_662799_106.506318_29.600819.jpg,D:\StreetView_Project\03_Output\clip_knn\questionnaire_sample_k25_500_added_200\08F_final500_freeze_run_20260728_145702\01_final_flat_500\Q471__cq_662799_106.506318_29.600819.jpg,frozen_08F,D:\StreetView_Project\03_Output\clip_knn\questionnaire_sample_k25_500_added_200\08D_spatial_visual_proximity_check_run_20260728_143220
Q472,added_200,CQ_3151705,chongqing,106.468576,29.491371,202210,cq_3151705_106.468576_29.491371.jpg,D:\StreetView_Project\01_Data\Street_Images\chongqing\cq_streetview\cq_3151705_106.468576_29.491371.jpg,18,0.2149588465690613,center,开敞绿化道路/公园边界道路,Q472__cq_3151705_106.468576_29.491371.jpg,D:\StreetView_Project\03_Output\clip_knn\questionnaire_sample_k25_500_added_200\08F_final500_freeze_run_20260728_145702\01_final_flat_500\Q472__cq_3151705_106.468576_29.491371.jpg,CQ_3151705,False,False,matched_not_replaced,Q472__cq_3151705_106.468576_29.491371.jpg,D:\StreetView_Project\03_Output\clip_knn\questionnaire_sample_k25_500_added_200\02_images_added_200_by_city_cluster\_08C_final_flat_added_200_after_manual_replacement_check_run_20260728_142934\Q472__cq_3151705_106.468576_29.491371.jpg,439ca278049a2e85a8253db36e14a71237d27f2a3833e4ba1abc1b53ea829ab7,202210,cq_3151705_106.468576_29.491371.jpg,D:\StreetView_Project\01_Data\Street_Images\chongqing\cq_streetview\cq_3151705_106.468576_29.491371.jpg,D:\StreetView_Project\01_Data\Street_Images\chongqing\cq_streetview\cq_3151705_106.468576_29.491371.jpg,0.2149588465690613,D:\StreetView_Project\03_Output\clip_knn\questionnaire_sample_k25_500_added_200\02_images_added_200_by_city_cluster\_08C_final_flat_added_200_after_manual_replacement_check_run_20260728_142934\Q472__cq_3151705_106.468576_29.491371.jpg,439ca278049a2e85a8253db36e14a71237d27f2a3833e4ba1abc1b53ea829ab7,Q472__cq_3151705_106.468576_29.491371.jpg,D:\StreetView_Project\03_Output\clip_knn\questionnaire_sample_k25_500_added_200\08D_spatial_visual_proximity_check_run_20260728_143220\01_preliminary_flat_500\Q472__cq_3151705_106.468576_29.491371.jpg,Q472__cq_3151705_106.468576_29.491371.jpg,D:\StreetView_Project\03_Output\clip_knn\questionnaire_sample_k25_500_added_200\08F_final500_freeze_run_20260728_145702\01_final_flat_500\Q472__cq_3151705_106.468576_29.491371.jpg,frozen_08F,D:\StreetView_Project\03_Output\clip_knn\questionnaire_sample_k25_500_added_200\08D_spatial_visual_proximity_check_run_20260728_143220
Q473,added_200,CQ_599760,chongqing,106.447803,29.509064,202005,cq_599760_106.447803_29.509064.jpg,D:\StreetView_Project\01_Data\Street_Images\chongqing\cq_streetview\cq_599760_106.447803_29.509064.jpg,18,0.2215770483016968,center,开敞绿化道路/公园边界道路,Q473__cq_599760_106.447803_29.509064.jpg,D:\StreetView_Project\03_Output\clip_knn\questionnaire_sample_k25_500_added_200\08F_final500_freeze_run_20260728_145702\01_final_flat_500\Q473__cq_599760_106.447803_29.509064.jpg,CQ_599760,False,False,matched_not_replaced,Q473__cq_599760_106.447803_29.509064.jpg,D:\StreetView_Project\03_Output\clip_knn\questionnaire_sample_k25_500_added_200\02_images_added_200_by_city_cluster\_08C_final_flat_added_200_after_manual_replacement_check_run_20260728_142934\Q473__cq_599760_106.447803_29.509064.jpg,dbd5b64e06b4364892960d15f4f52827141d48fa2b500cd6c7504fe41f2d297d,202005,cq_599760_106.447803_29.509064.jpg,D:\StreetView_Project\01_Data\Street_Images\chongqing\cq_streetview\cq_599760_106.447803_29.509064.jpg,D:\StreetView_Project\01_Data\Street_Images\chongqing\cq_streetview\cq_599760_106.447803_29.509064.jpg,0.2215770483016968,D:\StreetView_Project\03_Output\clip_knn\questionnaire_sample_k25_500_added_200\02_images_added_200_by_city_cluster\_08C_final_flat_added_200_after_manual_replacement_check_run_20260728_142934\Q473__cq_599760_106.447803_29.509064.jpg,dbd5b64e06b4364892960d15f4f52827141d48fa2b500cd6c7504fe41f2d297d,Q473__cq_599760_106.447803_29.509064.jpg,D:\StreetView_Project\03_Output\clip_knn\questionnaire_sample_k25_500_added_200\08D_spatial_visual_proximity_check_run_20260728_143220\01_preliminary_flat_500\Q473__cq_599760_106.447803_29.509064.jpg,Q473__cq_599760_106.447803_29.509064.jpg,D:\StreetView_Project\03_Output\clip_knn\questionnaire_sample_k25_500_added_200\08F_final500_freeze_run_20260728_145702\01_final_flat_500\Q473__cq_599760_106.447803_29.509064.jpg,frozen_08F,D:\StreetView_Project\03_Output\clip_knn\questionnaire_sample_k25_500_added_200\08D_spatial_visual_proximity_check_run_20260728_143220
Q474,added_200,CQ_618848,chongqing,106.467135,29.488305,201907,cq_618848_106.467135_29.488305.jpg,D:\StreetView_Project\01_Data\Street_Images\chongqing\cq_streetview\cq_618848_106.467135_29.488305.jpg,18,0.2494695782661438,center,开敞绿化道路/公园边界道路,Q474__cq_618848_106.467135_29.488305.jpg,D:\StreetView_Project\03_Output\clip_knn\questionnaire_sample_k25_500_added_200\08F_final500_freeze_run_20260728_145702\01_final_flat_500\Q474__cq_618848_106.467135_29.488305.jpg,CQ_618848,False,False,matched_not_replaced,Q474__cq_618848_106.467135_29.488305.jpg,D:\StreetView_Project\03_Output\clip_knn\questionnaire_sample_k25_500_added_200\02_images_added_200_by_city_cluster\_08C_final_flat_added_200_after_manual_replacement_check_run_20260728_142934\Q474__cq_618848_106.467135_29.488305.jpg,533cf1d23d26119c36221bc342607e2d30453e089e9204bfcd361fc26481bea4,201907,cq_618848_106.467135_29.488305.jpg,D:\StreetView_Project\01_Data\Street_Images\chongqing\cq_streetview\cq_618848_106.467135_29.488305.jpg,D:\StreetView_Project\01_Data\Street_Images\chongqing\cq_streetview\cq_618848_106.467135_29.488305.jpg,0.2494695782661438,D:\StreetView_Project\03_Output\clip_knn\questionnaire_sample_k25_500_added_200\02_images_added_200_by_city_cluster\_08C_final_flat_added_200_after_manual_replacement_check_run_20260728_142934\Q474__cq_618848_106.467135_29.488305.jpg,533cf1d23d26119c36221bc342607e2d30453e089e9204bfcd361fc26481bea4,Q474__cq_618848_106.467135_29.488305.jpg,D:\StreetView_Project\03_Output\clip_knn\questionnaire_sample_k25_500_added_200\08D_spatial_visual_proximity_check_run_20260728_143220\01_preliminary_flat_500\Q474__cq_618848_106.467135_29.488305.jpg,Q474__cq_618848_106.467135_29.488305.jpg,D:\StreetView_Project\03_Output\clip_knn\questionnaire_sample_k25_500_added_200\08F_final500_freeze_run_20260728_145702\01_final_flat_500\Q474__cq_618848_106.467135_29.488305.jpg,frozen_08F,D:\StreetView_Project\03_Output\clip_knn\questionnaire_sample_k25_500_added_200\08D_spatial_visual_proximity_check_run_20260728_143220
Q475,added_200,CQ_650177,chongqing,106.49377,29.591686,202210,cq_650177_106.493770_29.591686.jpg,D:\StreetView_Project\01_Data\Street_Images\chongqing\cq_streetview\cq_650177_106.493770_29.591686.jpg,18,0.2789463102817535,middle,开敞绿化道路/公园边界道路,Q475__cq_650177_106.49377_29.591686.jpg,D:\StreetView_Project\03_Output\clip_knn\questionnaire_sample_k25_500_added_200\08F_final500_freeze_run_20260728_145702\01_final_flat_500\Q475__cq_650177_106.49377_29.591686.jpg,CQ_3203792,True,True,matched_replaced,Q475__cq_650177_106.493770_29.591686.jpg,D:\StreetView_Project\03_Output\clip_knn\questionnaire_sample_k25_500_added_200\02_images_added_200_by_city_cluster\_08C_final_flat_added_200_after_manual_replacement_check_run_20260728_142934\Q475__cq_650177_106.493770_29.591686.jpg,b927367230c0eaaa7f3658b8a51d3f3ec61509f7eb07ce61722169ae47d07a31,202210,cq_650177_106.493770_29.591686.jpg,D:\StreetView_Project\01_Data\Street_Images\chongqing\cq_streetview\cq_650177_106.493770_29.591686.jpg,D:\StreetView_Project\01_Data\Street_Images\chongqing\cq_streetview\cq_650177_106.493770_29.591686.jpg,0.2789463102817535,D:\StreetView_Project\03_Output\clip_knn\questionnaire_sample_k25_500_added_200\02_images_added_200_by_city_cluster\_08C_final_flat_added_200_after_manual_replacement_check_run_20260728_142934\Q475__cq_650177_106.493770_29.591686.jpg,b927367230c0eaaa7f3658b8a51d3f3ec61509f7eb07ce61722169ae47d07a31,Q475__cq_650177_106.49377_29.591686.jpg,D:\StreetView_Project\03_Output\clip_knn\questionnaire_sample_k25_500_added_200\08D_spatial_visual_proximity_check_run_20260728_143220\01_preliminary_flat_500\Q475__cq_650177_106.49377_29.591686.jpg,Q475__cq_650177_106.49377_29.591686.jpg,D:\StreetView_Project\03_Output\clip_knn\questionnaire_sample_k25_500_added_200\08F_final500_freeze_run_20260728_145702\01_final_flat_500\Q475__cq_650177_106.49377_29.591686.jpg,frozen_08F,D:\StreetView_Project\03_Output\clip_knn\questionnaire_sample_k25_500_added_200\08D_spatial_visual_proximity_check_run_20260728_143220
Q476,added_200,CQ_650640,chongqing,106.493456,29.562042,202005,cq_650640_106.493456_29.562042.jpg,D:\StreetView_Project\01_Data\Street_Images\chongqing\cq_streetview\cq_650640_106.493456_29.562042.jpg,19,0.2594360411167145,middle,晴天开敞主干路/低密道路,Q476__cq_650640_106.493456_29.562042.jpg,D:\StreetView_Project\03_Output\clip_knn\questionnaire_sample_k25_500_added_200\08F_final500_freeze_run_20260728_145702\01_final_flat_500\Q476__cq_650640_106.493456_29.562042.jpg,CQ_650640,False,False,matched_not_replaced,Q476__cq_650640_106.493456_29.562042.jpg,D:\StreetView_Project\03_Output\clip_knn\questionnaire_sample_k25_500_added_200\02_images_added_200_by_city_cluster\_08C_final_flat_added_200_after_manual_replacement_check_run_20260728_142934\Q476__cq_650640_106.493456_29.562042.jpg,02305a3b3943247523c68246d803160fd02bb21d3be73ec99218f3d694993e75,202005,cq_650640_106.493456_29.562042.jpg,D:\StreetView_Project\01_Data\Street_Images\chongqing\cq_streetview\cq_650640_106.493456_29.562042.jpg,D:\StreetView_Project\01_Data\Street_Images\chongqing\cq_streetview\cq_650640_106.493456_29.562042.jpg,0.2594360411167145,D:\StreetView_Project\03_Output\clip_knn\questionnaire_sample_k25_500_added_200\02_images_added_200_by_city_cluster\_08C_final_flat_added_200_after_manual_replacement_check_run_20260728_142934\Q476__cq_650640_106.493456_29.562042.jpg,02305a3b3943247523c68246d803160fd02bb21d3be73ec99218f3d694993e75,Q476__cq_650640_106.493456_29.562042.jpg,D:\StreetView_Project\03_Output\clip_knn\questionnaire_sample_k25_500_added_200\08D_spatial_visual_proximity_check_run_20260728_143220\01_preliminary_flat_500\Q476__cq_650640_106.493456_29.562042.jpg,Q476__cq_650640_106.493456_29.562042.jpg,D:\StreetView_Project\03_Output\clip_knn\questionnaire_sample_k25_500_added_200\08F_final500_freeze_run_20260728_145702\01_final_flat_500\Q476__cq_650640_106.493456_29.562042.jpg,frozen_08F,D:\StreetView_Project\03_Output\clip_knn\questionnaire_sample_k25_500_added_200\08D_spatial_visual_proximity_check_run_20260728_143220
Q477,added_200,CQ_2923568,chongqing,106.558559,29.579834,202210,cq_2923568_106.558559_29.579834.jpg,D:\StreetView_Project\01_Data\Street_Images\chongqing\cq_streetview\cq_2923568_106.558559_29.579834.jpg,19,0.3040344715118408,edge,晴天开敞主干路/低密道路,Q477__cq_2923568_106.558559_29.579834.jpg,D:\StreetView_Project\03_Output\clip_knn\questionnaire_sample_k25_500_added_200\08F_final500_freeze_run_20260728_145702\01_final_flat_500\Q477__cq_2923568_106.558559_29.579834.jpg,CQ_3204242,True,True,matched_replaced,Q477__cq_2923568_106.558559_29.579834.jpg,D:\StreetView_Project\03_Output\clip_knn\questionnaire_sample_k25_500_added_200\02_images_added_200_by_city_cluster\_08C_final_flat_added_200_after_manual_replacement_check_run_20260728_142934\Q477__cq_2923568_106.558559_29.579834.jpg,5d3c7555d6a06a7447f784d9ba24a6a274a4ae8448c30963776ea49e8463fb47,202210,cq_2923568_106.558559_29.579834.jpg,D:\StreetView_Project\01_Data\Street_Images\chongqing\cq_streetview\cq_2923568_106.558559_29.579834.jpg,D:\StreetView_Project\01_Data\Street_Images\chongqing\cq_streetview\cq_2923568_106.558559_29.579834.jpg,0.3040344715118408,D:\StreetView_Project\03_Output\clip_knn\questionnaire_sample_k25_500_added_200\02_images_added_200_by_city_cluster\_08C_final_flat_added_200_after_manual_replacement_check_run_20260728_142934\Q477__cq_2923568_106.558559_29.579834.jpg,5d3c7555d6a06a7447f784d9ba24a6a274a4ae8448c30963776ea49e8463fb47,Q477__cq_2923568_106.558559_29.579834.jpg,D:\StreetView_Project\03_Output\clip_knn\questionnaire_sample_k25_500_added_200\08D_spatial_visual_proximity_check_run_20260728_143220\01_preliminary_flat_500\Q477__cq_2923568_106.558559_29.579834.jpg,Q477__cq_2923568_106.558559_29.579834.jpg,D:\StreetView_Project\03_Output\clip_knn\questionnaire_sample_k25_500_added_200\08F_final500_freeze_run_20260728_145702\01_final_flat_500\Q477__cq_2923568_106.558559_29.579834.jpg,frozen_08F,D:\StreetView_Project\03_Output\clip_knn\questionnaire_sample_k25_500_added_200\08D_spatial_visual_proximity_check_run_20260728_143220
Q478,added_200,CQ_2432089,chongqing,106.544174,29.572213,202210,cq_2432089_106.544174_29.572213.jpg,D:\StreetView_Project\01_Data\Street_Images\chongqing\cq_streetview\cq_2432089_106.544174_29.572213.jpg,19,0.2989673912525177,edge,晴天开敞主干路/低密道路,Q478__cq_2432089_106.544174_29.572213.jpg,D:\StreetView_Project\03_Output\clip_knn\questionnaire_sample_k25_500_added_200\08F_final500_freeze_run_20260728_145702\01_final_flat_500\Q478__cq_2432089_106.544174_29.572213.jpg,CQ_2432089,False,False,matched_not_replaced,Q478__cq_2432089_106.544174_29.572213.jpg,D:\StreetView_Project\03_Output\clip_knn\questionnaire_sample_k25_500_added_200\02_images_added_200_by_city_cluster\_08C_final_flat_added_200_after_manual_replacement_check_run_20260728_142934\Q478__cq_2432089_106.544174_29.572213.jpg,901eb1018086d94eadb89714ab64a7c13434c0f959847e27938ecfa63e3eaaef,202210,cq_2432089_106.544174_29.572213.jpg,D:\StreetView_Project\01_Data\Street_Images\chongqing\cq_streetview\cq_2432089_106.544174_29.572213.jpg,D:\StreetView_Project\01_Data\Street_Images\chongqing\cq_streetview\cq_2432089_106.544174_29.572213.jpg,0.2989673912525177,D:\StreetView_Project\03_Output\clip_knn\questionnaire_sample_k25_500_added_200\02_images_added_200_by_city_cluster\_08C_final_flat_added_200_after_manual_replacement_check_run_20260728_142934\Q478__cq_2432089_106.544174_29.572213.jpg,901eb1018086d94eadb89714ab64a7c13434c0f959847e27938ecfa63e3eaaef,Q478__cq_2432089_106.544174_29.572213.jpg,D:\StreetView_Project\03_Output\clip_knn\questionnaire_sample_k25_500_added_200\08D_spatial_visual_proximity_check_run_20260728_143220\01_preliminary_flat_500\Q478__cq_2432089_106.544174_29.572213.jpg,Q478__cq_2432089_106.544174_29.572213.jpg,D:\StreetView_Project\03_Output\clip_knn\questionnaire_sample_k25_500_added_200\08F_final500_freeze_run_20260728_145702\01_final_flat_500\Q478__cq_2432089_106.544174_29.572213.jpg,frozen_08F,D:\StreetView_Project\03_Output\clip_knn\questionnaire_sample_k25_500_added_200\08D_spatial_visual_proximity_check_run_20260728_143220
Q479,added_200,CQ_682633,chongqing,106.525744,29.509342,201906,cq_682633_106.525744_29.509342.jpg,D:\StreetView_Project\01_Data\Street_Images\chongqing\cq_streetview\cq_682633_106.525744_29.509342.jpg,20,0.2494121938943863,center,林荫混合街道/绿化商业道路,Q479__cq_682633_106.525744_29.509342.jpg,D:\StreetView_Project\03_Output\clip_knn\questionnaire_sample_k25_500_added_200\08F_final500_freeze_run_20260728_145702\01_final_flat_500\Q479__cq_682633_106.525744_29.509342.jpg,CQ_682633,False,False,matched_not_replaced,Q479__cq_682633_106.525744_29.509342.jpg,D:\StreetView_Project\03_Output\clip_knn\questionnaire_sample_k25_500_added_200\02_images_added_200_by_city_cluster\_08C_final_flat_added_200_after_manual_replacement_check_run_20260728_142934\Q479__cq_682633_106.525744_29.509342.jpg,d5faa0d38f7b2183e21653bf214979c5be712b30f685902221d34c6409875daa,201906,cq_682633_106.525744_29.509342.jpg,D:\StreetView_Project\01_Data\Street_Images\chongqing\cq_streetview\cq_682633_106.525744_29.509342.jpg,D:\StreetView_Project\01_Data\Street_Images\chongqing\cq_streetview\cq_682633_106.525744_29.509342.jpg,0.2494121938943863,D:\StreetView_Project\03_Output\clip_knn\questionnaire_sample_k25_500_added_200\02_images_added_200_by_city_cluster\_08C_final_flat_added_200_after_manual_replacement_check_run_20260728_142934\Q479__cq_682633_106.525744_29.509342.jpg,d5faa0d38f7b2183e21653bf214979c5be712b30f685902221d34c6409875daa,Q479__cq_682633_106.525744_29.509342.jpg,D:\StreetView_Project\03_Output\clip_knn\questionnaire_sample_k25_500_added_200\08D_spatial_visual_proximity_check_run_20260728_143220\01_preliminary_flat_500\Q479__cq_682633_106.525744_29.509342.jpg,Q479__cq_682633_106.525744_29.509342.jpg,D:\StreetView_Project\03_Output\clip_knn\questionnaire_sample_k25_500_added_200\08F_final500_freeze_run_20260728_145702\01_final_flat_500\Q479__cq_682633_106.525744_29.509342.jpg,frozen_08F,D:\StreetView_Project\03_Output\clip_knn\questionnaire_sample_k25_500_added_200\08D_spatial_visual_proximity_check_run_20260728_143220
Q480,added_200,CQ_2913663,chongqing,106.507381,29.592937,202210,cq_2913663_106.507381_29.592937.jpg,D:\StreetView_Project\01_Data\Street_Images\chongqing\cq_streetview\cq_2913663_106.507381_29.592937.jpg,20,0.2782884538173676,center,林荫混合街道/绿化商业道路,Q480__cq_2913663_106.507381_29.592937.jpg,D:\StreetView_Project\03_Output\clip_knn\questionnaire_sample_k25_500_added_200\08F_final500_freeze_run_20260728_145702\01_final_flat_500\Q480__cq_2913663_106.507381_29.592937.jpg,CQ_2913663,False,False,matched_not_replaced,Q480__cq_2913663_106.507381_29.592937.jpg,D:\StreetView_Project\03_Output\clip_knn\questionnaire_sample_k25_500_added_200\02_images_added_200_by_city_cluster\_08C_final_flat_added_200_after_manual_replacement_check_run_20260728_142934\Q480__cq_2913663_106.507381_29.592937.jpg,b10c3c5376586d05ffeef6f60477d393ef4f97134ac3ba5f544819e789274c71,202210,cq_2913663_106.507381_29.592937.jpg,D:\StreetView_Project\01_Data\Street_Images\chongqing\cq_streetview\cq_2913663_106.507381_29.592937.jpg,D:\StreetView_Project\01_Data\Street_Images\chongqing\cq_streetview\cq_2913663_106.507381_29.592937.jpg,0.2782884538173676,D:\StreetView_Project\03_Output\clip_knn\questionnaire_sample_k25_500_added_200\02_images_added_200_by_city_cluster\_08C_final_flat_added_200_after_manual_replacement_check_run_20260728_142934\Q480__cq_2913663_106.507381_29.592937.jpg,b10c3c5376586d05ffeef6f60477d393ef4f97134ac3ba5f544819e789274c71,Q480__cq_2913663_106.507381_29.592937.jpg,D:\StreetView_Project\03_Output\clip_knn\questionnaire_sample_k25_500_added_200\08D_spatial_visual_proximity_check_run_20260728_143220\01_preliminary_flat_500\Q480__cq_2913663_106.507381_29.592937.jpg,Q480__cq_2913663_106.507381_29.592937.jpg,D:\StreetView_Project\03_Output\clip_knn\questionnaire_sample_k25_500_added_200\08F_final500_freeze_run_20260728_145702\01_final_flat_500\Q480__cq_2913663_106.507381_29.592937.jpg,frozen_08F,D:\StreetView_Project\03_Output\clip_knn\questionnaire_sample_k25_500_added_200\08D_spatial_visual_proximity_check_run_20260728_143220
Q481,added_200,CQ_696255,chongqing,106.541086,29.563878,202004,cq_696255_106.541086_29.563878.jpg,D:\StreetView_Project\01_Data\Street_Images\chongqing\cq_streetview\cq_696255_106.541086_29.563878.jpg,20,0.3303001523017883,edge,林荫混合街道/绿化商业道路,Q481__cq_696255_106.541086_29.563878.jpg,D:\StreetView_Project\03_Output\clip_knn\questionnaire_sample_k25_500_added_200\08F_final500_freeze_run_20260728_145702\01_final_flat_500\Q481__cq_696255_106.541086_29.563878.jpg,CQ_696255,False,False,matched_not_replaced,Q481__cq_696255_106.541086_29.563878.jpg,D:\StreetView_Project\03_Output\clip_knn\questionnaire_sample_k25_500_added_200\02_images_added_200_by_city_cluster\_08C_final_flat_added_200_after_manual_replacement_check_run_20260728_142934\Q481__cq_696255_106.541086_29.563878.jpg,165792007b166aec397e0ec991e15a30c6ac515be1034ec960b71b6a43c13e03,202004,cq_696255_106.541086_29.563878.jpg,D:\StreetView_Project\01_Data\Street_Images\chongqing\cq_streetview\cq_696255_106.541086_29.563878.jpg,D:\StreetView_Project\01_Data\Street_Images\chongqing\cq_streetview\cq_696255_106.541086_29.563878.jpg,0.3303001523017883,D:\StreetView_Project\03_Output\clip_knn\questionnaire_sample_k25_500_added_200\02_images_added_200_by_city_cluster\_08C_final_flat_added_200_after_manual_replacement_check_run_20260728_142934\Q481__cq_696255_106.541086_29.563878.jpg,165792007b166aec397e0ec991e15a30c6ac515be1034ec960b71b6a43c13e03,Q481__cq_696255_106.541086_29.563878.jpg,D:\StreetView_Project\03_Output\clip_knn\questionnaire_sample_k25_500_added_200\08D_spatial_visual_proximity_check_run_20260728_143220\01_preliminary_flat_500\Q481__cq_696255_106.541086_29.563878.jpg,Q481__cq_696255_106.541086_29.563878.jpg,D:\StreetView_Project\03_Output\clip_knn\questionnaire_sample_k25_500_added_200\08F_final500_freeze_run_20260728_145702\01_final_flat_500\Q481__cq_696255_106.541086_29.563878.jpg,frozen_08F,D:\StreetView_Project\03_Output\clip_knn\questionnaire_sample_k25_500_added_200\08D_spatial_visual_proximity_check_run_20260728_143220
Q482,added_200,CQ_629586,chongqing,106.476932,29.49304,201907,cq_629586_106.476932_29.493040.jpg,D:\StreetView_Project\01_Data\Street_Images\chongqing\cq_streetview\cq_629586_106.476932_29.493040.jpg,20,0.3363283574581146,edge,林荫混合街道/绿化商业道路,Q482__cq_629586_106.476932_29.49304.jpg,D:\StreetView_Project\03_Output\clip_knn\questionnaire_sample_k25_500_added_200\08F_final500_freeze_run_20260728_145702\01_final_flat_500\Q482__cq_629586_106.476932_29.49304.jpg,CQ_629586,False,False,matched_not_replaced,Q482__cq_629586_106.476932_29.493040.jpg,D:\StreetView_Project\03_Output\clip_knn\questionnaire_sample_k25_500_added_200\02_images_added_200_by_city_cluster\_08C_final_flat_added_200_after_manual_replacement_check_run_20260728_142934\Q482__cq_629586_106.476932_29.493040.jpg,f91714bfb3ebc16400d2f9c9f5a1fb2eec8c11f57c775394aaaacbd1db90fa94,201907,cq_629586_106.476932_29.493040.jpg,D:\StreetView_Project\01_Data\Street_Images\chongqing\cq_streetview\cq_629586_106.476932_29.493040.jpg,D:\StreetView_Project\01_Data\Street_Images\chongqing\cq_streetview\cq_629586_106.476932_29.493040.jpg,0.3363283574581146,D:\StreetView_Project\03_Output\clip_knn\questionnaire_sample_k25_500_added_200\02_images_added_200_by_city_cluster\_08C_final_flat_added_200_after_manual_replacement_check_run_20260728_142934\Q482__cq_629586_106.476932_29.493040.jpg,f91714bfb3ebc16400d2f9c9f5a1fb2eec8c11f57c775394aaaacbd1db90fa94,Q482__cq_629586_106.476932_29.49304.jpg,D:\StreetView_Project\03_Output\clip_knn\questionnaire_sample_k25_500_added_200\08D_spatial_visual_proximity_check_run_20260728_143220\01_preliminary_flat_500\Q482__cq_629586_106.476932_29.49304.jpg,Q482__cq_629586_106.476932_29.49304.jpg,D:\StreetView_Project\03_Output\clip_knn\questionnaire_sample_k25_500_added_200\08F_final500_freeze_run_20260728_145702\01_final_flat_500\Q482__cq_629586_106.476932_29.49304.jpg,frozen_08F,D:\StreetView_Project\03_Output\clip_knn\questionnaire_sample_k25_500_added_200\08D_spatial_visual_proximity_check_run_20260728_143220
Q483,added_200,CQ_3420920,chongqing,106.525091,29.613785,202210,cq_3420920_106.525091_29.613785.jpg,D:\StreetView_Project\01_Data\Street_Images\chongqing\cq_streetview\cq_3420920_106.525091_29.613785.jpg,21,0.2021210193634033,center,开敞桥梁/滨水/城市快速路,Q483__cq_3420920_106.525091_29.613785.jpg,D:\StreetView_Project\03_Output\clip_knn\questionnaire_sample_k25_500_added_200\08F_final500_freeze_run_20260728_145702\01_final_flat_500\Q483__cq_3420920_106.525091_29.613785.jpg,CQ_2434736,True,True,matched_replaced,Q483__cq_3420920_106.525091_29.613785.jpg,D:\StreetView_Project\03_Output\clip_knn\questionnaire_sample_k25_500_added_200\02_images_added_200_by_city_cluster\_08C_final_flat_added_200_after_manual_replacement_check_run_20260728_142934\Q483__cq_3420920_106.525091_29.613785.jpg,33bd4d8e0c26b7fe2970d21bfefb14e5df7db61ddd2857fbef2d61016e92ef90,202210,cq_3420920_106.525091_29.613785.jpg,D:\StreetView_Project\01_Data\Street_Images\chongqing\cq_streetview\cq_3420920_106.525091_29.613785.jpg,D:\StreetView_Project\01_Data\Street_Images\chongqing\cq_streetview\cq_3420920_106.525091_29.613785.jpg,0.2021210193634033,D:\StreetView_Project\03_Output\clip_knn\questionnaire_sample_k25_500_added_200\02_images_added_200_by_city_cluster\_08C_final_flat_added_200_after_manual_replacement_check_run_20260728_142934\Q483__cq_3420920_106.525091_29.613785.jpg,33bd4d8e0c26b7fe2970d21bfefb14e5df7db61ddd2857fbef2d61016e92ef90,Q483__cq_3420920_106.525091_29.613785.jpg,D:\StreetView_Project\03_Output\clip_knn\questionnaire_sample_k25_500_added_200\08D_spatial_visual_proximity_check_run_20260728_143220\01_preliminary_flat_500\Q483__cq_3420920_106.525091_29.613785.jpg,Q483__cq_3420920_106.525091_29.613785.jpg,D:\StreetView_Project\03_Output\clip_knn\questionnaire_sample_k25_500_added_200\08F_final500_freeze_run_20260728_145702\01_final_flat_500\Q483__cq_3420920_106.525091_29.613785.jpg,frozen_08F,D:\StreetView_Project\03_Output\clip_knn\questionnaire_sample_k25_500_added_200\08D_spatial_visual_proximity_check_run_20260728_143220
Q484,added_200,CQ_2431630,chongqing,106.585359,29.60518,202210,cq_2431630_106.585359_29.605180.jpg,D:\StreetView_Project\01_Data\Street_Images\chongqing\cq_streetview\cq_2431630_106.585359_29.605180.jpg,21,0.2766240537166595,middle,开敞桥梁/滨水/城市快速路,Q484__cq_2431630_106.585359_29.60518.jpg,D:\StreetView_Project\03_Output\clip_knn\questionnaire_sample_k25_500_added_200\08F_final500_freeze_run_20260728_145702\01_final_flat_500\Q484__cq_2431630_106.585359_29.60518.jpg,CQ_2431630,False,False,matched_not_replaced,Q484__cq_2431630_106.585359_29.605180.jpg,D:\StreetView_Project\03_Output\clip_knn\questionnaire_sample_k25_500_added_200\02_images_added_200_by_city_cluster\_08C_final_flat_added_200_after_manual_replacement_check_run_20260728_142934\Q484__cq_2431630_106.585359_29.605180.jpg,cbebe8ec7698b150a6620660febb3c06e0ea03b6f805a112fc9d3c849e79d666,202210,cq_2431630_106.585359_29.605180.jpg,D:\StreetView_Project\01_Data\Street_Images\chongqing\cq_streetview\cq_2431630_106.585359_29.605180.jpg,D:\StreetView_Project\01_Data\Street_Images\chongqing\cq_streetview\cq_2431630_106.585359_29.605180.jpg,0.2766240537166595,D:\StreetView_Project\03_Output\clip_knn\questionnaire_sample_k25_500_added_200\02_images_added_200_by_city_cluster\_08C_final_flat_added_200_after_manual_replacement_check_run_20260728_142934\Q484__cq_2431630_106.585359_29.605180.jpg,cbebe8ec7698b150a6620660febb3c06e0ea03b6f805a112fc9d3c849e79d666,Q484__cq_2431630_106.585359_29.60518.jpg,D:\StreetView_Project\03_Output\clip_knn\questionnaire_sample_k25_500_added_200\08D_spatial_visual_proximity_check_run_20260728_143220\01_preliminary_flat_500\Q484__cq_2431630_106.585359_29.60518.jpg,Q484__cq_2431630_106.585359_29.60518.jpg,D:\StreetView_Project\03_Output\clip_knn\questionnaire_sample_k25_500_added_200\08F_final500_freeze_run_20260728_145702\01_final_flat_500\Q484__cq_2431630_106.585359_29.60518.jpg,frozen_08F,D:\StreetView_Project\03_Output\clip_knn\questionnaire_sample_k25_500_added_200\08D_spatial_visual_proximity_check_run_20260728_143220
Q485,added_200,CQ_2432286,chongqing,106.511372,29.534565,202210,cq_2432286_106.511372_29.534565.jpg,D:\StreetView_Project\01_Data\Street_Images\chongqing\cq_streetview\cq_2432286_106.511372_29.534565.jpg,21,0.2864031791687012,edge,开敞桥梁/滨水/城市快速路,Q485__cq_2432286_106.511372_29.534565.jpg,D:\StreetView_Project\03_Output\clip_knn\questionnaire_sample_k25_500_added_200\08F_final500_freeze_run_20260728_145702\01_final_flat_500\Q485__cq_2432286_106.511372_29.534565.jpg,CQ_2432286,False,False,matched_not_replaced,Q485__cq_2432286_106.511372_29.534565.jpg,D:\StreetView_Project\03_Output\clip_knn\questionnaire_sample_k25_500_added_200\02_images_added_200_by_city_cluster\_08C_final_flat_added_200_after_manual_replacement_check_run_20260728_142934\Q485__cq_2432286_106.511372_29.534565.jpg,6982a8215e17cf753d97c8166893de15449baca961d2d117261320bb914eb879,202210,cq_2432286_106.511372_29.534565.jpg,D:\StreetView_Project\01_Data\Street_Images\chongqing\cq_streetview\cq_2432286_106.511372_29.534565.jpg,D:\StreetView_Project\01_Data\Street_Images\chongqing\cq_streetview\cq_2432286_106.511372_29.534565.jpg,0.2864031791687012,D:\StreetView_Project\03_Output\clip_knn\questionnaire_sample_k25_500_added_200\02_images_added_200_by_city_cluster\_08C_final_flat_added_200_after_manual_replacement_check_run_20260728_142934\Q485__cq_2432286_106.511372_29.534565.jpg,6982a8215e17cf753d97c8166893de15449baca961d2d117261320bb914eb879,Q485__cq_2432286_106.511372_29.534565.jpg,D:\StreetView_Project\03_Output\clip_knn\questionnaire_sample_k25_500_added_200\08D_spatial_visual_proximity_check_run_20260728_143220\01_preliminary_flat_500\Q485__cq_2432286_106.511372_29.534565.jpg,Q485__cq_2432286_106.511372_29.534565.jpg,D:\StreetView_Project\03_Output\clip_knn\questionnaire_sample_k25_500_added_200\08F_final500_freeze_run_20260728_145702\01_final_flat_500\Q485__cq_2432286_106.511372_29.534565.jpg,frozen_08F,D:\StreetView_Project\03_Output\clip_knn\questionnaire_sample_k25_500_added_200\08D_spatial_visual_proximity_check_run_20260728_143220
Q486,added_200,CQ_641257,chongqing,106.487602,29.46514,201509,cq_641257_106.487602_29.465140.jpg,D:\StreetView_Project\01_Data\Street_Images\chongqing\cq_streetview\cq_641257_106.487602_29.465140.jpg,22,0.2241926044225693,middle,重庆高层主干路/山地城市道路,Q486__cq_641257_106.487602_29.46514.jpg,D:\StreetView_Project\03_Output\clip_knn\questionnaire_sample_k25_500_added_200\08F_final500_freeze_run_20260728_145702\01_final_flat_500\Q486__cq_641257_106.487602_29.46514.jpg,CQ_3157846,True,True,matched_replaced,Q486__cq_641257_106.487602_29.465140.jpg,D:\StreetView_Project\03_Output\clip_knn\questionnaire_sample_k25_500_added_200\02_images_added_200_by_city_cluster\_08C_final_flat_added_200_after_manual_replacement_check_run_20260728_142934\Q486__cq_641257_106.487602_29.465140.jpg,3e36f6fbd6fe14ea449146eea6aac1bbad81af319011b164225897ef450facce,201509,cq_641257_106.487602_29.465140.jpg,D:\StreetView_Project\01_Data\Street_Images\chongqing\cq_streetview\cq_641257_106.487602_29.465140.jpg,D:\StreetView_Project\01_Data\Street_Images\chongqing\cq_streetview\cq_641257_106.487602_29.465140.jpg,0.2241926044225693,D:\StreetView_Project\03_Output\clip_knn\questionnaire_sample_k25_500_added_200\02_images_added_200_by_city_cluster\_08C_final_flat_added_200_after_manual_replacement_check_run_20260728_142934\Q486__cq_641257_106.487602_29.465140.jpg,3e36f6fbd6fe14ea449146eea6aac1bbad81af319011b164225897ef450facce,Q486__cq_641257_106.487602_29.46514.jpg,D:\StreetView_Project\03_Output\clip_knn\questionnaire_sample_k25_500_added_200\08D_spatial_visual_proximity_check_run_20260728_143220\01_preliminary_flat_500\Q486__cq_641257_106.487602_29.46514.jpg,Q486__cq_641257_106.487602_29.46514.jpg,D:\StreetView_Project\03_Output\clip_knn\questionnaire_sample_k25_500_added_200\08F_final500_freeze_run_20260728_145702\01_final_flat_500\Q486__cq_641257_106.487602_29.46514.jpg,frozen_08F,D:\StreetView_Project\03_Output\clip_knn\questionnaire_sample_k25_500_added_200\08D_spatial_visual_proximity_check_run_20260728_143220
Q487,added_200,CQ_721943,chongqing,106.56549,29.494576,202210,cq_721943_106.565490_29.494576.jpg,D:\StreetView_Project\01_Data\Street_Images\chongqing\cq_streetview\cq_721943_106.565490_29.494576.jpg,22,0.2014314085245132,center,重庆高层主干路/山地城市道路,Q487__cq_721943_106.56549_29.494576.jpg,D:\StreetView_Project\03_Output\clip_knn\questionnaire_sample_k25_500_added_200\08F_final500_freeze_run_20260728_145702\01_final_flat_500\Q487__cq_721943_106.56549_29.494576.jpg,CQ_721943,False,False,matched_not_replaced,Q487__cq_721943_106.565490_29.494576.jpg,D:\StreetView_Project\03_Output\clip_knn\questionnaire_sample_k25_500_added_200\02_images_added_200_by_city_cluster\_08C_final_flat_added_200_after_manual_replacement_check_run_20260728_142934\Q487__cq_721943_106.565490_29.494576.jpg,88abb7403127d850cee644e2d3fe87c3143346a125053d52ffc8ff1b18d0e1c3,202210,cq_721943_106.565490_29.494576.jpg,D:\StreetView_Project\01_Data\Street_Images\chongqing\cq_streetview\cq_721943_106.565490_29.494576.jpg,D:\StreetView_Project\01_Data\Street_Images\chongqing\cq_streetview\cq_721943_106.565490_29.494576.jpg,0.2014314085245132,D:\StreetView_Project\03_Output\clip_knn\questionnaire_sample_k25_500_added_200\02_images_added_200_by_city_cluster\_08C_final_flat_added_200_after_manual_replacement_check_run_20260728_142934\Q487__cq_721943_106.565490_29.494576.jpg,88abb7403127d850cee644e2d3fe87c3143346a125053d52ffc8ff1b18d0e1c3,Q487__cq_721943_106.56549_29.494576.jpg,D:\StreetView_Project\03_Output\clip_knn\questionnaire_sample_k25_500_added_200\08D_spatial_visual_proximity_check_run_20260728_143220\01_preliminary_flat_500\Q487__cq_721943_106.56549_29.494576.jpg,Q487__cq_721943_106.56549_29.494576.jpg,D:\StreetView_Project\03_Output\clip_knn\questionnaire_sample_k25_500_added_200\08F_final500_freeze_run_20260728_145702\01_final_flat_500\Q487__cq_721943_106.56549_29.494576.jpg,frozen_08F,D:\StreetView_Project\03_Output\clip_knn\questionnaire_sample_k25_500_added_200\08D_spatial_visual_proximity_check_run_20260728_143220
Q488,added_200,CQ_3162020,chongqing,106.494956,29.53989,202210,cq_3162020_106.494956_29.539890.jpg,D:\StreetView_Project\01_Data\Street_Images\chongqing\cq_streetview\cq_3162020_106.494956_29.539890.jpg,22,0.2047479450702667,center,重庆高层主干路/山地城市道路,Q488__cq_3162020_106.494956_29.53989.jpg,D:\StreetView_Project\03_Output\clip_knn\questionnaire_sample_k25_500_added_200\08F_final500_freeze_run_20260728_145702\01_final_flat_500\Q488__cq_3162020_106.494956_29.53989.jpg,CQ_3162020,False,False,matched_not_replaced,Q488__cq_3162020_106.494956_29.539890.jpg,D:\StreetView_Project\03_Output\clip_knn\questionnaire_sample_k25_500_added_200\02_images_added_200_by_city_cluster\_08C_final_flat_added_200_after_manual_replacement_check_run_20260728_142934\Q488__cq_3162020_106.494956_29.539890.jpg,b21b640e8698866948da0230b4d57c6db0e31bd593149596be3a59bcb26e13ad,202210,cq_3162020_106.494956_29.539890.jpg,D:\StreetView_Project\01_Data\Street_Images\chongqing\cq_streetview\cq_3162020_106.494956_29.539890.jpg,D:\StreetView_Project\01_Data\Street_Images\chongqing\cq_streetview\cq_3162020_106.494956_29.539890.jpg,0.2047479450702667,D:\StreetView_Project\03_Output\clip_knn\questionnaire_sample_k25_500_added_200\02_images_added_200_by_city_cluster\_08C_final_flat_added_200_after_manual_replacement_check_run_20260728_142934\Q488__cq_3162020_106.494956_29.539890.jpg,b21b640e8698866948da0230b4d57c6db0e31bd593149596be3a59bcb26e13ad,Q488__cq_3162020_106.494956_29.53989.jpg,D:\StreetView_Project\03_Output\clip_knn\questionnaire_sample_k25_500_added_200\08D_spatial_visual_proximity_check_run_20260728_143220\01_preliminary_flat_500\Q488__cq_3162020_106.494956_29.53989.jpg,Q488__cq_3162020_106.494956_29.53989.jpg,D:\StreetView_Project\03_Output\clip_knn\questionnaire_sample_k25_500_added_200\08F_final500_freeze_run_20260728_145702\01_final_flat_500\Q488__cq_3162020_106.494956_29.53989.jpg,frozen_08F,D:\StreetView_Project\03_Output\clip_knn\questionnaire_sample_k25_500_added_200\08D_spatial_visual_proximity_check_run_20260728_143220
Q489,added_200,CQ_2423376,chongqing,106.503149,29.523062,202210,cq_2423376_106.503149_29.523062.jpg,D:\StreetView_Project\01_Data\Street_Images\chongqing\cq_streetview\cq_2423376_106.503149_29.523062.jpg,22,0.2500489056110382,edge,重庆高层主干路/山地城市道路,Q489__cq_2423376_106.503149_29.523062.jpg,D:\StreetView_Project\03_Output\clip_knn\questionnaire_sample_k25_500_added_200\08F_final500_freeze_run_20260728_145702\01_final_flat_500\Q489__cq_2423376_106.503149_29.523062.jpg,CQ_701686,True,True,matched_replaced,Q489__cq_2423376_106.503149_29.523062.jpg,D:\StreetView_Project\03_Output\clip_knn\questionnaire_sample_k25_500_added_200\02_images_added_200_by_city_cluster\_08C_final_flat_added_200_after_manual_replacement_check_run_20260728_142934\Q489__cq_2423376_106.503149_29.523062.jpg,2dc094c790866b87f72ddad671e417ab363cbcfd7b21fafd5d567893581a6d0c,202210,cq_2423376_106.503149_29.523062.jpg,D:\StreetView_Project\01_Data\Street_Images\chongqing\cq_streetview\cq_2423376_106.503149_29.523062.jpg,D:\StreetView_Project\01_Data\Street_Images\chongqing\cq_streetview\cq_2423376_106.503149_29.523062.jpg,0.2500489056110382,D:\StreetView_Project\03_Output\clip_knn\questionnaire_sample_k25_500_added_200\02_images_added_200_by_city_cluster\_08C_final_flat_added_200_after_manual_replacement_check_run_20260728_142934\Q489__cq_2423376_106.503149_29.523062.jpg,2dc094c790866b87f72ddad671e417ab363cbcfd7b21fafd5d567893581a6d0c,Q489__cq_2423376_106.503149_29.523062.jpg,D:\StreetView_Project\03_Output\clip_knn\questionnaire_sample_k25_500_added_200\08D_spatial_visual_proximity_check_run_20260728_143220\01_preliminary_flat_500\Q489__cq_2423376_106.503149_29.523062.jpg,Q489__cq_2423376_106.503149_29.523062.jpg,D:\StreetView_Project\03_Output\clip_knn\questionnaire_sample_k25_500_added_200\08F_final500_freeze_run_20260728_145702\01_final_flat_500\Q489__cq_2423376_106.503149_29.523062.jpg,frozen_08F,D:\StreetView_Project\03_Output\clip_knn\questionnaire_sample_k25_500_added_200\08D_spatial_visual_proximity_check_run_20260728_143220
Q490,added_200,CQ_3425032,chongqing,106.560052,29.543771,202210,cq_3425032_106.560052_29.543771.jpg,D:\StreetView_Project\01_Data\Street_Images\chongqing\cq_streetview\cq_3425032_106.560052_29.543771.jpg,22,0.2534427344799042,edge,重庆高层主干路/山地城市道路,Q490__cq_3425032_106.560052_29.543771.jpg,D:\StreetView_Project\03_Output\clip_knn\questionnaire_sample_k25_500_added_200\08F_final500_freeze_run_20260728_145702\01_final_flat_500\Q490__cq_3425032_106.560052_29.543771.jpg,CQ_3425032,False,False,matched_not_replaced,Q490__cq_3425032_106.560052_29.543771.jpg,D:\StreetView_Project\03_Output\clip_knn\questionnaire_sample_k25_500_added_200\02_images_added_200_by_city_cluster\_08C_final_flat_added_200_after_manual_replacement_check_run_20260728_142934\Q490__cq_3425032_106.560052_29.543771.jpg,2dbb4e80b614bd8e7e84b755c5894175e8682ee67bdf9581036fae2af78ad948,202210,cq_3425032_106.560052_29.543771.jpg,D:\StreetView_Project\01_Data\Street_Images\chongqing\cq_streetview\cq_3425032_106.560052_29.543771.jpg,D:\StreetView_Project\01_Data\Street_Images\chongqing\cq_streetview\cq_3425032_106.560052_29.543771.jpg,0.2534427344799042,D:\StreetView_Project\03_Output\clip_knn\questionnaire_sample_k25_500_added_200\02_images_added_200_by_city_cluster\_08C_final_flat_added_200_after_manual_replacement_check_run_20260728_142934\Q490__cq_3425032_106.560052_29.543771.jpg,2dbb4e80b614bd8e7e84b755c5894175e8682ee67bdf9581036fae2af78ad948,Q490__cq_3425032_106.560052_29.543771.jpg,D:\StreetView_Project\03_Output\clip_knn\questionnaire_sample_k25_500_added_200\08D_spatial_visual_proximity_check_run_20260728_143220\01_preliminary_flat_500\Q490__cq_3425032_106.560052_29.543771.jpg,Q490__cq_3425032_106.560052_29.543771.jpg,D:\StreetView_Project\03_Output\clip_knn\questionnaire_sample_k25_500_added_200\08F_final500_freeze_run_20260728_145702\01_final_flat_500\Q490__cq_3425032_106.560052_29.543771.jpg,frozen_08F,D:\StreetView_Project\03_Output\clip_knn\questionnaire_sample_k25_500_added_200\08D_spatial_visual_proximity_check_run_20260728_143220
Q491,added_200,CQ_676820,chongqing,106.517638,29.603895,201907,cq_676820_106.517638_29.603895.jpg,D:\StreetView_Project\01_Data\Street_Images\chongqing\cq_streetview\cq_676820_106.517638_29.603895.jpg,23,0.2159324735403061,center,重庆高密居住道路/坡地街区,Q491__cq_676820_106.517638_29.603895.jpg,D:\StreetView_Project\03_Output\clip_knn\questionnaire_sample_k25_500_added_200\08F_final500_freeze_run_20260728_145702\01_final_flat_500\Q491__cq_676820_106.517638_29.603895.jpg,CQ_676820,False,False,matched_not_replaced,Q491__cq_676820_106.517638_29.603895.jpg,D:\StreetView_Project\03_Output\clip_knn\questionnaire_sample_k25_500_added_200\02_images_added_200_by_city_cluster\_08C_final_flat_added_200_after_manual_replacement_check_run_20260728_142934\Q491__cq_676820_106.517638_29.603895.jpg,37dcabcc4220713e3f1d687c20e9ad0cbad5d939a28251afa71f6fb7ab7d49ea,201907,cq_676820_106.517638_29.603895.jpg,D:\StreetView_Project\01_Data\Street_Images\chongqing\cq_streetview\cq_676820_106.517638_29.603895.jpg,D:\StreetView_Project\01_Data\Street_Images\chongqing\cq_streetview\cq_676820_106.517638_29.603895.jpg,0.2159324735403061,D:\StreetView_Project\03_Output\clip_knn\questionnaire_sample_k25_500_added_200\02_images_added_200_by_city_cluster\_08C_final_flat_added_200_after_manual_replacement_check_run_20260728_142934\Q491__cq_676820_106.517638_29.603895.jpg,37dcabcc4220713e3f1d687c20e9ad0cbad5d939a28251afa71f6fb7ab7d49ea,Q491__cq_676820_106.517638_29.603895.jpg,D:\StreetView_Project\03_Output\clip_knn\questionnaire_sample_k25_500_added_200\08D_spatial_visual_proximity_check_run_20260728_143220\01_preliminary_flat_500\Q491__cq_676820_106.517638_29.603895.jpg,Q491__cq_676820_106.517638_29.603895.jpg,D:\StreetView_Project\03_Output\clip_knn\questionnaire_sample_k25_500_added_200\08F_final500_freeze_run_20260728_145702\01_final_flat_500\Q491__cq_676820_106.517638_29.603895.jpg,frozen_08F,D:\StreetView_Project\03_Output\clip_knn\questionnaire_sample_k25_500_added_200\08D_spatial_visual_proximity_check_run_20260728_143220
Q492,added_200,CQ_672625,chongqing,106.502321,29.544111,201906,cq_672625_106.502321_29.544111.jpg,D:\StreetView_Project\01_Data\Street_Images\chongqing\cq_streetview\cq_672625_106.502321_29.544111.jpg,23,0.2165452837944031,center,重庆高密居住道路/坡地街区,Q492__cq_672625_106.502321_29.544111.jpg,D:\StreetView_Project\03_Output\clip_knn\questionnaire_sample_k25_500_added_200\08F_final500_freeze_run_20260728_145702\01_final_flat_500\Q492__cq_672625_106.502321_29.544111.jpg,CQ_672625,False,False,matched_not_replaced,Q492__cq_672625_106.502321_29.544111.jpg,D:\StreetView_Project\03_Output\clip_knn\questionnaire_sample_k25_500_added_200\02_images_added_200_by_city_cluster\_08C_final_flat_added_200_after_manual_replacement_check_run_20260728_142934\Q492__cq_672625_106.502321_29.544111.jpg,f4a12d2d8d70fdd79c87c4f65591af85b4bfe4bc93e4887549a62fb871ce6608,201906,cq_672625_106.502321_29.544111.jpg,D:\StreetView_Project\01_Data\Street_Images\chongqing\cq_streetview\cq_672625_106.502321_29.544111.jpg,D:\StreetView_Project\01_Data\Street_Images\chongqing\cq_streetview\cq_672625_106.502321_29.544111.jpg,0.2165452837944031,D:\StreetView_Project\03_Output\clip_knn\questionnaire_sample_k25_500_added_200\02_images_added_200_by_city_cluster\_08C_final_flat_added_200_after_manual_replacement_check_run_20260728_142934\Q492__cq_672625_106.502321_29.544111.jpg,f4a12d2d8d70fdd79c87c4f65591af85b4bfe4bc93e4887549a62fb871ce6608,Q492__cq_672625_106.502321_29.544111.jpg,D:\StreetView_Project\03_Output\clip_knn\questionnaire_sample_k25_500_added_200\08D_spatial_visual_proximity_check_run_20260728_143220\01_preliminary_flat_500\Q492__cq_672625_106.502321_29.544111.jpg,Q492__cq_672625_106.502321_29.544111.jpg,D:\StreetView_Project\03_Output\clip_knn\questionnaire_sample_k25_500_added_200\08F_final500_freeze_run_20260728_145702\01_final_flat_500\Q492__cq_672625_106.502321_29.544111.jpg,frozen_08F,D:\StreetView_Project\03_Output\clip_knn\questionnaire_sample_k25_500_added_200\08D_spatial_visual_proximity_check_run_20260728_143220
Q493,added_200,CQ_672708,chongqing,106.513721,29.538502,201610,cq_672708_106.513721_29.538502.jpg,D:\StreetView_Project\01_Data\Street_Images\chongqing\cq_streetview\cq_672708_106.513721_29.538502.jpg,23,0.2427123636007309,middle,重庆高密居住道路/坡地街区,Q493__cq_672708_106.513721_29.538502.jpg,D:\StreetView_Project\03_Output\clip_knn\questionnaire_sample_k25_500_added_200\08F_final500_freeze_run_20260728_145702\01_final_flat_500\Q493__cq_672708_106.513721_29.538502.jpg,CQ_672708,False,False,matched_not_replaced,Q493__cq_672708_106.513721_29.538502.jpg,D:\StreetView_Project\03_Output\clip_knn\questionnaire_sample_k25_500_added_200\02_images_added_200_by_city_cluster\_08C_final_flat_added_200_after_manual_replacement_check_run_20260728_142934\Q493__cq_672708_106.513721_29.538502.jpg,90a37f61642fb2018e8a31e8342a919eac496c529d97884bb286c3e3db932b66,201610,cq_672708_106.513721_29.538502.jpg,D:\StreetView_Project\01_Data\Street_Images\chongqing\cq_streetview\cq_672708_106.513721_29.538502.jpg,D:\StreetView_Project\01_Data\Street_Images\chongqing\cq_streetview\cq_672708_106.513721_29.538502.jpg,0.2427123636007309,D:\StreetView_Project\03_Output\clip_knn\questionnaire_sample_k25_500_added_200\02_images_added_200_by_city_cluster\_08C_final_flat_added_200_after_manual_replacement_check_run_20260728_142934\Q493__cq_672708_106.513721_29.538502.jpg,90a37f61642fb2018e8a31e8342a919eac496c529d97884bb286c3e3db932b66,Q493__cq_672708_106.513721_29.538502.jpg,D:\StreetView_Project\03_Output\clip_knn\questionnaire_sample_k25_500_added_200\08D_spatial_visual_proximity_check_run_20260728_143220\01_preliminary_flat_500\Q493__cq_672708_106.513721_29.538502.jpg,Q493__cq_672708_106.513721_29.538502.jpg,D:\StreetView_Project\03_Output\clip_knn\questionnaire_sample_k25_500_added_200\08F_final500_freeze_run_20260728_145702\01_final_flat_500\Q493__cq_672708_106.513721_29.538502.jpg,frozen_08F,D:\StreetView_Project\03_Output\clip_knn\questionnaire_sample_k25_500_added_200\08D_spatial_visual_proximity_check_run_20260728_143220
Q494,added_200,CQ_2434519,chongqing,106.591036,29.594015,201907,cq_2434519_106.591036_29.594015.jpg,D:\StreetView_Project\01_Data\Street_Images\chongqing\cq_streetview\cq_2434519_106.591036_29.594015.jpg,23,0.2090722322463989,center,重庆高密居住道路/坡地街区,Q494__cq_2434519_106.591036_29.594015.jpg,D:\StreetView_Project\03_Output\clip_knn\questionnaire_sample_k25_500_added_200\08F_final500_freeze_run_20260728_145702\01_final_flat_500\Q494__cq_2434519_106.591036_29.594015.jpg,CQ_3158598,True,True,matched_replaced,Q494__cq_2434519_106.591036_29.594015.jpg,D:\StreetView_Project\03_Output\clip_knn\questionnaire_sample_k25_500_added_200\02_images_added_200_by_city_cluster\_08C_final_flat_added_200_after_manual_replacement_check_run_20260728_142934\Q494__cq_2434519_106.591036_29.594015.jpg,6036a2cbdab27dae6decfdece4d626ce5241ad7f7357eee46a02aceff3f816c1,201907,cq_2434519_106.591036_29.594015.jpg,D:\StreetView_Project\01_Data\Street_Images\chongqing\cq_streetview\cq_2434519_106.591036_29.594015.jpg,D:\StreetView_Project\01_Data\Street_Images\chongqing\cq_streetview\cq_2434519_106.591036_29.594015.jpg,0.2090722322463989,D:\StreetView_Project\03_Output\clip_knn\questionnaire_sample_k25_500_added_200\02_images_added_200_by_city_cluster\_08C_final_flat_added_200_after_manual_replacement_check_run_20260728_142934\Q494__cq_2434519_106.591036_29.594015.jpg,6036a2cbdab27dae6decfdece4d626ce5241ad7f7357eee46a02aceff3f816c1,Q494__cq_2434519_106.591036_29.594015.jpg,D:\StreetView_Project\03_Output\clip_knn\questionnaire_sample_k25_500_added_200\08D_spatial_visual_proximity_check_run_20260728_143220\01_preliminary_flat_500\Q494__cq_2434519_106.591036_29.594015.jpg,Q494__cq_2434519_106.591036_29.594015.jpg,D:\StreetView_Project\03_Output\clip_knn\questionnaire_sample_k25_500_added_200\08F_final500_freeze_run_20260728_145702\01_final_flat_500\Q494__cq_2434519_106.591036_29.594015.jpg,frozen_08F,D:\StreetView_Project\03_Output\clip_knn\questionnaire_sample_k25_500_added_200\08D_spatial_visual_proximity_check_run_20260728_143220
Q495,added_200,CQ_681349,chongqing,106.521299,29.600925,201907,cq_681349_106.521299_29.600925.jpg,D:\StreetView_Project\01_Data\Street_Images\chongqing\cq_streetview\cq_681349_106.521299_29.600925.jpg,23,0.2209096997976303,center,重庆高密居住道路/坡地街区,Q495__cq_681349_106.521299_29.600925.jpg,D:\StreetView_Project\03_Output\clip_knn\questionnaire_sample_k25_500_added_200\08F_final500_freeze_run_20260728_145702\01_final_flat_500\Q495__cq_681349_106.521299_29.600925.jpg,CQ_681579,True,True,matched_replaced,Q495__cq_681349_106.521299_29.600925.jpg,D:\StreetView_Project\03_Output\clip_knn\questionnaire_sample_k25_500_added_200\02_images_added_200_by_city_cluster\_08C_final_flat_added_200_after_manual_replacement_check_run_20260728_142934\Q495__cq_681349_106.521299_29.600925.jpg,9907c368bee9cce0597fad08743d3254796728ce1c840b531e8b3f761585310e,201907,cq_681349_106.521299_29.600925.jpg,D:\StreetView_Project\01_Data\Street_Images\chongqing\cq_streetview\cq_681349_106.521299_29.600925.jpg,D:\StreetView_Project\01_Data\Street_Images\chongqing\cq_streetview\cq_681349_106.521299_29.600925.jpg,0.2209096997976303,D:\StreetView_Project\03_Output\clip_knn\questionnaire_sample_k25_500_added_200\02_images_added_200_by_city_cluster\_08C_final_flat_added_200_after_manual_replacement_check_run_20260728_142934\Q495__cq_681349_106.521299_29.600925.jpg,9907c368bee9cce0597fad08743d3254796728ce1c840b531e8b3f761585310e,Q495__cq_681349_106.521299_29.600925.jpg,D:\StreetView_Project\03_Output\clip_knn\questionnaire_sample_k25_500_added_200\08D_spatial_visual_proximity_check_run_20260728_143220\01_preliminary_flat_500\Q495__cq_681349_106.521299_29.600925.jpg,Q495__cq_681349_106.521299_29.600925.jpg,D:\StreetView_Project\03_Output\clip_knn\questionnaire_sample_k25_500_added_200\08F_final500_freeze_run_20260728_145702\01_final_flat_500\Q495__cq_681349_106.521299_29.600925.jpg,frozen_08F,D:\StreetView_Project\03_Output\clip_knn\questionnaire_sample_k25_500_added_200\08D_spatial_visual_proximity_check_run_20260728_143220
Q496,added_200,CQ_663846,chongqing,106.498615,29.528572,201907,cq_663846_106.498615_29.528572.jpg,D:\StreetView_Project\01_Data\Street_Images\chongqing\cq_streetview\cq_663846_106.498615_29.528572.jpg,23,0.2907475531101227,edge,重庆高密居住道路/坡地街区,Q496__cq_663846_106.498615_29.528572.jpg,D:\StreetView_Project\03_Output\clip_knn\questionnaire_sample_k25_500_added_200\08F_final500_freeze_run_20260728_145702\01_final_flat_500\Q496__cq_663846_106.498615_29.528572.jpg,CQ_663846,False,False,matched_not_replaced,Q496__cq_663846_106.498615_29.528572.jpg,D:\StreetView_Project\03_Output\clip_knn\questionnaire_sample_k25_500_added_200\02_images_added_200_by_city_cluster\_08C_final_flat_added_200_after_manual_replacement_check_run_20260728_142934\Q496__cq_663846_106.498615_29.528572.jpg,63a152ae7112988ea2f263b11ee4e1fe1f20954a95aed41e825fd7a9ed4a1eb6,201907,cq_663846_106.498615_29.528572.jpg,D:\StreetView_Project\01_Data\Street_Images\chongqing\cq_streetview\cq_663846_106.498615_29.528572.jpg,D:\StreetView_Project\01_Data\Street_Images\chongqing\cq_streetview\cq_663846_106.498615_29.528572.jpg,0.2907475531101227,D:\StreetView_Project\03_Output\clip_knn\questionnaire_sample_k25_500_added_200\02_images_added_200_by_city_cluster\_08C_final_flat_added_200_after_manual_replacement_check_run_20260728_142934\Q496__cq_663846_106.498615_29.528572.jpg,63a152ae7112988ea2f263b11ee4e1fe1f20954a95aed41e825fd7a9ed4a1eb6,Q496__cq_663846_106.498615_29.528572.jpg,D:\StreetView_Project\03_Output\clip_knn\questionnaire_sample_k25_500_added_200\08D_spatial_visual_proximity_check_run_20260728_143220\01_preliminary_flat_500\Q496__cq_663846_106.498615_29.528572.jpg,Q496__cq_663846_106.498615_29.528572.jpg,D:\StreetView_Project\03_Output\clip_knn\questionnaire_sample_k25_500_added_200\08F_final500_freeze_run_20260728_145702\01_final_flat_500\Q496__cq_663846_106.498615_29.528572.jpg,frozen_08F,D:\StreetView_Project\03_Output\clip_knn\questionnaire_sample_k25_500_added_200\08D_spatial_visual_proximity_check_run_20260728_143220
Q497,added_200,CQ_618703,chongqing,106.465984,29.491816,201907,cq_618703_106.465984_29.491816.jpg,D:\StreetView_Project\01_Data\Street_Images\chongqing\cq_streetview\cq_618703_106.465984_29.491816.jpg,24,0.2547149360179901,middle,开敞公园化/滨水式道路,Q497__cq_618703_106.465984_29.491816.jpg,D:\StreetView_Project\03_Output\clip_knn\questionnaire_sample_k25_500_added_200\08F_final500_freeze_run_20260728_145702\01_final_flat_500\Q497__cq_618703_106.465984_29.491816.jpg,CQ_704665,True,True,matched_replaced,Q497__cq_618703_106.465984_29.491816.jpg,D:\StreetView_Project\03_Output\clip_knn\questionnaire_sample_k25_500_added_200\02_images_added_200_by_city_cluster\_08C_final_flat_added_200_after_manual_replacement_check_run_20260728_142934\Q497__cq_618703_106.465984_29.491816.jpg,b801330a2299c386e4aab460b8c0c57348610334621f110ef2ec71782c59d89d,201907,cq_618703_106.465984_29.491816.jpg,D:\StreetView_Project\01_Data\Street_Images\chongqing\cq_streetview\cq_618703_106.465984_29.491816.jpg,D:\StreetView_Project\01_Data\Street_Images\chongqing\cq_streetview\cq_618703_106.465984_29.491816.jpg,0.2547149360179901,D:\StreetView_Project\03_Output\clip_knn\questionnaire_sample_k25_500_added_200\02_images_added_200_by_city_cluster\_08C_final_flat_added_200_after_manual_replacement_check_run_20260728_142934\Q497__cq_618703_106.465984_29.491816.jpg,b801330a2299c386e4aab460b8c0c57348610334621f110ef2ec71782c59d89d,Q497__cq_618703_106.465984_29.491816.jpg,D:\StreetView_Project\03_Output\clip_knn\questionnaire_sample_k25_500_added_200\08D_spatial_visual_proximity_check_run_20260728_143220\01_preliminary_flat_500\Q497__cq_618703_106.465984_29.491816.jpg,Q497__cq_618703_106.465984_29.491816.jpg,D:\StreetView_Project\03_Output\clip_knn\questionnaire_sample_k25_500_added_200\08F_final500_freeze_run_20260728_145702\01_final_flat_500\Q497__cq_618703_106.465984_29.491816.jpg,frozen_08F,D:\StreetView_Project\03_Output\clip_knn\questionnaire_sample_k25_500_added_200\08D_spatial_visual_proximity_check_run_20260728_143220
Q498,added_200,CQ_640807,chongqing,106.478962,29.516474,201906,cq_640807_106.478962_29.516474.jpg,D:\StreetView_Project\01_Data\Street_Images\chongqing\cq_streetview\cq_640807_106.478962_29.516474.jpg,24,0.2195201516151428,center,开敞公园化/滨水式道路,Q498__cq_640807_106.478962_29.516474.jpg,D:\StreetView_Project\03_Output\clip_knn\questionnaire_sample_k25_500_added_200\08F_final500_freeze_run_20260728_145702\01_final_flat_500\Q498__cq_640807_106.478962_29.516474.jpg,CQ_640807,False,False,matched_not_replaced,Q498__cq_640807_106.478962_29.516474.jpg,D:\StreetView_Project\03_Output\clip_knn\questionnaire_sample_k25_500_added_200\02_images_added_200_by_city_cluster\_08C_final_flat_added_200_after_manual_replacement_check_run_20260728_142934\Q498__cq_640807_106.478962_29.516474.jpg,1eb924d19d04a4b6b8f774837a0f8656786eddbe66536b0cb604016988471e6e,201906,cq_640807_106.478962_29.516474.jpg,D:\StreetView_Project\01_Data\Street_Images\chongqing\cq_streetview\cq_640807_106.478962_29.516474.jpg,D:\StreetView_Project\01_Data\Street_Images\chongqing\cq_streetview\cq_640807_106.478962_29.516474.jpg,0.2195201516151428,D:\StreetView_Project\03_Output\clip_knn\questionnaire_sample_k25_500_added_200\02_images_added_200_by_city_cluster\_08C_final_flat_added_200_after_manual_replacement_check_run_20260728_142934\Q498__cq_640807_106.478962_29.516474.jpg,1eb924d19d04a4b6b8f774837a0f8656786eddbe66536b0cb604016988471e6e,Q498__cq_640807_106.478962_29.516474.jpg,D:\StreetView_Project\03_Output\clip_knn\questionnaire_sample_k25_500_added_200\08D_spatial_visual_proximity_check_run_20260728_143220\01_preliminary_flat_500\Q498__cq_640807_106.478962_29.516474.jpg,Q498__cq_640807_106.478962_29.516474.jpg,D:\StreetView_Project\03_Output\clip_knn\questionnaire_sample_k25_500_added_200\08F_final500_freeze_run_20260728_145702\01_final_flat_500\Q498__cq_640807_106.478962_29.516474.jpg,frozen_08F,D:\StreetView_Project\03_Output\clip_knn\questionnaire_sample_k25_500_added_200\08D_spatial_visual_proximity_check_run_20260728_143220
Q499,added_200,CQ_3420907,chongqing,106.530447,29.612347,201907,cq_3420907_106.530447_29.612347.jpg,D:\StreetView_Project\01_Data\Street_Images\chongqing\cq_streetview\cq_3420907_106.530447_29.612347.jpg,24,0.2696634829044342,middle,开敞公园化/滨水式道路,Q499__cq_3420907_106.530447_29.612347.jpg,D:\StreetView_Project\03_Output\clip_knn\questionnaire_sample_k25_500_added_200\08F_final500_freeze_run_20260728_145702\01_final_flat_500\Q499__cq_3420907_106.530447_29.612347.jpg,CQ_3420907,False,False,matched_not_replaced,Q499__cq_3420907_106.530447_29.612347.jpg,D:\StreetView_Project\03_Output\clip_knn\questionnaire_sample_k25_500_added_200\02_images_added_200_by_city_cluster\_08C_final_flat_added_200_after_manual_replacement_check_run_20260728_142934\Q499__cq_3420907_106.530447_29.612347.jpg,99c6f1c20fa572fe31b6f996de4573ad13f5780cd0b208db9ea21b47025fb228,201907,cq_3420907_106.530447_29.612347.jpg,D:\StreetView_Project\01_Data\Street_Images\chongqing\cq_streetview\cq_3420907_106.530447_29.612347.jpg,D:\StreetView_Project\01_Data\Street_Images\chongqing\cq_streetview\cq_3420907_106.530447_29.612347.jpg,0.2696634829044342,D:\StreetView_Project\03_Output\clip_knn\questionnaire_sample_k25_500_added_200\02_images_added_200_by_city_cluster\_08C_final_flat_added_200_after_manual_replacement_check_run_20260728_142934\Q499__cq_3420907_106.530447_29.612347.jpg,99c6f1c20fa572fe31b6f996de4573ad13f5780cd0b208db9ea21b47025fb228,Q499__cq_3420907_106.530447_29.612347.jpg,D:\StreetView_Project\03_Output\clip_knn\questionnaire_sample_k25_500_added_200\08D_spatial_visual_proximity_check_run_20260728_143220\01_preliminary_flat_500\Q499__cq_3420907_106.530447_29.612347.jpg,Q499__cq_3420907_106.530447_29.612347.jpg,D:\StreetView_Project\03_Output\clip_knn\questionnaire_sample_k25_500_added_200\08F_final500_freeze_run_20260728_145702\01_final_flat_500\Q499__cq_3420907_106.530447_29.612347.jpg,frozen_08F,D:\StreetView_Project\03_Output\clip_knn\questionnaire_sample_k25_500_added_200\08D_spatial_visual_proximity_check_run_20260728_143220
Q500,added_200,CQ_3205369,chongqing,106.565834,29.594722,201906,cq_3205369_106.565834_29.594722.jpg,D:\StreetView_Project\01_Data\Street_Images\chongqing\cq_streetview\cq_3205369_106.565834_29.594722.jpg,24,0.2836648225784302,edge,开敞公园化/滨水式道路,Q500__cq_3205369_106.565834_29.594722.jpg,D:\StreetView_Project\03_Output\clip_knn\questionnaire_sample_k25_500_added_200\08F_final500_freeze_run_20260728_145702\01_final_flat_500\Q500__cq_3205369_106.565834_29.594722.jpg,CQ_3205369,False,False,matched_not_replaced,Q500__cq_3205369_106.565834_29.594722.jpg,D:\StreetView_Project\03_Output\clip_knn\questionnaire_sample_k25_500_added_200\02_images_added_200_by_city_cluster\_08C_final_flat_added_200_after_manual_replacement_check_run_20260728_142934\Q500__cq_3205369_106.565834_29.594722.jpg,b496f29a598a0e1199dd486733ecc334d6e589d5eb56c1856a9f80ab5d8aef6c,201906,cq_3205369_106.565834_29.594722.jpg,D:\StreetView_Project\01_Data\Street_Images\chongqing\cq_streetview\cq_3205369_106.565834_29.594722.jpg,D:\StreetView_Project\01_Data\Street_Images\chongqing\cq_streetview\cq_3205369_106.565834_29.594722.jpg,0.2836648225784302,D:\StreetView_Project\03_Output\clip_knn\questionnaire_sample_k25_500_added_200\02_images_added_200_by_city_cluster\_08C_final_flat_added_200_after_manual_replacement_check_run_20260728_142934\Q500__cq_3205369_106.565834_29.594722.jpg,b496f29a598a0e1199dd486733ecc334d6e589d5eb56c1856a9f80ab5d8aef6c,Q500__cq_3205369_106.565834_29.594722.jpg,D:\StreetView_Project\03_Output\clip_knn\questionnaire_sample_k25_500_added_200\08D_spatial_visual_proximity_check_run_20260728_143220\01_preliminary_flat_500\Q500__cq_3205369_106.565834_29.594722.jpg,Q500__cq_3205369_106.565834_29.594722.jpg,D:\StreetView_Project\03_Output\clip_knn\questionnaire_sample_k25_500_added_200\08F_final500_freeze_run_20260728_145702\01_final_flat_500\Q500__cq_3205369_106.565834_29.594722.jpg,frozen_08F,D:\StreetView_Project\03_Output\clip_knn\questionnaire_sample_k25_500_added_200\08D_spatial_visual_proximity_check_run_20260728_143220
